date,home,away,winner,loser,winner_pts,loser_pts,end_type
2014-10-01,Buffalo Sabres,Washington Capitals,Buffalo Sabres,Washington Capitals,5,1,REG
2014-10-01,Columbus Blue Jackets,Carolina Hurricanes,Columbus Blue Jackets,Carolina Hurricanes,6,3,REG
2014-10-01,Detroit Red Wings,Pittsburgh Penguins,Pittsburgh Penguins,Detroit Red Wings,2,0,REG
2014-10-02,Chicago Blackhawks,Montreal Canadiens,Montreal Canadiens,Chicago Blackhawks,3,1,REG
2014-10-02,Edmonton Oilers,Arizona Coyotes,Edmonton Oilers,Arizona Coyotes,3,2,REG
2014-10-02,Washington Capitals,Philadelphia Flyers,Washington Capitals,Philadelphia Flyers,3,2,SO
2014-10-02,New Jersey Devils,New York Islanders,New Jersey Devils,New York Islanders,2,1,SO
2014-10-02,Florida Panthers,Tampa Bay Lightning,Tampa Bay Lightning,Florida Panthers,3,0,REG
2014-10-03,St. Louis Blues,Minnesota Wild,St. Louis Blues,Minnesota Wild,4,1,REG
2014-10-03,Colorado Avalanche,Los Angeles Kings,Los Angeles Kings,Colorado Avalanche,2,1,SO
2014-10-03,Calgary Flames,Winnipeg Jets,Calgary Flames,Winnipeg Jets,4,2,REG
2014-10-03,Edmonton Oilers,Vancouver Canucks,Vancouver Canucks,Edmonton Oilers,2,1,REG
2014-10-03,Carolina Hurricanes,Buffalo Sabres,Carolina Hurricanes,Buffalo Sabres,5,1,REG
2014-10-03,New York Rangers,Chicago Blackhawks,New York Rangers,Chicago Blackhawks,3,2,SO
2014-10-03,New York Islanders,Boston Bruins,Boston Bruins,New York Islanders,5,1,REG
2014-10-03,Ottawa Senators,Montreal Canadiens,Ottawa Senators,Montreal Canadiens,4,3,OT
2014-10-03,Toronto Maple Leafs,Detroit Red Wings,Toronto Maple Leafs,Detroit Red Wings,5,1,REG
2014-10-04,Arizona Coyotes,San Jose Sharks,San Jose Sharks,Arizona Coyotes,3,1,REG
2014-10-04,Boston Bruins,Detroit Red Wings,Detroit Red Wings,Boston Bruins,4,3,SO
2014-10-04,Tampa Bay Lightning,Florida Panthers,Tampa Bay Lightning,Florida Panthers,4,1,REG
2014-10-04,Columbus Blue Jackets,Nashville Predators,Columbus Blue Jackets,Nashville Predators,3,2,REG
2014-10-04,New Jersey Devils,New York Rangers,New Jersey Devils,New York Rangers,3,0,REG
2014-10-04,Montreal Canadiens,Ottawa Senators,Ottawa Senators,Montreal Canadiens,4,2,REG
2014-10-05,Winnipeg Jets,Calgary Flames,Winnipeg Jets,Calgary Flames,4,1,REG
2014-10-05,Minnesota Wild,St. Louis Blues,Minnesota Wild,St. Louis Blues,5,4,OT
2014-10-05,Los Angeles Kings,Colorado Avalanche,Colorado Avalanche,Los Angeles Kings,3,2,SO
2014-10-05,Anaheim Ducks,San Jose Sharks,Anaheim Ducks,San Jose Sharks,2,1,OT
2014-10-05,Vancouver Canucks,Edmonton Oilers,Vancouver Canucks,Edmonton Oilers,3,2,REG
2014-10-05,Washington Capitals,Carolina Hurricanes,Washington Capitals,Carolina Hurricanes,5,2,REG
2014-10-08,Toronto Maple Leafs,Montreal Canadiens,Montreal Canadiens,Toronto Maple Leafs,4,3,REG
2014-10-08,Boston Bruins,Philadelphia Flyers,Boston Bruins,Philadelphia Flyers,2,1,REG
2014-10-09,Calgary Flames,Vancouver Canucks,Vancouver Canucks,Calgary Flames,4,2,REG
2014-10-09,Los Angeles Kings,San Jose Sharks,San Jose Sharks,Los Angeles Kings,4,0,REG
2014-10-09,Buffalo Sabres,Columbus Blue Jackets,Columbus Blue Jackets,Buffalo Sabres,3,1,REG
2014-10-09,Washington Capitals,Montreal Canadiens,Montreal Canadiens,Washington Capitals,2,1,SO
2014-10-09,Philadelphia Flyers,New Jersey Devils,New Jersey Devils,Philadelphia Flyers,6,4,REG
2014-10-09,Pittsburgh Penguins,Anaheim Ducks,Pittsburgh Penguins,Anaheim Ducks,6,4,REG
2014-10-09,Detroit Red Wings,Boston Bruins,Detroit Red Wings,Boston Bruins,2,1,REG
2014-10-09,Tampa Bay Lightning,Florida Panthers,Tampa Bay Lightning,Florida Panthers,3,2,OT
2014-10-10,Nashville Predators,Ottawa Senators,Nashville Predators,Ottawa Senators,3,2,REG
2014-10-10,St. Louis Blues,New York Rangers,New York Rangers,St. Louis Blues,3,2,REG
2014-10-10,Dallas Stars,Chicago Blackhawks,Chicago Blackhawks,Dallas Stars,3,2,SO
2014-10-10,Minnesota Wild,Colorado Avalanche,Minnesota Wild,Colorado Avalanche,4,0,REG
2014-10-10,Edmonton Oilers,Calgary Flames,Calgary Flames,Edmonton Oilers,5,2,REG
2014-10-10,Arizona Coyotes,Winnipeg Jets,Winnipeg Jets,Arizona Coyotes,6,2,REG
2014-10-10,Carolina Hurricanes,New York Islanders,New York Islanders,Carolina Hurricanes,5,3,REG
2014-10-11,Detroit Red Wings,Anaheim Ducks,Anaheim Ducks,Detroit Red Wings,3,2,REG
2014-10-11,Boston Bruins,Washington Capitals,Washington Capitals,Boston Bruins,4,0,REG
2014-10-11,Toronto Maple Leafs,Pittsburgh Penguins,Pittsburgh Penguins,Toronto Maple Leafs,5,2,REG
2014-10-11,Philadelphia Flyers,Montreal Canadiens,Montreal Canadiens,Philadelphia Flyers,4,3,SO
2014-10-11,Tampa Bay Lightning,Ottawa Senators,Ottawa Senators,Tampa Bay Lightning,3,2,SO
2014-10-11,Florida Panthers,New Jersey Devils,New Jersey Devils,Florida Panthers,5,1,REG
2014-10-11,New York Islanders,Carolina Hurricanes,New York Islanders,Carolina Hurricanes,4,3,REG
2014-10-11,Columbus Blue Jackets,New York Rangers,Columbus Blue Jackets,New York Rangers,5,2,REG
2014-10-11,St. Louis Blues,Calgary Flames,St. Louis Blues,Calgary Flames,4,1,REG
2014-10-12,Nashville Predators,Dallas Stars,Nashville Predators,Dallas Stars,4,1,REG
2014-10-12,Chicago Blackhawks,Buffalo Sabres,Chicago Blackhawks,Buffalo Sabres,6,2,REG
2014-10-12,Colorado Avalanche,Minnesota Wild,Minnesota Wild,Colorado Avalanche,3,0,REG
2014-10-12,Arizona Coyotes,Los Angeles Kings,Arizona Coyotes,Los Angeles Kings,3,2,OT
2014-10-12,San Jose Sharks,Winnipeg Jets,San Jose Sharks,Winnipeg Jets,3,0,REG
2014-10-12,Vancouver Canucks,Edmonton Oilers,Vancouver Canucks,Edmonton Oilers,5,4,SO
2014-10-12,New York Rangers,Toronto Maple Leafs,Toronto Maple Leafs,New York Rangers,6,3,REG
2014-10-13,Los Angeles Kings,Winnipeg Jets,Los Angeles Kings,Winnipeg Jets,4,1,REG
2014-10-13,Boston Bruins,Colorado Avalanche,Colorado Avalanche,Boston Bruins,2,1,REG
2014-10-13,Buffalo Sabres,Anaheim Ducks,Anaheim Ducks,Buffalo Sabres,5,1,REG
2014-10-13,Tampa Bay Lightning,Montreal Canadiens,Tampa Bay Lightning,Montreal Canadiens,5,1,REG
2014-10-14,New York Rangers,New York Islanders,New York Islanders,New York Rangers,6,3,REG
2014-10-14,Philadelphia Flyers,Anaheim Ducks,Anaheim Ducks,Philadelphia Flyers,4,3,SO
2014-10-14,Washington Capitals,San Jose Sharks,San Jose Sharks,Washington Capitals,6,5,SO
2014-10-14,Columbus Blue Jackets,Dallas Stars,Dallas Stars,Columbus Blue Jackets,4,2,REG
2014-10-14,Carolina Hurricanes,Buffalo Sabres,Buffalo Sabres,Carolina Hurricanes,4,3,SO
2014-10-14,Toronto Maple Leafs,Colorado Avalanche,Toronto Maple Leafs,Colorado Avalanche,3,2,OT
2014-10-14,Tampa Bay Lightning,New Jersey Devils,New Jersey Devils,Tampa Bay Lightning,2,1,REG
2014-10-15,Nashville Predators,Calgary Flames,Calgary Flames,Nashville Predators,3,2,SO
2014-10-15,Los Angeles Kings,Edmonton Oilers,Los Angeles Kings,Edmonton Oilers,5,1,REG
2014-10-15,Detroit Red Wings,Boston Bruins,Boston Bruins,Detroit Red Wings,3,2,SO
2014-10-15,Chicago Blackhawks,Calgary Flames,Calgary Flames,Chicago Blackhawks,2,1,OT
2014-10-15,Arizona Coyotes,Edmonton Oilers,Arizona Coyotes,Edmonton Oilers,7,4,REG
2014-10-16,New York Rangers,Carolina Hurricanes,New York Rangers,Carolina Hurricanes,2,1,SO
2014-10-16,Montreal Canadiens,Boston Bruins,Montreal Canadiens,Boston Bruins,6,4,REG
2014-10-16,Ottawa Senators,Colorado Avalanche,Ottawa Senators,Colorado Avalanche,5,3,REG
2014-10-16,Washington Capitals,New Jersey Devils,Washington Capitals,New Jersey Devils,6,2,REG
2014-10-16,New York Islanders,San Jose Sharks,New York Islanders,San Jose Sharks,4,3,SO
2014-10-16,Pittsburgh Penguins,Dallas Stars,Dallas Stars,Pittsburgh Penguins,3,2,REG
2014-10-17,Columbus Blue Jackets,Calgary Flames,Columbus Blue Jackets,Calgary Flames,3,2,REG
2014-10-17,Toronto Maple Leafs,Detroit Red Wings,Detroit Red Wings,Toronto Maple Leafs,4,1,REG
2014-10-18,Winnipeg Jets,Nashville Predators,Nashville Predators,Winnipeg Jets,2,0,REG
2014-10-18,Edmonton Oilers,Vancouver Canucks,Vancouver Canucks,Edmonton Oilers,2,0,REG
2014-10-18,Anaheim Ducks,Minnesota Wild,Anaheim Ducks,Minnesota Wild,2,1,REG
2014-10-18,Buffalo Sabres,Boston Bruins,Boston Bruins,Buffalo Sabres,4,0,REG
2014-10-18,Montreal Canadiens,Colorado Avalanche,Montreal Canadiens,Colorado Avalanche,3,2,REG
2014-10-18,Ottawa Senators,Columbus Blue Jackets,Ottawa Senators,Columbus Blue Jackets,3,2,REG
2014-10-18,Washington Capitals,Florida Panthers,Washington Capitals,Florida Panthers,2,1,SO
2014-10-18,New Jersey Devils,San Jose Sharks,San Jose Sharks,New Jersey Devils,4,2,REG
2014-10-18,Pittsburgh Penguins,New York Islanders,Pittsburgh Penguins,New York Islanders,3,1,REG
2014-10-19,Dallas Stars,Philadelphia Flyers,Philadelphia Flyers,Dallas Stars,6,5,OT
2014-10-19,Chicago Blackhawks,Nashville Predators,Chicago Blackhawks,Nashville Predators,2,1,OT
2014-10-19,Arizona Coyotes,St. Louis Blues,St. Louis Blues,Arizona Coyotes,5,1,REG
2014-10-19,Vancouver Canucks,Tampa Bay Lightning,Tampa Bay Lightning,Vancouver Canucks,4,2,REG
2014-10-19,Los Angeles Kings,Minnesota Wild,Los Angeles Kings,Minnesota Wild,2,1,REG
2014-10-19,New York Rangers,San Jose Sharks,New York Rangers,San Jose Sharks,4,0,REG
2014-10-19,Winnipeg Jets,Calgary Flames,Calgary Flames,Winnipeg Jets,4,1,REG
2014-10-20,Anaheim Ducks,St. Louis Blues,Anaheim Ducks,St. Louis Blues,3,0,REG
2014-10-21,Edmonton Oilers,Tampa Bay Lightning,Edmonton Oilers,Tampa Bay Lightning,3,2,REG
2014-10-21,Boston Bruins,San Jose Sharks,Boston Bruins,San Jose Sharks,5,3,REG
2014-10-21,New York Islanders,Toronto Maple Leafs,Toronto Maple Leafs,New York Islanders,5,2,REG
2014-10-21,New Jersey Devils,New York Rangers,New York Rangers,New Jersey Devils,4,3,OT
2014-10-21,Montreal Canadiens,Detroit Red Wings,Montreal Canadiens,Detroit Red Wings,2,1,OT
2014-10-22,Winnipeg Jets,Carolina Hurricanes,Winnipeg Jets,Carolina Hurricanes,3,1,REG
2014-10-22,Nashville Predators,Arizona Coyotes,Nashville Predators,Arizona Coyotes,4,3,SO
2014-10-22,Chicago Blackhawks,Philadelphia Flyers,Chicago Blackhawks,Philadelphia Flyers,4,0,REG
2014-10-22,Dallas Stars,Vancouver Canucks,Dallas Stars,Vancouver Canucks,6,3,REG
2014-10-22,Calgary Flames,Tampa Bay Lightning,Tampa Bay Lightning,Calgary Flames,2,1,OT
2014-10-22,Colorado Avalanche,Florida Panthers,Florida Panthers,Colorado Avalanche,4,3,OT
2014-10-23,Pittsburgh Penguins,Philadelphia Flyers,Philadelphia Flyers,Pittsburgh Penguins,5,3,REG
2014-10-23,Edmonton Oilers,Washington Capitals,Edmonton Oilers,Washington Capitals,3,2,REG
2014-10-23,Anaheim Ducks,Buffalo Sabres,Anaheim Ducks,Buffalo Sabres,4,1,REG
2014-10-23,Boston Bruins,New York Islanders,New York Islanders,Boston Bruins,3,2,REG
2014-10-23,Detroit Red Wings,Pittsburgh Penguins,Detroit Red Wings,Pittsburgh Penguins,4,3,OT
2014-10-24,Nashville Predators,Chicago Blackhawks,Nashville Predators,Chicago Blackhawks,3,2,REG
2014-10-24,St. Louis Blues,Vancouver Canucks,Vancouver Canucks,St. Louis Blues,4,1,REG
2014-10-24,Minnesota Wild,Arizona Coyotes,Minnesota Wild,Arizona Coyotes,2,0,REG
2014-10-24,Calgary Flames,Carolina Hurricanes,Calgary Flames,Carolina Hurricanes,4,0,REG
2014-10-24,Los Angeles Kings,Buffalo Sabres,Los Angeles Kings,Buffalo Sabres,2,0,REG
2014-10-24,San Jose Sharks,Columbus Blue Jackets,Columbus Blue Jackets,San Jose Sharks,5,4,REG
2014-10-24,New Jersey Devils,Dallas Stars,Dallas Stars,New Jersey Devils,3,2,SO
2014-10-25,Winnipeg Jets,Tampa Bay Lightning,Tampa Bay Lightning,Winnipeg Jets,4,2,REG
2014-10-25,Colorado Avalanche,Vancouver Canucks,Colorado Avalanche,Vancouver Canucks,7,3,REG
2014-10-25,Edmonton Oilers,Carolina Hurricanes,Edmonton Oilers,Carolina Hurricanes,6,3,REG
2014-10-25,Anaheim Ducks,Columbus Blue Jackets,Anaheim Ducks,Columbus Blue Jackets,4,1,REG
2014-10-25,San Jose Sharks,Buffalo Sabres,Buffalo Sabres,San Jose Sharks,2,1,REG
2014-10-25,Toronto Maple Leafs,Boston Bruins,Boston Bruins,Toronto Maple Leafs,4,1,REG
2014-10-25,Montreal Canadiens,New York Rangers,Montreal Canadiens,New York Rangers,3,1,REG
2014-10-25,Ottawa Senators,New Jersey Devils,New Jersey Devils,Ottawa Senators,3,2,OT
2014-10-25,Philadelphia Flyers,Detroit Red Wings,Philadelphia Flyers,Detroit Red Wings,4,2,REG
2014-10-25,New York Islanders,Dallas Stars,New York Islanders,Dallas Stars,7,5,REG
2014-10-26,Minnesota Wild,Tampa Bay Lightning,Minnesota Wild,Tampa Bay Lightning,6,2,REG
2014-10-26,Nashville Predators,Pittsburgh Penguins,Pittsburgh Penguins,Nashville Predators,3,0,REG
2014-10-26,St. Louis Blues,Chicago Blackhawks,St. Louis Blues,Chicago Blackhawks,3,2,REG
2014-10-26,Arizona Coyotes,Florida Panthers,Arizona Coyotes,Florida Panthers,2,1,OT
2014-10-26,Calgary Flames,Washington Capitals,Washington Capitals,Calgary Flames,3,1,REG
2014-10-26,Winnipeg Jets,Colorado Avalanche,Winnipeg Jets,Colorado Avalanche,2,1,OT
2014-10-26,Los Angeles Kings,Columbus Blue Jackets,Los Angeles Kings,Columbus Blue Jackets,5,2,REG
2014-10-26,Chicago Blackhawks,Ottawa Senators,Chicago Blackhawks,Ottawa Senators,2,1,REG
2014-10-27,Anaheim Ducks,San Jose Sharks,San Jose Sharks,Anaheim Ducks,4,1,REG
2014-10-27,Vancouver Canucks,Washington Capitals,Vancouver Canucks,Washington Capitals,4,2,REG
2014-10-27,New York Rangers,Minnesota Wild,New York Rangers,Minnesota Wild,5,4,REG
2014-10-28,Edmonton Oilers,Montreal Canadiens,Edmonton Oilers,Montreal Canadiens,3,0,REG
2014-10-28,Boston Bruins,Minnesota Wild,Minnesota Wild,Boston Bruins,4,3,REG
2014-10-28,Columbus Blue Jackets,Ottawa Senators,Ottawa Senators,Columbus Blue Jackets,5,2,REG
2014-10-28,Pittsburgh Penguins,New Jersey Devils,Pittsburgh Penguins,New Jersey Devils,7,3,REG
2014-10-28,New York Islanders,Winnipeg Jets,Winnipeg Jets,New York Islanders,4,3,REG
2014-10-28,Philadelphia Flyers,Los Angeles Kings,Philadelphia Flyers,Los Angeles Kings,3,2,OT
2014-10-28,Toronto Maple Leafs,Buffalo Sabres,Toronto Maple Leafs,Buffalo Sabres,4,0,REG
2014-10-28,Tampa Bay Lightning,Arizona Coyotes,Tampa Bay Lightning,Arizona Coyotes,7,3,REG
2014-10-29,Dallas Stars,St. Louis Blues,St. Louis Blues,Dallas Stars,4,3,OT
2014-10-29,Calgary Flames,Montreal Canadiens,Montreal Canadiens,Calgary Flames,2,1,SO
2014-10-29,Colorado Avalanche,San Jose Sharks,San Jose Sharks,Colorado Avalanche,3,2,SO
2014-10-29,Vancouver Canucks,Carolina Hurricanes,Vancouver Canucks,Carolina Hurricanes,4,1,REG
2014-10-29,Washington Capitals,Detroit Red Wings,Detroit Red Wings,Washington Capitals,4,2,REG
2014-10-30,Edmonton Oilers,Nashville Predators,Nashville Predators,Edmonton Oilers,4,1,REG
2014-10-30,Buffalo Sabres,Boston Bruins,Boston Bruins,Buffalo Sabres,3,2,OT
2014-10-30,New Jersey Devils,Winnipeg Jets,New Jersey Devils,Winnipeg Jets,2,1,SO
2014-10-30,Pittsburgh Penguins,Los Angeles Kings,Pittsburgh Penguins,Los Angeles Kings,3,0,REG
2014-10-30,Ottawa Senators,Chicago Blackhawks,Chicago Blackhawks,Ottawa Senators,5,4,SO
2014-10-30,Tampa Bay Lightning,Philadelphia Flyers,Tampa Bay Lightning,Philadelphia Flyers,4,3,REG
2014-10-30,Florida Panthers,Arizona Coyotes,Florida Panthers,Arizona Coyotes,2,1,REG
2014-10-31,St. Louis Blues,Anaheim Ducks,St. Louis Blues,Anaheim Ducks,2,0,REG
2014-10-31,Minnesota Wild,San Jose Sharks,Minnesota Wild,San Jose Sharks,4,3,SO
2014-10-31,Colorado Avalanche,New York Islanders,Colorado Avalanche,New York Islanders,4,0,REG
2014-10-31,Vancouver Canucks,Montreal Canadiens,Vancouver Canucks,Montreal Canadiens,3,2,OT
2014-10-31,Columbus Blue Jackets,Toronto Maple Leafs,Toronto Maple Leafs,Columbus Blue Jackets,4,1,REG
2014-10-31,Detroit Red Wings,Los Angeles Kings,Detroit Red Wings,Los Angeles Kings,5,2,REG
2014-11-01,Dallas Stars,Anaheim Ducks,Anaheim Ducks,Dallas Stars,2,1,OT
2014-11-01,Calgary Flames,Nashville Predators,Calgary Flames,Nashville Predators,4,3,REG
2014-11-01,Boston Bruins,Ottawa Senators,Boston Bruins,Ottawa Senators,4,2,REG
2014-11-01,Pittsburgh Penguins,Buffalo Sabres,Pittsburgh Penguins,Buffalo Sabres,4,0,REG
2014-11-01,Toronto Maple Leafs,Chicago Blackhawks,Toronto Maple Leafs,Chicago Blackhawks,3,2,REG
2014-11-01,Tampa Bay Lightning,Washington Capitals,Tampa Bay Lightning,Washington Capitals,4,3,REG
2014-11-01,Florida Panthers,Philadelphia Flyers,Florida Panthers,Philadelphia Flyers,2,1,REG
2014-11-01,New Jersey Devils,Columbus Blue Jackets,New Jersey Devils,Columbus Blue Jackets,3,2,REG
2014-11-01,Carolina Hurricanes,Arizona Coyotes,Carolina Hurricanes,Arizona Coyotes,3,0,REG
2014-11-02,St. Louis Blues,Colorado Avalanche,St. Louis Blues,Colorado Avalanche,3,2,SO
2014-11-02,Minnesota Wild,Dallas Stars,Minnesota Wild,Dallas Stars,4,1,REG
2014-11-02,Edmonton Oilers,Vancouver Canucks,Vancouver Canucks,Edmonton Oilers,3,2,REG
2014-11-02,San Jose Sharks,New York Islanders,San Jose Sharks,New York Islanders,3,1,REG
2014-11-02,Buffalo Sabres,Detroit Red Wings,Buffalo Sabres,Detroit Red Wings,3,2,SO
2014-11-02,Carolina Hurricanes,Los Angeles Kings,Carolina Hurricanes,Los Angeles Kings,3,2,REG
2014-11-03,Montreal Canadiens,Calgary Flames,Calgary Flames,Montreal Canadiens,6,2,REG
2014-11-03,Washington Capitals,Arizona Coyotes,Arizona Coyotes,Washington Capitals,6,5,REG
2014-11-03,Colorado Avalanche,Anaheim Ducks,Anaheim Ducks,Colorado Avalanche,3,2,REG
2014-11-03,Vancouver Canucks,Nashville Predators,Nashville Predators,Vancouver Canucks,3,1,REG
2014-11-04,New York Rangers,St. Louis Blues,St. Louis Blues,New York Rangers,4,3,SO
2014-11-05,Boston Bruins,Florida Panthers,Boston Bruins,Florida Panthers,2,1,OT
2014-11-05,Philadelphia Flyers,Edmonton Oilers,Philadelphia Flyers,Edmonton Oilers,4,1,REG
2014-11-05,Washington Capitals,Calgary Flames,Calgary Flames,Washington Capitals,4,3,OT
2014-11-05,Columbus Blue Jackets,Carolina Hurricanes,Carolina Hurricanes,Columbus Blue Jackets,4,2,REG
2014-11-05,Montreal Canadiens,Chicago Blackhawks,Chicago Blackhawks,Montreal Canadiens,4,0,REG
2014-11-05,Ottawa Senators,Detroit Red Wings,Ottawa Senators,Detroit Red Wings,3,1,REG
2014-11-05,Minnesota Wild,Pittsburgh Penguins,Pittsburgh Penguins,Minnesota Wild,4,1,REG
2014-11-05,Winnipeg Jets,Nashville Predators,Winnipeg Jets,Nashville Predators,3,1,REG
2014-11-05,Dallas Stars,Los Angeles Kings,Los Angeles Kings,Dallas Stars,3,1,REG
2014-11-05,Arizona Coyotes,Toronto Maple Leafs,Arizona Coyotes,Toronto Maple Leafs,3,2,REG
2014-11-05,Colorado Avalanche,Vancouver Canucks,Vancouver Canucks,Colorado Avalanche,5,2,REG
2014-11-06,Buffalo Sabres,Montreal Canadiens,Montreal Canadiens,Buffalo Sabres,2,1,SO
2014-11-06,New York Rangers,Detroit Red Wings,New York Rangers,Detroit Red Wings,4,3,OT
2014-11-06,Anaheim Ducks,New York Islanders,New York Islanders,Anaheim Ducks,3,2,OT
2014-11-07,Boston Bruins,Edmonton Oilers,Boston Bruins,Edmonton Oilers,5,2,REG
2014-11-07,Philadelphia Flyers,Florida Panthers,Philadelphia Flyers,Florida Panthers,4,1,REG
2014-11-07,Ottawa Senators,Minnesota Wild,Ottawa Senators,Minnesota Wild,3,0,REG
2014-11-07,Tampa Bay Lightning,Calgary Flames,Tampa Bay Lightning,Calgary Flames,5,2,REG
2014-11-07,St. Louis Blues,New Jersey Devils,St. Louis Blues,New Jersey Devils,4,3,REG
2014-11-07,Winnipeg Jets,Pittsburgh Penguins,Pittsburgh Penguins,Winnipeg Jets,4,3,SO
2014-11-07,Dallas Stars,Nashville Predators,Nashville Predators,Dallas Stars,3,2,REG
2014-11-07,Colorado Avalanche,Toronto Maple Leafs,Colorado Avalanche,Toronto Maple Leafs,4,3,SO
2014-11-07,Los Angeles Kings,New York Islanders,New York Islanders,Los Angeles Kings,2,1,SO
2014-11-07,San Jose Sharks,Vancouver Canucks,Vancouver Canucks,San Jose Sharks,3,2,REG
2014-11-08,Buffalo Sabres,Edmonton Oilers,Edmonton Oilers,Buffalo Sabres,3,2,REG
2014-11-08,Carolina Hurricanes,Columbus Blue Jackets,Carolina Hurricanes,Columbus Blue Jackets,3,2,OT
2014-11-08,Detroit Red Wings,New Jersey Devils,Detroit Red Wings,New Jersey Devils,4,2,REG
2014-11-08,Chicago Blackhawks,Washington Capitals,Washington Capitals,Chicago Blackhawks,3,2,REG
2014-11-08,Anaheim Ducks,Arizona Coyotes,Arizona Coyotes,Anaheim Ducks,3,2,SO
2014-11-08,Florida Panthers,Calgary Flames,Calgary Flames,Florida Panthers,6,4,REG
2014-11-09,Buffalo Sabres,Pittsburgh Penguins,Pittsburgh Penguins,Buffalo Sabres,5,1,REG
2014-11-09,Toronto Maple Leafs,New York Rangers,Toronto Maple Leafs,New York Rangers,5,4,REG
2014-11-09,Montreal Canadiens,Minnesota Wild,Montreal Canadiens,Minnesota Wild,4,1,REG
2014-11-09,Ottawa Senators,Winnipeg Jets,Winnipeg Jets,Ottawa Senators,2,1,SO
2014-11-09,Columbus Blue Jackets,Tampa Bay Lightning,Tampa Bay Lightning,Columbus Blue Jackets,7,4,REG
2014-11-09,Philadelphia Flyers,Colorado Avalanche,Philadelphia Flyers,Colorado Avalanche,4,3,REG
2014-11-09,Washington Capitals,Carolina Hurricanes,Washington Capitals,Carolina Hurricanes,4,3,OT
2014-11-09,St. Louis Blues,Nashville Predators,Nashville Predators,St. Louis Blues,2,1,REG
2014-11-09,Dallas Stars,San Jose Sharks,San Jose Sharks,Dallas Stars,5,3,REG
2014-11-09,Los Angeles Kings,Vancouver Canucks,Los Angeles Kings,Vancouver Canucks,5,1,REG
2014-11-09,Detroit Red Wings,Tampa Bay Lightning,Tampa Bay Lightning,Detroit Red Wings,4,3,SO
2014-11-09,New York Rangers,Edmonton Oilers,Edmonton Oilers,New York Rangers,3,1,REG
2014-11-09,Ottawa Senators,Toronto Maple Leafs,Toronto Maple Leafs,Ottawa Senators,5,3,REG
2014-11-10,Chicago Blackhawks,San Jose Sharks,Chicago Blackhawks,San Jose Sharks,5,2,REG
2014-11-10,Anaheim Ducks,Vancouver Canucks,Vancouver Canucks,Anaheim Ducks,2,1,SO
2014-11-11,Boston Bruins,New Jersey Devils,Boston Bruins,New Jersey Devils,4,2,REG
2014-11-11,Carolina Hurricanes,Calgary Flames,Carolina Hurricanes,Calgary Flames,4,1,REG
2014-11-12,New Jersey Devils,Minnesota Wild,New Jersey Devils,Minnesota Wild,3,1,REG
2014-11-12,New York Islanders,Colorado Avalanche,New York Islanders,Colorado Avalanche,4,0,REG
2014-11-12,New York Rangers,Pittsburgh Penguins,New York Rangers,Pittsburgh Penguins,4,0,REG
2014-11-12,Washington Capitals,Columbus Blue Jackets,Washington Capitals,Columbus Blue Jackets,4,2,REG
2014-11-12,Montreal Canadiens,Winnipeg Jets,Montreal Canadiens,Winnipeg Jets,3,0,REG
2014-11-12,Florida Panthers,San Jose Sharks,Florida Panthers,San Jose Sharks,4,1,REG
2014-11-12,St. Louis Blues,Buffalo Sabres,St. Louis Blues,Buffalo Sabres,5,1,REG
2014-11-12,Nashville Predators,Edmonton Oilers,Nashville Predators,Edmonton Oilers,3,2,REG
2014-11-12,Chicago Blackhawks,Tampa Bay Lightning,Chicago Blackhawks,Tampa Bay Lightning,3,2,SO
2014-11-12,Arizona Coyotes,Dallas Stars,Dallas Stars,Arizona Coyotes,4,3,REG
2014-11-12,Vancouver Canucks,Ottawa Senators,Vancouver Canucks,Ottawa Senators,4,3,OT
2014-11-13,Toronto Maple Leafs,Boston Bruins,Toronto Maple Leafs,Boston Bruins,5,1,REG
2014-11-13,Anaheim Ducks,Los Angeles Kings,Anaheim Ducks,Los Angeles Kings,6,5,SO
2014-11-14,New York Rangers,Colorado Avalanche,Colorado Avalanche,New York Rangers,4,3,SO
2014-11-14,Carolina Hurricanes,Winnipeg Jets,Winnipeg Jets,Carolina Hurricanes,3,1,REG
2014-11-14,Montreal Canadiens,Boston Bruins,Montreal Canadiens,Boston Bruins,5,1,REG
2014-11-14,Tampa Bay Lightning,San Jose Sharks,San Jose Sharks,Tampa Bay Lightning,2,1,REG
2014-11-14,Minnesota Wild,Buffalo Sabres,Minnesota Wild,Buffalo Sabres,6,3,REG
2014-11-14,St. Louis Blues,Nashville Predators,St. Louis Blues,Nashville Predators,4,3,REG
2014-11-14,Calgary Flames,Arizona Coyotes,Calgary Flames,Arizona Coyotes,5,3,REG
2014-11-14,Edmonton Oilers,Ottawa Senators,Ottawa Senators,Edmonton Oilers,4,3,OT
2014-11-14,Los Angeles Kings,Dallas Stars,Dallas Stars,Los Angeles Kings,2,0,REG
2014-11-15,Philadelphia Flyers,Columbus Blue Jackets,Columbus Blue Jackets,Philadelphia Flyers,4,3,REG
2014-11-15,Toronto Maple Leafs,Pittsburgh Penguins,Pittsburgh Penguins,Toronto Maple Leafs,2,1,REG
2014-11-15,Detroit Red Wings,Chicago Blackhawks,Detroit Red Wings,Chicago Blackhawks,4,1,REG
2014-11-15,Florida Panthers,New York Islanders,New York Islanders,Florida Panthers,4,3,SO
2014-11-15,Vancouver Canucks,Arizona Coyotes,Arizona Coyotes,Vancouver Canucks,4,0,REG
2014-11-15,Boston Bruins,Carolina Hurricanes,Boston Bruins,Carolina Hurricanes,2,1,REG
2014-11-15,Dallas Stars,Minnesota Wild,Minnesota Wild,Dallas Stars,2,1,REG
2014-11-15,Los Angeles Kings,Anaheim Ducks,Los Angeles Kings,Anaheim Ducks,3,2,OT
2014-11-16,Buffalo Sabres,Toronto Maple Leafs,Buffalo Sabres,Toronto Maple Leafs,6,2,REG
2014-11-16,Montreal Canadiens,Philadelphia Flyers,Montreal Canadiens,Philadelphia Flyers,6,3,REG
2014-11-16,Tampa Bay Lightning,New York Islanders,Tampa Bay Lightning,New York Islanders,5,2,REG
2014-11-16,New Jersey Devils,Colorado Avalanche,Colorado Avalanche,New Jersey Devils,3,2,REG
2014-11-16,Pittsburgh Penguins,New York Rangers,Pittsburgh Penguins,New York Rangers,3,2,SO
2014-11-16,Columbus Blue Jackets,San Jose Sharks,Columbus Blue Jackets,San Jose Sharks,2,1,REG
2014-11-16,Nashville Predators,Winnipeg Jets,Nashville Predators,Winnipeg Jets,2,1,REG
2014-11-16,St. Louis Blues,Washington Capitals,St. Louis Blues,Washington Capitals,4,1,REG
2014-11-16,Calgary Flames,Ottawa Senators,Calgary Flames,Ottawa Senators,4,2,REG
2014-11-16,Carolina Hurricanes,San Jose Sharks,San Jose Sharks,Carolina Hurricanes,2,0,REG
2014-11-16,Minnesota Wild,Winnipeg Jets,Minnesota Wild,Winnipeg Jets,4,3,OT
2014-11-17,Detroit Red Wings,Montreal Canadiens,Montreal Canadiens,Detroit Red Wings,4,1,REG
2014-11-17,Chicago Blackhawks,Dallas Stars,Chicago Blackhawks,Dallas Stars,6,2,REG
2014-11-17,Anaheim Ducks,Florida Panthers,Florida Panthers,Anaheim Ducks,6,2,REG
2014-11-17,Edmonton Oilers,Arizona Coyotes,Arizona Coyotes,Edmonton Oilers,2,1,REG
2014-11-18,New York Rangers,Tampa Bay Lightning,Tampa Bay Lightning,New York Rangers,5,1,REG
2014-11-19,Boston Bruins,St. Louis Blues,Boston Bruins,St. Louis Blues,2,0,REG
2014-11-19,Columbus Blue Jackets,Detroit Red Wings,Detroit Red Wings,Columbus Blue Jackets,4,0,REG
2014-11-19,New York Islanders,Tampa Bay Lightning,New York Islanders,Tampa Bay Lightning,5,2,REG
2014-11-19,Buffalo Sabres,San Jose Sharks,Buffalo Sabres,San Jose Sharks,4,1,REG
2014-11-19,Toronto Maple Leafs,Nashville Predators,Nashville Predators,Toronto Maple Leafs,6,2,REG
2014-11-19,Montreal Canadiens,Pittsburgh Penguins,Pittsburgh Penguins,Montreal Canadiens,4,0,REG
2014-11-19,Winnipeg Jets,New Jersey Devils,Winnipeg Jets,New Jersey Devils,3,1,REG
2014-11-19,Dallas Stars,Carolina Hurricanes,Carolina Hurricanes,Dallas Stars,6,4,REG
2014-11-19,Arizona Coyotes,Washington Capitals,Washington Capitals,Arizona Coyotes,2,1,OT
2014-11-19,Calgary Flames,Anaheim Ducks,Calgary Flames,Anaheim Ducks,4,3,SO
2014-11-19,Los Angeles Kings,Florida Panthers,Los Angeles Kings,Florida Panthers,5,2,REG
2014-11-20,New York Rangers,Philadelphia Flyers,New York Rangers,Philadelphia Flyers,2,0,REG
2014-11-20,Edmonton Oilers,Vancouver Canucks,Vancouver Canucks,Edmonton Oilers,5,4,REG
2014-11-21,Philadelphia Flyers,Minnesota Wild,Minnesota Wild,Philadelphia Flyers,3,2,REG
2014-11-21,Toronto Maple Leafs,Tampa Bay Lightning,Toronto Maple Leafs,Tampa Bay Lightning,5,2,REG
2014-11-21,Montreal Canadiens,St. Louis Blues,Montreal Canadiens,St. Louis Blues,4,1,REG
2014-11-21,Ottawa Senators,Nashville Predators,Ottawa Senators,Nashville Predators,3,2,REG
2014-11-21,Winnipeg Jets,Detroit Red Wings,Detroit Red Wings,Winnipeg Jets,4,3,REG
2014-11-21,Dallas Stars,Arizona Coyotes,Dallas Stars,Arizona Coyotes,3,1,REG
2014-11-21,Colorado Avalanche,Washington Capitals,Washington Capitals,Colorado Avalanche,3,2,REG
2014-11-21,Calgary Flames,Chicago Blackhawks,Chicago Blackhawks,Calgary Flames,4,3,REG
2014-11-21,Vancouver Canucks,Anaheim Ducks,Anaheim Ducks,Vancouver Canucks,4,3,SO
2014-11-21,San Jose Sharks,Florida Panthers,Florida Panthers,San Jose Sharks,3,2,SO
2014-11-21,Los Angeles Kings,Carolina Hurricanes,Los Angeles Kings,Carolina Hurricanes,3,2,REG
2014-11-22,Columbus Blue Jackets,Boston Bruins,Boston Bruins,Columbus Blue Jackets,4,3,SO
2014-11-22,Pittsburgh Penguins,New York Islanders,New York Islanders,Pittsburgh Penguins,5,4,SO
2014-11-22,Edmonton Oilers,New Jersey Devils,New Jersey Devils,Edmonton Oilers,2,0,REG
2014-11-22,Ottawa Senators,St. Louis Blues,St. Louis Blues,Ottawa Senators,3,2,REG
2014-11-23,Boston Bruins,Montreal Canadiens,Montreal Canadiens,Boston Bruins,2,0,REG
2014-11-23,Washington Capitals,Buffalo Sabres,Buffalo Sabres,Washington Capitals,2,1,REG
2014-11-23,Toronto Maple Leafs,Detroit Red Wings,Toronto Maple Leafs,Detroit Red Wings,4,1,REG
2014-11-23,Tampa Bay Lightning,Minnesota Wild,Tampa Bay Lightning,Minnesota Wild,2,1,REG
2014-11-23,New York Islanders,Pittsburgh Penguins,New York Islanders,Pittsburgh Penguins,4,1,REG
2014-11-23,Philadelphia Flyers,Columbus Blue Jackets,Philadelphia Flyers,Columbus Blue Jackets,4,2,REG
2014-11-23,Nashville Predators,Florida Panthers,Nashville Predators,Florida Panthers,3,2,SO
2014-11-23,Dallas Stars,Los Angeles Kings,Dallas Stars,Los Angeles Kings,5,4,REG
2014-11-23,Colorado Avalanche,Carolina Hurricanes,Colorado Avalanche,Carolina Hurricanes,4,3,REG
2014-11-23,Calgary Flames,New Jersey Devils,Calgary Flames,New Jersey Devils,5,4,SO
2014-11-23,Edmonton Oilers,Chicago Blackhawks,Chicago Blackhawks,Edmonton Oilers,5,1,REG
2014-11-23,San Jose Sharks,Arizona Coyotes,Arizona Coyotes,San Jose Sharks,4,3,SO
2014-11-23,Winnipeg Jets,St. Louis Blues,St. Louis Blues,Winnipeg Jets,4,2,REG
2014-11-24,New York Rangers,Montreal Canadiens,New York Rangers,Montreal Canadiens,4,0,REG
2014-11-24,Anaheim Ducks,Arizona Coyotes,Anaheim Ducks,Arizona Coyotes,2,1,REG
2014-11-24,Vancouver Canucks,Chicago Blackhawks,Vancouver Canucks,Chicago Blackhawks,4,1,REG
2014-11-25,Boston Bruins,Pittsburgh Penguins,Pittsburgh Penguins,Boston Bruins,3,2,OT
2014-11-25,Detroit Red Wings,Ottawa Senators,Detroit Red Wings,Ottawa Senators,4,3,REG
2014-11-25,Florida Panthers,Minnesota Wild,Minnesota Wild,Florida Panthers,4,1,REG
2014-11-26,Columbus Blue Jackets,Winnipeg Jets,Winnipeg Jets,Columbus Blue Jackets,4,2,REG
2014-11-26,St. Louis Blues,Ottawa Senators,Ottawa Senators,St. Louis Blues,3,2,SO
2014-11-26,Nashville Predators,Los Angeles Kings,Nashville Predators,Los Angeles Kings,4,3,SO
2014-11-26,Dallas Stars,Edmonton Oilers,Dallas Stars,Edmonton Oilers,3,2,REG
2014-11-26,Arizona Coyotes,Colorado Avalanche,Colorado Avalanche,Arizona Coyotes,4,3,OT
2014-11-26,Vancouver Canucks,New Jersey Devils,Vancouver Canucks,New Jersey Devils,2,0,REG
2014-11-26,Anaheim Ducks,Calgary Flames,Anaheim Ducks,Calgary Flames,3,2,REG
2014-11-27,Buffalo Sabres,Winnipeg Jets,Winnipeg Jets,Buffalo Sabres,2,1,REG
2014-11-27,New York Islanders,Washington Capitals,New York Islanders,Washington Capitals,3,2,OT
2014-11-27,Pittsburgh Penguins,Toronto Maple Leafs,Pittsburgh Penguins,Toronto Maple Leafs,4,3,OT
2014-11-27,Detroit Red Wings,Philadelphia Flyers,Detroit Red Wings,Philadelphia Flyers,5,2,REG
2014-11-27,Tampa Bay Lightning,New York Rangers,Tampa Bay Lightning,New York Rangers,4,3,REG
2014-11-27,Minnesota Wild,Los Angeles Kings,Los Angeles Kings,Minnesota Wild,4,0,REG
2014-11-27,Colorado Avalanche,Chicago Blackhawks,Chicago Blackhawks,Colorado Avalanche,3,2,REG
2014-11-27,San Jose Sharks,Calgary Flames,Calgary Flames,San Jose Sharks,2,0,REG
2014-11-28,Philadelphia Flyers,New York Rangers,New York Rangers,Philadelphia Flyers,3,0,REG
2014-11-28,Anaheim Ducks,Chicago Blackhawks,Chicago Blackhawks,Anaheim Ducks,4,1,REG
2014-11-28,Washington Capitals,New York Islanders,Washington Capitals,New York Islanders,5,2,REG
2014-11-29,Boston Bruins,Winnipeg Jets,Boston Bruins,Winnipeg Jets,2,1,OT
2014-11-29,Buffalo Sabres,Montreal Canadiens,Buffalo Sabres,Montreal Canadiens,2,1,REG
2014-11-29,New Jersey Devils,Detroit Red Wings,Detroit Red Wings,New Jersey Devils,5,4,SO
2014-11-29,Pittsburgh Penguins,Carolina Hurricanes,Carolina Hurricanes,Pittsburgh Penguins,4,2,REG
2014-11-29,Columbus Blue Jackets,Vancouver Canucks,Vancouver Canucks,Columbus Blue Jackets,4,0,REG
2014-11-29,Florida Panthers,Ottawa Senators,Florida Panthers,Ottawa Senators,3,2,REG
2014-11-29,St. Louis Blues,Edmonton Oilers,St. Louis Blues,Edmonton Oilers,4,3,OT
2014-11-29,Dallas Stars,Minnesota Wild,Minnesota Wild,Dallas Stars,5,4,OT
2014-11-29,New York Rangers,Philadelphia Flyers,New York Rangers,Philadelphia Flyers,5,2,REG
2014-11-30,Montreal Canadiens,Buffalo Sabres,Buffalo Sabres,Montreal Canadiens,4,3,SO
2014-11-30,Toronto Maple Leafs,Washington Capitals,Toronto Maple Leafs,Washington Capitals,6,2,REG
2014-11-30,Tampa Bay Lightning,Ottawa Senators,Tampa Bay Lightning,Ottawa Senators,4,1,REG
2014-11-30,New York Islanders,New Jersey Devils,New York Islanders,New Jersey Devils,3,1,REG
2014-11-30,Carolina Hurricanes,Pittsburgh Penguins,Pittsburgh Penguins,Carolina Hurricanes,3,2,REG
2014-11-30,Nashville Predators,Columbus Blue Jackets,Nashville Predators,Columbus Blue Jackets,2,1,REG
2014-11-30,Minnesota Wild,St. Louis Blues,St. Louis Blues,Minnesota Wild,3,2,SO
2014-11-30,Colorado Avalanche,Dallas Stars,Colorado Avalanche,Dallas Stars,5,2,REG
2014-11-30,Los Angeles Kings,Chicago Blackhawks,Chicago Blackhawks,Los Angeles Kings,4,1,REG
2014-11-30,Arizona Coyotes,Calgary Flames,Calgary Flames,Arizona Coyotes,3,0,REG
2014-11-30,San Jose Sharks,Anaheim Ducks,San Jose Sharks,Anaheim Ducks,6,4,REG
2014-11-30,Detroit Red Wings,Vancouver Canucks,Detroit Red Wings,Vancouver Canucks,5,3,REG
2014-12-02,New York Rangers,Tampa Bay Lightning,Tampa Bay Lightning,New York Rangers,6,3,REG
2014-12-02,Columbus Blue Jackets,Florida Panthers,Columbus Blue Jackets,Florida Panthers,2,1,REG
2014-12-02,Colorado Avalanche,Montreal Canadiens,Montreal Canadiens,Colorado Avalanche,4,3,REG
2014-12-02,Edmonton Oilers,Arizona Coyotes,Arizona Coyotes,Edmonton Oilers,5,2,REG
2014-12-02,Anaheim Ducks,Boston Bruins,Anaheim Ducks,Boston Bruins,3,2,REG
2014-12-03,New York Islanders,Ottawa Senators,New York Islanders,Ottawa Senators,3,2,OT
2014-12-03,Washington Capitals,Vancouver Canucks,Vancouver Canucks,Washington Capitals,4,3,REG
2014-12-03,Carolina Hurricanes,Nashville Predators,Carolina Hurricanes,Nashville Predators,2,1,REG
2014-12-03,Buffalo Sabres,Tampa Bay Lightning,Buffalo Sabres,Tampa Bay Lightning,2,1,SO
2014-12-03,Toronto Maple Leafs,Dallas Stars,Toronto Maple Leafs,Dallas Stars,5,3,REG
2014-12-03,Detroit Red Wings,Florida Panthers,Florida Panthers,Detroit Red Wings,4,3,REG
2014-12-03,Calgary Flames,Arizona Coyotes,Calgary Flames,Arizona Coyotes,5,2,REG
2014-12-03,San Jose Sharks,Philadelphia Flyers,San Jose Sharks,Philadelphia Flyers,2,1,REG
2014-12-03,Los Angeles Kings,Boston Bruins,Los Angeles Kings,Boston Bruins,2,0,REG
2014-12-04,Minnesota Wild,Montreal Canadiens,Minnesota Wild,Montreal Canadiens,2,1,REG
2014-12-04,Chicago Blackhawks,St. Louis Blues,Chicago Blackhawks,St. Louis Blues,4,1,REG
2014-12-04,Winnipeg Jets,Edmonton Oilers,Winnipeg Jets,Edmonton Oilers,3,2,OT
2014-12-04,Anaheim Ducks,Philadelphia Flyers,Anaheim Ducks,Philadelphia Flyers,5,4,SO
2014-12-05,Pittsburgh Penguins,Vancouver Canucks,Vancouver Canucks,Pittsburgh Penguins,3,0,REG
2014-12-05,Carolina Hurricanes,Washington Capitals,Washington Capitals,Carolina Hurricanes,2,1,REG
2014-12-05,Tampa Bay Lightning,Buffalo Sabres,Tampa Bay Lightning,Buffalo Sabres,4,0,REG
2014-12-05,Toronto Maple Leafs,New Jersey Devils,New Jersey Devils,Toronto Maple Leafs,5,3,REG
2014-12-05,Ottawa Senators,New York Islanders,New York Islanders,Ottawa Senators,2,1,REG
2014-12-05,Detroit Red Wings,Dallas Stars,Detroit Red Wings,Dallas Stars,5,2,REG
2014-12-05,Florida Panthers,Columbus Blue Jackets,Columbus Blue Jackets,Florida Panthers,4,3,SO
2014-12-05,Nashville Predators,St. Louis Blues,Nashville Predators,St. Louis Blues,4,3,REG
2014-12-05,Calgary Flames,Colorado Avalanche,Calgary Flames,Colorado Avalanche,4,3,OT
2014-12-05,Arizona Coyotes,Los Angeles Kings,Los Angeles Kings,Arizona Coyotes,4,0,REG
2014-12-05,San Jose Sharks,Boston Bruins,San Jose Sharks,Boston Bruins,7,4,REG
2014-12-06,Minnesota Wild,Anaheim Ducks,Anaheim Ducks,Minnesota Wild,5,4,REG
2014-12-06,Winnipeg Jets,Colorado Avalanche,Winnipeg Jets,Colorado Avalanche,6,2,REG
2014-12-06,Chicago Blackhawks,Montreal Canadiens,Chicago Blackhawks,Montreal Canadiens,4,3,REG
2014-12-06,Pittsburgh Penguins,Ottawa Senators,Pittsburgh Penguins,Ottawa Senators,3,2,REG
2014-12-06,New York Islanders,St. Louis Blues,St. Louis Blues,New York Islanders,6,4,REG
2014-12-06,Los Angeles Kings,Philadelphia Flyers,Philadelphia Flyers,Los Angeles Kings,2,1,REG
2014-12-07,Florida Panthers,Buffalo Sabres,Florida Panthers,Buffalo Sabres,3,2,REG
2014-12-07,Toronto Maple Leafs,Vancouver Canucks,Toronto Maple Leafs,Vancouver Canucks,5,2,REG
2014-12-07,Dallas Stars,Montreal Canadiens,Dallas Stars,Montreal Canadiens,4,1,REG
2014-12-07,Detroit Red Wings,New York Rangers,Detroit Red Wings,New York Rangers,3,2,REG
2014-12-07,Tampa Bay Lightning,Columbus Blue Jackets,Columbus Blue Jackets,Tampa Bay Lightning,3,1,REG
2014-12-07,New Jersey Devils,Washington Capitals,Washington Capitals,New Jersey Devils,4,1,REG
2014-12-07,Nashville Predators,Chicago Blackhawks,Chicago Blackhawks,Nashville Predators,3,1,REG
2014-12-07,Arizona Coyotes,Boston Bruins,Boston Bruins,Arizona Coyotes,5,2,REG
2014-12-07,Calgary Flames,San Jose Sharks,San Jose Sharks,Calgary Flames,3,2,REG
2014-12-07,Winnipeg Jets,Anaheim Ducks,Anaheim Ducks,Winnipeg Jets,4,3,OT
2014-12-07,Carolina Hurricanes,Detroit Red Wings,Detroit Red Wings,Carolina Hurricanes,3,1,REG
2014-12-08,Ottawa Senators,Vancouver Canucks,Ottawa Senators,Vancouver Canucks,4,3,OT
2014-12-08,Edmonton Oilers,San Jose Sharks,Edmonton Oilers,San Jose Sharks,2,1,REG
2014-12-09,Carolina Hurricanes,New Jersey Devils,New Jersey Devils,Carolina Hurricanes,2,1,REG
2014-12-09,New York Rangers,Pittsburgh Penguins,New York Rangers,Pittsburgh Penguins,4,3,OT
2014-12-09,St. Louis Blues,Florida Panthers,St. Louis Blues,Florida Panthers,4,2,REG
2014-12-10,New Jersey Devils,Chicago Blackhawks,Chicago Blackhawks,New Jersey Devils,3,2,SO
2014-12-10,Columbus Blue Jackets,Philadelphia Flyers,Columbus Blue Jackets,Philadelphia Flyers,3,2,OT
2014-12-10,Toronto Maple Leafs,Calgary Flames,Toronto Maple Leafs,Calgary Flames,4,1,REG
2014-12-10,Montreal Canadiens,Vancouver Canucks,Montreal Canadiens,Vancouver Canucks,3,1,REG
2014-12-10,Tampa Bay Lightning,Washington Capitals,Washington Capitals,Tampa Bay Lightning,5,3,REG
2014-12-10,Minnesota Wild,New York Islanders,Minnesota Wild,New York Islanders,5,4,REG
2014-12-10,Dallas Stars,Winnipeg Jets,Winnipeg Jets,Dallas Stars,5,2,REG
2014-12-10,Colorado Avalanche,Nashville Predators,Nashville Predators,Colorado Avalanche,3,0,REG
2014-12-10,San Jose Sharks,Edmonton Oilers,San Jose Sharks,Edmonton Oilers,5,2,REG
2014-12-11,Detroit Red Wings,Toronto Maple Leafs,Toronto Maple Leafs,Detroit Red Wings,2,1,SO
2014-12-11,Anaheim Ducks,Edmonton Oilers,Anaheim Ducks,Edmonton Oilers,2,1,REG
2014-12-12,Boston Bruins,Chicago Blackhawks,Chicago Blackhawks,Boston Bruins,3,2,REG
2014-12-12,Buffalo Sabres,Calgary Flames,Buffalo Sabres,Calgary Flames,4,3,REG
2014-12-12,Philadelphia Flyers,New Jersey Devils,Philadelphia Flyers,New Jersey Devils,4,1,REG
2014-12-12,Washington Capitals,Columbus Blue Jackets,Columbus Blue Jackets,Washington Capitals,3,2,OT
2014-12-12,Ottawa Senators,Los Angeles Kings,Los Angeles Kings,Ottawa Senators,5,3,REG
2014-12-12,Tampa Bay Lightning,Carolina Hurricanes,Tampa Bay Lightning,Carolina Hurricanes,2,1,REG
2014-12-12,St. Louis Blues,New York Islanders,St. Louis Blues,New York Islanders,6,3,REG
2014-12-12,Arizona Coyotes,Nashville Predators,Nashville Predators,Arizona Coyotes,5,1,REG
2014-12-12,Colorado Avalanche,Winnipeg Jets,Colorado Avalanche,Winnipeg Jets,4,3,SO
2014-12-12,San Jose Sharks,Minnesota Wild,San Jose Sharks,Minnesota Wild,2,1,REG
2014-12-13,Pittsburgh Penguins,Calgary Flames,Pittsburgh Penguins,Calgary Flames,3,1,REG
2014-12-13,Montreal Canadiens,Los Angeles Kings,Montreal Canadiens,Los Angeles Kings,6,2,REG
2014-12-13,Detroit Red Wings,Florida Panthers,Florida Panthers,Detroit Red Wings,3,2,SO
2014-12-13,Edmonton Oilers,Anaheim Ducks,Anaheim Ducks,Edmonton Oilers,4,2,REG
2014-12-13,Boston Bruins,Ottawa Senators,Ottawa Senators,Boston Bruins,3,2,SO
2014-12-13,Philadelphia Flyers,Carolina Hurricanes,Philadelphia Flyers,Carolina Hurricanes,5,1,REG
2014-12-14,Buffalo Sabres,Florida Panthers,Buffalo Sabres,Florida Panthers,4,3,OT
2014-12-14,Toronto Maple Leafs,Detroit Red Wings,Toronto Maple Leafs,Detroit Red Wings,4,1,REG
2014-12-14,Washington Capitals,Tampa Bay Lightning,Washington Capitals,Tampa Bay Lightning,4,2,REG
2014-12-14,New York Islanders,Chicago Blackhawks,New York Islanders,Chicago Blackhawks,3,2,REG
2014-12-14,Columbus Blue Jackets,Pittsburgh Penguins,Columbus Blue Jackets,Pittsburgh Penguins,4,3,SO
2014-12-14,Winnipeg Jets,Anaheim Ducks,Anaheim Ducks,Winnipeg Jets,4,1,REG
2014-12-14,Arizona Coyotes,Minnesota Wild,Minnesota Wild,Arizona Coyotes,4,3,SO
2014-12-14,Dallas Stars,New Jersey Devils,Dallas Stars,New Jersey Devils,4,3,REG
2014-12-14,Vancouver Canucks,New York Rangers,New York Rangers,Vancouver Canucks,5,1,REG
2014-12-14,Colorado Avalanche,St. Louis Blues,St. Louis Blues,Colorado Avalanche,3,2,OT
2014-12-14,San Jose Sharks,Nashville Predators,San Jose Sharks,Nashville Predators,2,0,REG
2014-12-14,Toronto Maple Leafs,Los Angeles Kings,Toronto Maple Leafs,Los Angeles Kings,4,3,SO
2014-12-15,Chicago Blackhawks,Calgary Flames,Chicago Blackhawks,Calgary Flames,2,1,REG
2014-12-15,Edmonton Oilers,New York Rangers,New York Rangers,Edmonton Oilers,2,0,REG
2014-12-16,Buffalo Sabres,Ottawa Senators,Buffalo Sabres,Ottawa Senators,5,4,SO
2014-12-16,Pittsburgh Penguins,Tampa Bay Lightning,Pittsburgh Penguins,Tampa Bay Lightning,4,2,REG
2014-12-16,New York Islanders,New Jersey Devils,New York Islanders,New Jersey Devils,3,2,SO
2014-12-17,Philadelphia Flyers,Tampa Bay Lightning,Tampa Bay Lightning,Philadelphia Flyers,3,1,REG
2014-12-17,Toronto Maple Leafs,Anaheim Ducks,Toronto Maple Leafs,Anaheim Ducks,6,2,REG
2014-12-17,Montreal Canadiens,Carolina Hurricanes,Montreal Canadiens,Carolina Hurricanes,4,1,REG
2014-12-17,Florida Panthers,Washington Capitals,Florida Panthers,Washington Capitals,2,1,SO
2014-12-17,Nashville Predators,Boston Bruins,Nashville Predators,Boston Bruins,3,2,SO
2014-12-17,Winnipeg Jets,Buffalo Sabres,Winnipeg Jets,Buffalo Sabres,5,1,REG
2014-12-17,St. Louis Blues,Los Angeles Kings,St. Louis Blues,Los Angeles Kings,5,2,REG
2014-12-17,Chicago Blackhawks,Minnesota Wild,Chicago Blackhawks,Minnesota Wild,5,3,REG
2014-12-17,Calgary Flames,New York Rangers,New York Rangers,Calgary Flames,5,2,REG
2014-12-17,Arizona Coyotes,Edmonton Oilers,Arizona Coyotes,Edmonton Oilers,2,1,OT
2014-12-18,New Jersey Devils,Ottawa Senators,Ottawa Senators,New Jersey Devils,2,0,REG
2014-12-18,Minnesota Wild,Boston Bruins,Boston Bruins,Minnesota Wild,3,2,OT
2014-12-18,Vancouver Canucks,Dallas Stars,Dallas Stars,Vancouver Canucks,2,0,REG
2014-12-19,Carolina Hurricanes,Toronto Maple Leafs,Carolina Hurricanes,Toronto Maple Leafs,4,1,REG
2014-12-19,Philadelphia Flyers,Florida Panthers,Florida Panthers,Philadelphia Flyers,2,1,SO
2014-12-19,Columbus Blue Jackets,Washington Capitals,Washington Capitals,Columbus Blue Jackets,5,4,OT
2014-12-19,Montreal Canadiens,Anaheim Ducks,Anaheim Ducks,Montreal Canadiens,2,1,REG
2014-12-19,Los Angeles Kings,St. Louis Blues,Los Angeles Kings,St. Louis Blues,6,4,REG
2014-12-19,San Jose Sharks,Edmonton Oilers,San Jose Sharks,Edmonton Oilers,4,3,REG
2014-12-20,New Jersey Devils,Tampa Bay Lightning,New Jersey Devils,Tampa Bay Lightning,3,2,SO
2014-12-20,Ottawa Senators,Anaheim Ducks,Ottawa Senators,Anaheim Ducks,6,2,REG
2014-12-20,Detroit Red Wings,New York Islanders,New York Islanders,Detroit Red Wings,2,1,REG
2014-12-20,Winnipeg Jets,Boston Bruins,Winnipeg Jets,Boston Bruins,2,1,REG
2014-12-20,Calgary Flames,Dallas Stars,Dallas Stars,Calgary Flames,2,1,REG
2014-12-20,Los Angeles Kings,Arizona Coyotes,Los Angeles Kings,Arizona Coyotes,4,2,REG
2014-12-21,Buffalo Sabres,Colorado Avalanche,Colorado Avalanche,Buffalo Sabres,5,1,REG
2014-12-21,Toronto Maple Leafs,Philadelphia Flyers,Philadelphia Flyers,Toronto Maple Leafs,7,4,REG
2014-12-21,Montreal Canadiens,Ottawa Senators,Montreal Canadiens,Ottawa Senators,4,1,REG
2014-12-21,New York Islanders,Tampa Bay Lightning,New York Islanders,Tampa Bay Lightning,3,1,REG
2014-12-21,Pittsburgh Penguins,Florida Panthers,Pittsburgh Penguins,Florida Panthers,3,1,REG
2014-12-21,New Jersey Devils,Washington Capitals,Washington Capitals,New Jersey Devils,4,0,REG
2014-12-21,Carolina Hurricanes,New York Rangers,New York Rangers,Carolina Hurricanes,3,2,SO
2014-12-21,Columbus Blue Jackets,Chicago Blackhawks,Columbus Blue Jackets,Chicago Blackhawks,3,2,SO
2014-12-21,Minnesota Wild,Nashville Predators,Nashville Predators,Minnesota Wild,6,5,OT
2014-12-21,Vancouver Canucks,Calgary Flames,Vancouver Canucks,Calgary Flames,3,2,OT
2014-12-21,San Jose Sharks,St. Louis Blues,San Jose Sharks,St. Louis Blues,3,2,OT
2014-12-21,Detroit Red Wings,Colorado Avalanche,Colorado Avalanche,Detroit Red Wings,2,1,SO
2014-12-21,Edmonton Oilers,Dallas Stars,Dallas Stars,Edmonton Oilers,6,5,SO
2014-12-22,Boston Bruins,Buffalo Sabres,Boston Bruins,Buffalo Sabres,4,3,OT
2014-12-22,Chicago Blackhawks,Toronto Maple Leafs,Chicago Blackhawks,Toronto Maple Leafs,4,0,REG
2014-12-22,Winnipeg Jets,Philadelphia Flyers,Philadelphia Flyers,Winnipeg Jets,4,3,OT
2014-12-23,Washington Capitals,Ottawa Senators,Washington Capitals,Ottawa Senators,2,1,REG
2014-12-23,Columbus Blue Jackets,Nashville Predators,Nashville Predators,Columbus Blue Jackets,5,1,REG
2014-12-23,Florida Panthers,Pittsburgh Penguins,Florida Panthers,Pittsburgh Penguins,4,3,SO
2014-12-23,Vancouver Canucks,Arizona Coyotes,Vancouver Canucks,Arizona Coyotes,5,1,REG
2014-12-23,Anaheim Ducks,San Jose Sharks,Anaheim Ducks,San Jose Sharks,3,2,OT
2014-12-23,Los Angeles Kings,Calgary Flames,Calgary Flames,Los Angeles Kings,4,3,OT
2014-12-24,Boston Bruins,Nashville Predators,Boston Bruins,Nashville Predators,5,3,REG
2014-12-24,Dallas Stars,Toronto Maple Leafs,Toronto Maple Leafs,Dallas Stars,4,0,REG
2014-12-24,New York Islanders,Montreal Canadiens,Montreal Canadiens,New York Islanders,3,1,REG
2014-12-24,New Jersey Devils,Carolina Hurricanes,Carolina Hurricanes,New Jersey Devils,2,1,SO
2014-12-24,New York Rangers,Washington Capitals,New York Rangers,Washington Capitals,4,2,REG
2014-12-24,Minnesota Wild,Philadelphia Flyers,Philadelphia Flyers,Minnesota Wild,5,2,REG
2014-12-24,Detroit Red Wings,Buffalo Sabres,Detroit Red Wings,Buffalo Sabres,6,3,REG
2014-12-24,Tampa Bay Lightning,Pittsburgh Penguins,Tampa Bay Lightning,Pittsburgh Penguins,4,3,REG
2014-12-24,Colorado Avalanche,St. Louis Blues,Colorado Avalanche,St. Louis Blues,4,0,REG
2014-12-24,Edmonton Oilers,Arizona Coyotes,Arizona Coyotes,Edmonton Oilers,5,1,REG
2014-12-24,Chicago Blackhawks,Winnipeg Jets,Winnipeg Jets,Chicago Blackhawks,5,1,REG
2014-12-28,Columbus Blue Jackets,Boston Bruins,Columbus Blue Jackets,Boston Bruins,6,2,REG
2014-12-28,Buffalo Sabres,New York Islanders,Buffalo Sabres,New York Islanders,4,3,SO
2014-12-28,Ottawa Senators,Detroit Red Wings,Detroit Red Wings,Ottawa Senators,3,2,OT
2014-12-28,Tampa Bay Lightning,Carolina Hurricanes,Tampa Bay Lightning,Carolina Hurricanes,2,1,REG
2014-12-28,New York Rangers,New Jersey Devils,New York Rangers,New Jersey Devils,3,1,REG
2014-12-28,Minnesota Wild,Winnipeg Jets,Winnipeg Jets,Minnesota Wild,4,3,OT
2014-12-28,Pittsburgh Penguins,Washington Capitals,Washington Capitals,Pittsburgh Penguins,3,0,REG
2014-12-28,Nashville Predators,Philadelphia Flyers,Nashville Predators,Philadelphia Flyers,4,1,REG
2014-12-28,St. Louis Blues,Dallas Stars,Dallas Stars,St. Louis Blues,4,3,REG
2014-12-28,Arizona Coyotes,Anaheim Ducks,Arizona Coyotes,Anaheim Ducks,2,1,SO
2014-12-28,Colorado Avalanche,Chicago Blackhawks,Chicago Blackhawks,Colorado Avalanche,5,2,REG
2014-12-28,Calgary Flames,Edmonton Oilers,Calgary Flames,Edmonton Oilers,4,1,REG
2014-12-28,Los Angeles Kings,San Jose Sharks,Los Angeles Kings,San Jose Sharks,3,1,REG
2014-12-28,Florida Panthers,Toronto Maple Leafs,Florida Panthers,Toronto Maple Leafs,6,4,REG
2014-12-29,Anaheim Ducks,Vancouver Canucks,Anaheim Ducks,Vancouver Canucks,2,1,OT
2014-12-30,Boston Bruins,Detroit Red Wings,Boston Bruins,Detroit Red Wings,5,2,REG
2014-12-30,Carolina Hurricanes,Montreal Canadiens,Montreal Canadiens,Carolina Hurricanes,3,1,REG
2014-12-30,New Jersey Devils,Pittsburgh Penguins,New Jersey Devils,Pittsburgh Penguins,3,1,REG
2014-12-30,New York Islanders,Washington Capitals,New York Islanders,Washington Capitals,4,3,OT
2014-12-30,Ottawa Senators,Buffalo Sabres,Ottawa Senators,Buffalo Sabres,5,2,REG
2014-12-30,Tampa Bay Lightning,Toronto Maple Leafs,Tampa Bay Lightning,Toronto Maple Leafs,3,2,REG
2014-12-30,St. Louis Blues,Colorado Avalanche,St. Louis Blues,Colorado Avalanche,3,0,REG
2014-12-30,Winnipeg Jets,Minnesota Wild,Minnesota Wild,Winnipeg Jets,3,2,REG
2014-12-30,Dallas Stars,New York Rangers,Dallas Stars,New York Rangers,3,2,REG
2014-12-30,Chicago Blackhawks,Nashville Predators,Chicago Blackhawks,Nashville Predators,5,4,SO
2014-12-30,Arizona Coyotes,Philadelphia Flyers,Arizona Coyotes,Philadelphia Flyers,4,2,REG
2014-12-30,Calgary Flames,Los Angeles Kings,Calgary Flames,Los Angeles Kings,2,1,REG
2014-12-31,Florida Panthers,Montreal Canadiens,Montreal Canadiens,Florida Panthers,2,1,SO
2014-12-31,Nashville Predators,St. Louis Blues,Nashville Predators,St. Louis Blues,3,2,REG
2014-12-31,Edmonton Oilers,Los Angeles Kings,Edmonton Oilers,Los Angeles Kings,3,2,SO
2014-12-31,San Jose Sharks,Vancouver Canucks,Vancouver Canucks,San Jose Sharks,3,1,REG
2014-12-31,Winnipeg Jets,New York Islanders,New York Islanders,Winnipeg Jets,5,2,REG
2014-12-31,Buffalo Sabres,Tampa Bay Lightning,Tampa Bay Lightning,Buffalo Sabres,5,1,REG
2014-12-31,Florida Panthers,New York Rangers,New York Rangers,Florida Panthers,5,2,REG
2015-01-01,Boston Bruins,Toronto Maple Leafs,Toronto Maple Leafs,Boston Bruins,4,3,SO
2015-01-01,Pittsburgh Penguins,Carolina Hurricanes,Pittsburgh Penguins,Carolina Hurricanes,2,1,REG
2015-01-01,Columbus Blue Jackets,Minnesota Wild,Columbus Blue Jackets,Minnesota Wild,3,1,REG
2015-01-01,Detroit Red Wings,New Jersey Devils,Detroit Red Wings,New Jersey Devils,3,1,REG
2015-01-01,Dallas Stars,Arizona Coyotes,Dallas Stars,Arizona Coyotes,4,0,REG
2015-01-01,Anaheim Ducks,San Jose Sharks,San Jose Sharks,Anaheim Ducks,3,0,REG
2015-01-01,Colorado Avalanche,Philadelphia Flyers,Colorado Avalanche,Philadelphia Flyers,4,3,OT
2015-01-01,Calgary Flames,Edmonton Oilers,Calgary Flames,Edmonton Oilers,4,3,OT
2015-01-01,Washington Capitals,Chicago Blackhawks,Washington Capitals,Chicago Blackhawks,3,2,REG
2015-01-02,Vancouver Canucks,Los Angeles Kings,Los Angeles Kings,Vancouver Canucks,3,2,REG
2015-01-03,Buffalo Sabres,Florida Panthers,Florida Panthers,Buffalo Sabres,2,0,REG
2015-01-03,New Jersey Devils,Montreal Canadiens,Montreal Canadiens,New Jersey Devils,4,2,REG
2015-01-03,Pittsburgh Penguins,Tampa Bay Lightning,Pittsburgh Penguins,Tampa Bay Lightning,6,3,REG
2015-01-03,Carolina Hurricanes,Philadelphia Flyers,Carolina Hurricanes,Philadelphia Flyers,2,1,REG
2015-01-03,Minnesota Wild,Toronto Maple Leafs,Minnesota Wild,Toronto Maple Leafs,3,1,REG
2015-01-03,Calgary Flames,New York Islanders,New York Islanders,Calgary Flames,2,1,REG
2015-01-03,Colorado Avalanche,Edmonton Oilers,Colorado Avalanche,Edmonton Oilers,2,1,SO
2015-01-03,Anaheim Ducks,St. Louis Blues,Anaheim Ducks,St. Louis Blues,4,3,REG
2015-01-03,Boston Bruins,Ottawa Senators,Ottawa Senators,Boston Bruins,3,2,OT
2015-01-03,Los Angeles Kings,Nashville Predators,Nashville Predators,Los Angeles Kings,7,6,OT
2015-01-04,New York Rangers,Buffalo Sabres,New York Rangers,Buffalo Sabres,5,1,REG
2015-01-04,Winnipeg Jets,Toronto Maple Leafs,Winnipeg Jets,Toronto Maple Leafs,5,1,REG
2015-01-04,Pittsburgh Penguins,Montreal Canadiens,Montreal Canadiens,Pittsburgh Penguins,4,1,REG
2015-01-04,New Jersey Devils,Philadelphia Flyers,New Jersey Devils,Philadelphia Flyers,5,2,REG
2015-01-04,Arizona Coyotes,Columbus Blue Jackets,Arizona Coyotes,Columbus Blue Jackets,6,3,REG
2015-01-04,Dallas Stars,Minnesota Wild,Dallas Stars,Minnesota Wild,5,1,REG
2015-01-04,Vancouver Canucks,Detroit Red Wings,Vancouver Canucks,Detroit Red Wings,4,1,REG
2015-01-04,San Jose Sharks,St. Louis Blues,St. Louis Blues,San Jose Sharks,6,2,REG
2015-01-04,Carolina Hurricanes,Boston Bruins,Carolina Hurricanes,Boston Bruins,2,1,SO
2015-01-04,Washington Capitals,Florida Panthers,Washington Capitals,Florida Panthers,4,3,REG
2015-01-05,Ottawa Senators,Tampa Bay Lightning,Tampa Bay Lightning,Ottawa Senators,4,2,REG
2015-01-05,Colorado Avalanche,Columbus Blue Jackets,Columbus Blue Jackets,Colorado Avalanche,4,3,REG
2015-01-05,Chicago Blackhawks,Dallas Stars,Chicago Blackhawks,Dallas Stars,5,4,OT
2015-01-05,Anaheim Ducks,Nashville Predators,Anaheim Ducks,Nashville Predators,4,3,SO
2015-01-05,Edmonton Oilers,New York Islanders,Edmonton Oilers,New York Islanders,5,2,REG
2015-01-06,Winnipeg Jets,San Jose Sharks,San Jose Sharks,Winnipeg Jets,3,2,REG
2015-01-07,New Jersey Devils,Buffalo Sabres,New Jersey Devils,Buffalo Sabres,4,1,REG
2015-01-07,Philadelphia Flyers,Ottawa Senators,Philadelphia Flyers,Ottawa Senators,2,1,SO
2015-01-07,Montreal Canadiens,Tampa Bay Lightning,Tampa Bay Lightning,Montreal Canadiens,4,2,REG
2015-01-07,Nashville Predators,Carolina Hurricanes,Nashville Predators,Carolina Hurricanes,3,2,REG
2015-01-07,Minnesota Wild,San Jose Sharks,San Jose Sharks,Minnesota Wild,4,3,OT
2015-01-07,Dallas Stars,Columbus Blue Jackets,Columbus Blue Jackets,Dallas Stars,4,2,REG
2015-01-07,Chicago Blackhawks,Colorado Avalanche,Colorado Avalanche,Chicago Blackhawks,2,0,REG
2015-01-07,Arizona Coyotes,St. Louis Blues,St. Louis Blues,Arizona Coyotes,4,0,REG
2015-01-07,Edmonton Oilers,Detroit Red Wings,Detroit Red Wings,Edmonton Oilers,4,2,REG
2015-01-07,Vancouver Canucks,New York Islanders,Vancouver Canucks,New York Islanders,3,2,REG
2015-01-08,Toronto Maple Leafs,Washington Capitals,Washington Capitals,Toronto Maple Leafs,6,2,REG
2015-01-08,Pittsburgh Penguins,Boston Bruins,Boston Bruins,Pittsburgh Penguins,3,2,OT
2015-01-08,Calgary Flames,Detroit Red Wings,Detroit Red Wings,Calgary Flames,3,2,REG
2015-01-08,Anaheim Ducks,New York Rangers,New York Rangers,Anaheim Ducks,4,1,REG
2015-01-09,Boston Bruins,New Jersey Devils,Boston Bruins,New Jersey Devils,3,0,REG
2015-01-09,Carolina Hurricanes,Buffalo Sabres,Carolina Hurricanes,Buffalo Sabres,5,2,REG
2015-01-09,Philadelphia Flyers,Washington Capitals,Philadelphia Flyers,Washington Capitals,3,2,OT
2015-01-09,Minnesota Wild,Chicago Blackhawks,Chicago Blackhawks,Minnesota Wild,4,2,REG
2015-01-09,St. Louis Blues,San Jose Sharks,St. Louis Blues,San Jose Sharks,6,2,REG
2015-01-09,Nashville Predators,Dallas Stars,Nashville Predators,Dallas Stars,3,2,OT
2015-01-09,Colorado Avalanche,Ottawa Senators,Colorado Avalanche,Ottawa Senators,5,2,REG
2015-01-09,Arizona Coyotes,Winnipeg Jets,Arizona Coyotes,Winnipeg Jets,4,1,REG
2015-01-09,Vancouver Canucks,Florida Panthers,Florida Panthers,Vancouver Canucks,3,1,REG
2015-01-09,Los Angeles Kings,New York Rangers,New York Rangers,Los Angeles Kings,4,3,REG
2015-01-10,New Jersey Devils,New York Islanders,New York Islanders,New Jersey Devils,3,2,OT
2015-01-10,Tampa Bay Lightning,Buffalo Sabres,Tampa Bay Lightning,Buffalo Sabres,2,1,REG
2015-01-10,Toronto Maple Leafs,Columbus Blue Jackets,Toronto Maple Leafs,Columbus Blue Jackets,5,2,REG
2015-01-10,Calgary Flames,Florida Panthers,Florida Panthers,Calgary Flames,6,5,REG
2015-01-10,Edmonton Oilers,Chicago Blackhawks,Edmonton Oilers,Chicago Blackhawks,5,2,REG
2015-01-10,Philadelphia Flyers,Boston Bruins,Boston Bruins,Philadelphia Flyers,3,1,REG
2015-01-10,Minnesota Wild,Nashville Predators,Nashville Predators,Minnesota Wild,3,1,REG
2015-01-10,Colorado Avalanche,Dallas Stars,Colorado Avalanche,Dallas Stars,4,3,REG
2015-01-11,Montreal Canadiens,Pittsburgh Penguins,Pittsburgh Penguins,Montreal Canadiens,2,1,OT
2015-01-11,Arizona Coyotes,Ottawa Senators,Ottawa Senators,Arizona Coyotes,5,1,REG
2015-01-11,Washington Capitals,Detroit Red Wings,Washington Capitals,Detroit Red Wings,3,1,REG
2015-01-11,Columbus Blue Jackets,New York Islanders,New York Islanders,Columbus Blue Jackets,5,2,REG
2015-01-11,St. Louis Blues,Carolina Hurricanes,St. Louis Blues,Carolina Hurricanes,5,4,SO
2015-01-11,San Jose Sharks,New York Rangers,New York Rangers,San Jose Sharks,3,1,REG
2015-01-11,Los Angeles Kings,Winnipeg Jets,Winnipeg Jets,Los Angeles Kings,5,4,SO
2015-01-12,Edmonton Oilers,Florida Panthers,Florida Panthers,Edmonton Oilers,4,2,REG
2015-01-12,Chicago Blackhawks,Minnesota Wild,Chicago Blackhawks,Minnesota Wild,4,1,REG
2015-01-12,Anaheim Ducks,Winnipeg Jets,Anaheim Ducks,Winnipeg Jets,5,4,SO
2015-01-13,Philadelphia Flyers,Tampa Bay Lightning,Philadelphia Flyers,Tampa Bay Lightning,7,3,REG
2015-01-13,Washington Capitals,Colorado Avalanche,Washington Capitals,Colorado Avalanche,2,1,REG
2015-01-13,Los Angeles Kings,Toronto Maple Leafs,Los Angeles Kings,Toronto Maple Leafs,2,0,REG
2015-01-14,Boston Bruins,Tampa Bay Lightning,Boston Bruins,Tampa Bay Lightning,4,3,REG
2015-01-14,Buffalo Sabres,Detroit Red Wings,Detroit Red Wings,Buffalo Sabres,3,1,REG
2015-01-14,New York Rangers,New York Islanders,New York Islanders,New York Rangers,3,0,REG
2015-01-14,Pittsburgh Penguins,Minnesota Wild,Pittsburgh Penguins,Minnesota Wild,6,2,REG
2015-01-14,Carolina Hurricanes,Colorado Avalanche,Carolina Hurricanes,Colorado Avalanche,3,2,SO
2015-01-14,Winnipeg Jets,Florida Panthers,Winnipeg Jets,Florida Panthers,6,2,REG
2015-01-14,St. Louis Blues,Edmonton Oilers,St. Louis Blues,Edmonton Oilers,4,2,REG
2015-01-14,Nashville Predators,Vancouver Canucks,Nashville Predators,Vancouver Canucks,5,1,REG
2015-01-14,Dallas Stars,Ottawa Senators,Dallas Stars,Ottawa Senators,5,4,REG
2015-01-14,Arizona Coyotes,San Jose Sharks,San Jose Sharks,Arizona Coyotes,3,2,REG
2015-01-15,Columbus Blue Jackets,Montreal Canadiens,Montreal Canadiens,Columbus Blue Jackets,3,2,REG
2015-01-15,Anaheim Ducks,Toronto Maple Leafs,Anaheim Ducks,Toronto Maple Leafs,4,0,REG
2015-01-15,Los Angeles Kings,New Jersey Devils,New Jersey Devils,Los Angeles Kings,5,3,REG
2015-01-16,Boston Bruins,New York Rangers,Boston Bruins,New York Rangers,3,0,REG
2015-01-16,Buffalo Sabres,Minnesota Wild,Minnesota Wild,Buffalo Sabres,4,0,REG
2015-01-16,Philadelphia Flyers,Vancouver Canucks,Vancouver Canucks,Philadelphia Flyers,4,0,REG
2015-01-16,Ottawa Senators,Montreal Canadiens,Ottawa Senators,Montreal Canadiens,4,1,REG
2015-01-16,Tampa Bay Lightning,Edmonton Oilers,Tampa Bay Lightning,Edmonton Oilers,3,2,REG
2015-01-16,Florida Panthers,Colorado Avalanche,Colorado Avalanche,Florida Panthers,4,2,REG
2015-01-16,St. Louis Blues,Detroit Red Wings,Detroit Red Wings,St. Louis Blues,3,2,OT
2015-01-16,Dallas Stars,Winnipeg Jets,Winnipeg Jets,Dallas Stars,2,1,REG
2015-01-16,Arizona Coyotes,Calgary Flames,Calgary Flames,Arizona Coyotes,4,1,REG
2015-01-16,San Jose Sharks,Toronto Maple Leafs,San Jose Sharks,Toronto Maple Leafs,3,1,REG
2015-01-17,New York Islanders,Pittsburgh Penguins,New York Islanders,Pittsburgh Penguins,6,3,REG
2015-01-17,Columbus Blue Jackets,New York Rangers,New York Rangers,Columbus Blue Jackets,2,1,REG
2015-01-17,Carolina Hurricanes,Vancouver Canucks,Vancouver Canucks,Carolina Hurricanes,3,0,REG
2015-01-17,Nashville Predators,Washington Capitals,Nashville Predators,Washington Capitals,4,3,REG
2015-01-17,Chicago Blackhawks,Winnipeg Jets,Winnipeg Jets,Chicago Blackhawks,4,2,REG
2015-01-17,Anaheim Ducks,New Jersey Devils,Anaheim Ducks,New Jersey Devils,5,1,REG
2015-01-18,Boston Bruins,Columbus Blue Jackets,Columbus Blue Jackets,Boston Bruins,3,1,REG
2015-01-18,Buffalo Sabres,Philadelphia Flyers,Philadelphia Flyers,Buffalo Sabres,4,3,REG
2015-01-18,St. Louis Blues,Toronto Maple Leafs,St. Louis Blues,Toronto Maple Leafs,3,0,REG
2015-01-18,Montreal Canadiens,New York Islanders,Montreal Canadiens,New York Islanders,6,4,REG
2015-01-18,Ottawa Senators,Carolina Hurricanes,Carolina Hurricanes,Ottawa Senators,3,2,REG
2015-01-18,Detroit Red Wings,Nashville Predators,Detroit Red Wings,Nashville Predators,5,2,REG
2015-01-18,Tampa Bay Lightning,Colorado Avalanche,Tampa Bay Lightning,Colorado Avalanche,3,2,SO
2015-01-18,Florida Panthers,Edmonton Oilers,Edmonton Oilers,Florida Panthers,3,2,SO
2015-01-18,Dallas Stars,Washington Capitals,Dallas Stars,Washington Capitals,5,4,REG
2015-01-18,Minnesota Wild,Arizona Coyotes,Minnesota Wild,Arizona Coyotes,3,1,REG
2015-01-18,San Jose Sharks,Calgary Flames,Calgary Flames,San Jose Sharks,4,3,OT
2015-01-18,Los Angeles Kings,Anaheim Ducks,Anaheim Ducks,Los Angeles Kings,3,2,SO
2015-01-18,Pittsburgh Penguins,New York Rangers,New York Rangers,Pittsburgh Penguins,5,2,REG
2015-01-18,Chicago Blackhawks,Dallas Stars,Dallas Stars,Chicago Blackhawks,6,3,REG
2015-01-19,Winnipeg Jets,Arizona Coyotes,Winnipeg Jets,Arizona Coyotes,4,3,SO
2015-01-19,Detroit Red Wings,Buffalo Sabres,Detroit Red Wings,Buffalo Sabres,6,4,REG
2015-01-19,New York Islanders,Philadelphia Flyers,New York Islanders,Philadelphia Flyers,7,4,REG
2015-01-20,Toronto Maple Leafs,Carolina Hurricanes,Carolina Hurricanes,Toronto Maple Leafs,4,1,REG
2015-01-20,Florida Panthers,Vancouver Canucks,Vancouver Canucks,Florida Panthers,2,1,REG
2015-01-20,Minnesota Wild,Columbus Blue Jackets,Columbus Blue Jackets,Minnesota Wild,3,1,REG
2015-01-20,St. Louis Blues,Colorado Avalanche,St. Louis Blues,Colorado Avalanche,3,1,REG
2015-01-20,San Jose Sharks,New Jersey Devils,New Jersey Devils,San Jose Sharks,5,2,REG
2015-01-20,Los Angeles Kings,Calgary Flames,Calgary Flames,Los Angeles Kings,2,1,OT
2015-01-21,New York Rangers,Ottawa Senators,New York Rangers,Ottawa Senators,3,2,OT
2015-01-21,Washington Capitals,Edmonton Oilers,Edmonton Oilers,Washington Capitals,5,4,SO
2015-01-21,Montreal Canadiens,Nashville Predators,Montreal Canadiens,Nashville Predators,2,1,OT
2015-01-21,Detroit Red Wings,Minnesota Wild,Detroit Red Wings,Minnesota Wild,5,4,SO
2015-01-21,Tampa Bay Lightning,Vancouver Canucks,Tampa Bay Lightning,Vancouver Canucks,4,1,REG
2015-01-21,Philadelphia Flyers,Pittsburgh Penguins,Philadelphia Flyers,Pittsburgh Penguins,3,2,OT
2015-01-21,Dallas Stars,Boston Bruins,Boston Bruins,Dallas Stars,3,1,REG
2015-01-21,Chicago Blackhawks,Arizona Coyotes,Chicago Blackhawks,Arizona Coyotes,5,1,REG
2015-01-22,Ottawa Senators,Toronto Maple Leafs,Ottawa Senators,Toronto Maple Leafs,4,3,REG
2015-01-22,Pittsburgh Penguins,Chicago Blackhawks,Chicago Blackhawks,Pittsburgh Penguins,3,2,SO
2015-01-22,Winnipeg Jets,Columbus Blue Jackets,Winnipeg Jets,Columbus Blue Jackets,4,0,REG
2015-01-22,Colorado Avalanche,Boston Bruins,Colorado Avalanche,Boston Bruins,3,2,SO
2015-01-22,Anaheim Ducks,Calgary Flames,Anaheim Ducks,Calgary Flames,6,3,REG
2015-01-22,San Jose Sharks,Los Angeles Kings,San Jose Sharks,Los Angeles Kings,4,2,REG
2015-01-28,New York Islanders,New York Rangers,New York Islanders,New York Rangers,4,1,REG
2015-01-28,Philadelphia Flyers,Arizona Coyotes,Philadelphia Flyers,Arizona Coyotes,4,3,SO
2015-01-28,Pittsburgh Penguins,Winnipeg Jets,Pittsburgh Penguins,Winnipeg Jets,5,3,REG
2015-01-28,Columbus Blue Jackets,Washington Capitals,Columbus Blue Jackets,Washington Capitals,4,3,REG
2015-01-28,Montreal Canadiens,Dallas Stars,Montreal Canadiens,Dallas Stars,3,2,REG
2015-01-28,Florida Panthers,Detroit Red Wings,Detroit Red Wings,Florida Panthers,5,4,REG
2015-01-28,Carolina Hurricanes,Tampa Bay Lightning,Carolina Hurricanes,Tampa Bay Lightning,4,2,REG
2015-01-28,Nashville Predators,Colorado Avalanche,Nashville Predators,Colorado Avalanche,4,3,OT
2015-01-28,Calgary Flames,Buffalo Sabres,Calgary Flames,Buffalo Sabres,4,1,REG
2015-01-28,Edmonton Oilers,Minnesota Wild,Minnesota Wild,Edmonton Oilers,2,1,REG
2015-01-28,Vancouver Canucks,Anaheim Ducks,Anaheim Ducks,Vancouver Canucks,4,0,REG
2015-01-29,New Jersey Devils,Toronto Maple Leafs,New Jersey Devils,Toronto Maple Leafs,2,1,SO
2015-01-29,Washington Capitals,Pittsburgh Penguins,Washington Capitals,Pittsburgh Penguins,4,0,REG
2015-01-29,Los Angeles Kings,Chicago Blackhawks,Los Angeles Kings,Chicago Blackhawks,4,3,REG
2015-01-30,New York Islanders,Boston Bruins,Boston Bruins,New York Islanders,5,2,REG
2015-01-30,Philadelphia Flyers,Winnipeg Jets,Philadelphia Flyers,Winnipeg Jets,5,2,REG
2015-01-30,Toronto Maple Leafs,Arizona Coyotes,Arizona Coyotes,Toronto Maple Leafs,3,1,REG
2015-01-30,Ottawa Senators,Dallas Stars,Dallas Stars,Ottawa Senators,6,3,REG
2015-01-30,Tampa Bay Lightning,Detroit Red Wings,Tampa Bay Lightning,Detroit Red Wings,5,1,REG
2015-01-30,Florida Panthers,Columbus Blue Jackets,Florida Panthers,Columbus Blue Jackets,3,2,REG
2015-01-30,St. Louis Blues,Nashville Predators,St. Louis Blues,Nashville Predators,5,4,SO
2015-01-30,Edmonton Oilers,Buffalo Sabres,Edmonton Oilers,Buffalo Sabres,3,2,REG
2015-01-30,San Jose Sharks,Anaheim Ducks,San Jose Sharks,Anaheim Ducks,6,3,REG
2015-01-31,New Jersey Devils,Pittsburgh Penguins,Pittsburgh Penguins,New Jersey Devils,2,1,OT
2015-01-31,Carolina Hurricanes,St. Louis Blues,St. Louis Blues,Carolina Hurricanes,3,2,SO
2015-01-31,Colorado Avalanche,Nashville Predators,Colorado Avalanche,Nashville Predators,3,0,REG
2015-01-31,Vancouver Canucks,Buffalo Sabres,Vancouver Canucks,Buffalo Sabres,5,2,REG
2015-01-31,Anaheim Ducks,Chicago Blackhawks,Chicago Blackhawks,Anaheim Ducks,4,1,REG
2015-01-31,Detroit Red Wings,New York Islanders,Detroit Red Wings,New York Islanders,4,1,REG
2015-01-31,Ottawa Senators,Arizona Coyotes,Ottawa Senators,Arizona Coyotes,6,2,REG
2015-02-01,Boston Bruins,Los Angeles Kings,Boston Bruins,Los Angeles Kings,3,1,REG
2015-02-01,New Jersey Devils,Florida Panthers,New Jersey Devils,Florida Panthers,3,1,REG
2015-02-01,New York Rangers,Carolina Hurricanes,New York Rangers,Carolina Hurricanes,4,1,REG
2015-02-01,Winnipeg Jets,Dallas Stars,Dallas Stars,Winnipeg Jets,5,2,REG
2015-02-01,Tampa Bay Lightning,Columbus Blue Jackets,Tampa Bay Lightning,Columbus Blue Jackets,3,1,REG
2015-02-01,Calgary Flames,Edmonton Oilers,Calgary Flames,Edmonton Oilers,4,2,REG
2015-02-01,San Jose Sharks,Chicago Blackhawks,San Jose Sharks,Chicago Blackhawks,2,0,REG
2015-02-01,Montreal Canadiens,Arizona Coyotes,Arizona Coyotes,Montreal Canadiens,3,2,REG
2015-02-01,Washington Capitals,St. Louis Blues,St. Louis Blues,Washington Capitals,4,3,REG
2015-02-01,Pittsburgh Penguins,Nashville Predators,Nashville Predators,Pittsburgh Penguins,4,0,REG
2015-02-01,Vancouver Canucks,Minnesota Wild,Minnesota Wild,Vancouver Canucks,4,2,REG
2015-02-03,New York Rangers,Florida Panthers,New York Rangers,Florida Panthers,6,3,REG
2015-02-03,Calgary Flames,Winnipeg Jets,Calgary Flames,Winnipeg Jets,5,2,REG
2015-02-03,San Jose Sharks,Edmonton Oilers,Edmonton Oilers,San Jose Sharks,5,4,SO
2015-02-04,New Jersey Devils,Ottawa Senators,New Jersey Devils,Ottawa Senators,2,1,REG
2015-02-04,New York Islanders,Florida Panthers,Florida Panthers,New York Islanders,4,2,REG
2015-02-04,Washington Capitals,Los Angeles Kings,Washington Capitals,Los Angeles Kings,4,0,REG
2015-02-04,Columbus Blue Jackets,Arizona Coyotes,Arizona Coyotes,Columbus Blue Jackets,4,1,REG
2015-02-04,Montreal Canadiens,Buffalo Sabres,Buffalo Sabres,Montreal Canadiens,3,2,REG
2015-02-04,Nashville Predators,Toronto Maple Leafs,Nashville Predators,Toronto Maple Leafs,4,3,REG
2015-02-04,St. Louis Blues,Tampa Bay Lightning,St. Louis Blues,Tampa Bay Lightning,2,1,OT
2015-02-04,Minnesota Wild,Chicago Blackhawks,Minnesota Wild,Chicago Blackhawks,3,0,REG
2015-02-04,Dallas Stars,Colorado Avalanche,Colorado Avalanche,Dallas Stars,3,2,SO
2015-02-04,Anaheim Ducks,Carolina Hurricanes,Anaheim Ducks,Carolina Hurricanes,5,4,OT
2015-02-04,Vancouver Canucks,Winnipeg Jets,Vancouver Canucks,Winnipeg Jets,3,2,OT
2015-02-05,New York Rangers,Boston Bruins,New York Rangers,Boston Bruins,3,2,REG
2015-02-05,Edmonton Oilers,Pittsburgh Penguins,Pittsburgh Penguins,Edmonton Oilers,2,0,REG
2015-02-05,Calgary Flames,San Jose Sharks,Calgary Flames,San Jose Sharks,3,1,REG
2015-02-06,Buffalo Sabres,St. Louis Blues,St. Louis Blues,Buffalo Sabres,3,0,REG
2015-02-06,Philadelphia Flyers,New York Islanders,New York Islanders,Philadelphia Flyers,3,2,SO
2015-02-06,Ottawa Senators,Washington Capitals,Washington Capitals,Ottawa Senators,2,1,REG
2015-02-06,Florida Panthers,Los Angeles Kings,Florida Panthers,Los Angeles Kings,3,2,REG
2015-02-06,Nashville Predators,Anaheim Ducks,Anaheim Ducks,Nashville Predators,5,2,REG
2015-02-06,Dallas Stars,Tampa Bay Lightning,Tampa Bay Lightning,Dallas Stars,5,3,REG
2015-02-06,Colorado Avalanche,Detroit Red Wings,Detroit Red Wings,Colorado Avalanche,3,0,REG
2015-02-06,Arizona Coyotes,Carolina Hurricanes,Carolina Hurricanes,Arizona Coyotes,2,1,SO
2015-02-06,Vancouver Canucks,San Jose Sharks,San Jose Sharks,Vancouver Canucks,5,1,REG
2015-02-07,New Jersey Devils,Toronto Maple Leafs,New Jersey Devils,Toronto Maple Leafs,4,1,REG
2015-02-07,Washington Capitals,Anaheim Ducks,Washington Capitals,Anaheim Ducks,3,2,SO
2015-02-07,Columbus Blue Jackets,St. Louis Blues,Columbus Blue Jackets,St. Louis Blues,5,1,REG
2015-02-07,Winnipeg Jets,Chicago Blackhawks,Chicago Blackhawks,Winnipeg Jets,2,1,OT
2015-02-07,Calgary Flames,Pittsburgh Penguins,Pittsburgh Penguins,Calgary Flames,4,0,REG
2015-02-07,Nashville Predators,New York Rangers,Nashville Predators,New York Rangers,3,2,REG
2015-02-07,Tampa Bay Lightning,Los Angeles Kings,Los Angeles Kings,Tampa Bay Lightning,4,2,REG
2015-02-08,Boston Bruins,New York Islanders,Boston Bruins,New York Islanders,2,1,REG
2015-02-08,Buffalo Sabres,Dallas Stars,Buffalo Sabres,Dallas Stars,3,2,REG
2015-02-08,Toronto Maple Leafs,Edmonton Oilers,Toronto Maple Leafs,Edmonton Oilers,5,1,REG
2015-02-08,Montreal Canadiens,New Jersey Devils,Montreal Canadiens,New Jersey Devils,6,2,REG
2015-02-08,Ottawa Senators,Columbus Blue Jackets,Columbus Blue Jackets,Ottawa Senators,4,1,REG
2015-02-08,Arizona Coyotes,Detroit Red Wings,Detroit Red Wings,Arizona Coyotes,3,1,REG
2015-02-08,Vancouver Canucks,Pittsburgh Penguins,Vancouver Canucks,Pittsburgh Penguins,4,0,REG
2015-02-08,San Jose Sharks,Carolina Hurricanes,Carolina Hurricanes,San Jose Sharks,5,4,REG
2015-02-08,St. Louis Blues,Chicago Blackhawks,Chicago Blackhawks,St. Louis Blues,4,2,REG
2015-02-08,Florida Panthers,Nashville Predators,Nashville Predators,Florida Panthers,3,2,SO
2015-02-08,Washington Capitals,Philadelphia Flyers,Philadelphia Flyers,Washington Capitals,3,1,REG
2015-02-08,Buffalo Sabres,New York Islanders,New York Islanders,Buffalo Sabres,3,2,REG
2015-02-08,Tampa Bay Lightning,Anaheim Ducks,Tampa Bay Lightning,Anaheim Ducks,5,3,REG
2015-02-08,New York Rangers,Dallas Stars,Dallas Stars,New York Rangers,3,2,OT
2015-02-08,Winnipeg Jets,Colorado Avalanche,Winnipeg Jets,Colorado Avalanche,5,3,REG
2015-02-09,Boston Bruins,Montreal Canadiens,Montreal Canadiens,Boston Bruins,3,1,REG
2015-02-10,New Jersey Devils,Edmonton Oilers,Edmonton Oilers,New Jersey Devils,2,1,REG
2015-02-10,Columbus Blue Jackets,Los Angeles Kings,Los Angeles Kings,Columbus Blue Jackets,4,3,REG
2015-02-10,Minnesota Wild,Vancouver Canucks,Minnesota Wild,Vancouver Canucks,5,3,REG
2015-02-10,Chicago Blackhawks,Arizona Coyotes,Arizona Coyotes,Chicago Blackhawks,3,2,SO
2015-02-10,San Jose Sharks,Calgary Flames,Calgary Flames,San Jose Sharks,4,1,REG
2015-02-11,Boston Bruins,Dallas Stars,Dallas Stars,Boston Bruins,5,3,REG
2015-02-11,Buffalo Sabres,Ottawa Senators,Ottawa Senators,Buffalo Sabres,2,1,REG
2015-02-11,New York Islanders,Edmonton Oilers,New York Islanders,Edmonton Oilers,3,2,REG
2015-02-11,Toronto Maple Leafs,New York Rangers,New York Rangers,Toronto Maple Leafs,5,4,REG
2015-02-11,Montreal Canadiens,Philadelphia Flyers,Montreal Canadiens,Philadelphia Flyers,2,1,OT
2015-02-11,Florida Panthers,Anaheim Ducks,Florida Panthers,Anaheim Ducks,6,2,REG
2015-02-11,Nashville Predators,Tampa Bay Lightning,Nashville Predators,Tampa Bay Lightning,3,2,OT
2015-02-11,St. Louis Blues,Arizona Coyotes,St. Louis Blues,Arizona Coyotes,2,1,REG
2015-02-11,Winnipeg Jets,Minnesota Wild,Winnipeg Jets,Minnesota Wild,2,1,OT
2015-02-12,Pittsburgh Penguins,Detroit Red Wings,Pittsburgh Penguins,Detroit Red Wings,4,1,REG
2015-02-12,Chicago Blackhawks,Vancouver Canucks,Vancouver Canucks,Chicago Blackhawks,5,4,OT
2015-02-12,San Jose Sharks,Washington Capitals,Washington Capitals,San Jose Sharks,5,4,OT
2015-02-13,New York Islanders,Toronto Maple Leafs,New York Islanders,Toronto Maple Leafs,3,2,REG
2015-02-13,Carolina Hurricanes,Anaheim Ducks,Anaheim Ducks,Carolina Hurricanes,2,1,REG
2015-02-13,Montreal Canadiens,Edmonton Oilers,Edmonton Oilers,Montreal Canadiens,4,3,OT
2015-02-13,Ottawa Senators,Pittsburgh Penguins,Pittsburgh Penguins,Ottawa Senators,5,4,SO
2015-02-13,Tampa Bay Lightning,St. Louis Blues,St. Louis Blues,Tampa Bay Lightning,6,3,REG
2015-02-13,Minnesota Wild,Florida Panthers,Minnesota Wild,Florida Panthers,2,1,REG
2015-02-13,Nashville Predators,Winnipeg Jets,Nashville Predators,Winnipeg Jets,3,1,REG
2015-02-13,Colorado Avalanche,New York Rangers,New York Rangers,Colorado Avalanche,6,3,REG
2015-02-13,Los Angeles Kings,Calgary Flames,Los Angeles Kings,Calgary Flames,5,3,REG
2015-02-14,Columbus Blue Jackets,Philadelphia Flyers,Columbus Blue Jackets,Philadelphia Flyers,4,3,OT
2015-02-14,Dallas Stars,Florida Panthers,Dallas Stars,Florida Panthers,2,0,REG
2015-02-14,Chicago Blackhawks,New Jersey Devils,Chicago Blackhawks,New Jersey Devils,3,1,REG
2015-02-14,Arizona Coyotes,San Jose Sharks,San Jose Sharks,Arizona Coyotes,4,2,REG
2015-02-14,Vancouver Canucks,Boston Bruins,Vancouver Canucks,Boston Bruins,5,2,REG
2015-02-14,Ottawa Senators,Edmonton Oilers,Ottawa Senators,Edmonton Oilers,6,2,REG
2015-02-15,Montreal Canadiens,Toronto Maple Leafs,Montreal Canadiens,Toronto Maple Leafs,2,1,SO
2015-02-15,Detroit Red Wings,Winnipeg Jets,Winnipeg Jets,Detroit Red Wings,5,4,SO
2015-02-15,New York Islanders,Columbus Blue Jackets,New York Islanders,Columbus Blue Jackets,6,3,REG
2015-02-15,Nashville Predators,New Jersey Devils,Nashville Predators,New Jersey Devils,3,1,REG
2015-02-15,Arizona Coyotes,New York Rangers,New York Rangers,Arizona Coyotes,5,1,REG
2015-02-15,Minnesota Wild,Carolina Hurricanes,Minnesota Wild,Carolina Hurricanes,6,3,REG
2015-02-15,Colorado Avalanche,Dallas Stars,Colorado Avalanche,Dallas Stars,4,1,REG
2015-02-15,Los Angeles Kings,Washington Capitals,Los Angeles Kings,Washington Capitals,3,1,REG
2015-02-15,Calgary Flames,Vancouver Canucks,Calgary Flames,Vancouver Canucks,3,2,REG
2015-02-15,Chicago Blackhawks,Pittsburgh Penguins,Chicago Blackhawks,Pittsburgh Penguins,2,1,SO
2015-02-15,Florida Panthers,St. Louis Blues,St. Louis Blues,Florida Panthers,2,1,SO
2015-02-16,Buffalo Sabres,Philadelphia Flyers,Philadelphia Flyers,Buffalo Sabres,2,1,REG
2015-02-16,San Jose Sharks,Tampa Bay Lightning,Tampa Bay Lightning,San Jose Sharks,5,2,REG
2015-02-16,Anaheim Ducks,Washington Capitals,Washington Capitals,Anaheim Ducks,5,3,REG
2015-02-17,New York Islanders,New York Rangers,New York Rangers,New York Islanders,6,5,REG
2015-02-17,Detroit Red Wings,Montreal Canadiens,Montreal Canadiens,Detroit Red Wings,2,0,REG
2015-02-17,Ottawa Senators,Carolina Hurricanes,Carolina Hurricanes,Ottawa Senators,6,3,REG
2015-02-17,Winnipeg Jets,Edmonton Oilers,Winnipeg Jets,Edmonton Oilers,5,4,SO
2015-02-17,Calgary Flames,Boston Bruins,Calgary Flames,Boston Bruins,4,3,OT
2015-02-17,Colorado Avalanche,Arizona Coyotes,Colorado Avalanche,Arizona Coyotes,5,2,REG
2015-02-17,Vancouver Canucks,Minnesota Wild,Vancouver Canucks,Minnesota Wild,3,2,REG
2015-02-17,Los Angeles Kings,Tampa Bay Lightning,Los Angeles Kings,Tampa Bay Lightning,3,2,REG
2015-02-18,Carolina Hurricanes,New York Islanders,New York Islanders,Carolina Hurricanes,4,1,REG
2015-02-18,Philadelphia Flyers,Columbus Blue Jackets,Columbus Blue Jackets,Philadelphia Flyers,5,2,REG
2015-02-18,Pittsburgh Penguins,Washington Capitals,Washington Capitals,Pittsburgh Penguins,3,1,REG
2015-02-18,New Jersey Devils,Buffalo Sabres,New Jersey Devils,Buffalo Sabres,2,1,SO
2015-02-18,Toronto Maple Leafs,Florida Panthers,Florida Panthers,Toronto Maple Leafs,3,2,REG
2015-02-18,St. Louis Blues,Dallas Stars,Dallas Stars,St. Louis Blues,4,1,REG
2015-02-18,Nashville Predators,San Jose Sharks,Nashville Predators,San Jose Sharks,5,1,REG
2015-02-19,Ottawa Senators,Montreal Canadiens,Ottawa Senators,Montreal Canadiens,4,2,REG
2015-02-19,Chicago Blackhawks,Detroit Red Wings,Detroit Red Wings,Chicago Blackhawks,3,2,SO
2015-02-19,Calgary Flames,Minnesota Wild,Minnesota Wild,Calgary Flames,3,2,OT
2015-02-19,Edmonton Oilers,Boston Bruins,Edmonton Oilers,Boston Bruins,4,3,SO
2015-02-19,Anaheim Ducks,Tampa Bay Lightning,Tampa Bay Lightning,Anaheim Ducks,4,1,REG
2015-02-19,Colorado Avalanche,Los Angeles Kings,Los Angeles Kings,Colorado Avalanche,4,1,REG
2015-02-20,Philadelphia Flyers,Buffalo Sabres,Buffalo Sabres,Philadelphia Flyers,3,2,SO
2015-02-20,New York Islanders,Nashville Predators,New York Islanders,Nashville Predators,5,2,REG
2015-02-20,New York Rangers,Vancouver Canucks,Vancouver Canucks,New York Rangers,5,4,SO
2015-02-20,Pittsburgh Penguins,Columbus Blue Jackets,Columbus Blue Jackets,Pittsburgh Penguins,2,1,REG
2015-02-20,Washington Capitals,Winnipeg Jets,Washington Capitals,Winnipeg Jets,5,1,REG
2015-02-20,Montreal Canadiens,Florida Panthers,Florida Panthers,Montreal Canadiens,3,2,SO
2015-02-20,Dallas Stars,San Jose Sharks,San Jose Sharks,Dallas Stars,5,2,REG
2015-02-21,Carolina Hurricanes,Toronto Maple Leafs,Carolina Hurricanes,Toronto Maple Leafs,2,1,REG
2015-02-21,New Jersey Devils,Vancouver Canucks,New Jersey Devils,Vancouver Canucks,4,2,REG
2015-02-21,Buffalo Sabres,New York Rangers,New York Rangers,Buffalo Sabres,3,1,REG
2015-02-21,St. Louis Blues,Boston Bruins,St. Louis Blues,Boston Bruins,5,1,REG
2015-02-21,Chicago Blackhawks,Colorado Avalanche,Colorado Avalanche,Chicago Blackhawks,4,1,REG
2015-02-21,Edmonton Oilers,Minnesota Wild,Minnesota Wild,Edmonton Oilers,4,0,REG
2015-02-21,Calgary Flames,Anaheim Ducks,Anaheim Ducks,Calgary Flames,6,3,REG
2015-02-21,Washington Capitals,New York Islanders,Washington Capitals,New York Islanders,3,2,SO
2015-02-21,Philadelphia Flyers,Nashville Predators,Philadelphia Flyers,Nashville Predators,3,2,SO
2015-02-22,Toronto Maple Leafs,Winnipeg Jets,Toronto Maple Leafs,Winnipeg Jets,4,3,OT
2015-02-22,Montreal Canadiens,Columbus Blue Jackets,Montreal Canadiens,Columbus Blue Jackets,3,1,REG
2015-02-22,Ottawa Senators,Florida Panthers,Ottawa Senators,Florida Panthers,4,1,REG
2015-02-22,New Jersey Devils,Carolina Hurricanes,New Jersey Devils,Carolina Hurricanes,3,1,REG
2015-02-22,Edmonton Oilers,Anaheim Ducks,Anaheim Ducks,Edmonton Oilers,2,1,REG
2015-02-22,Dallas Stars,Detroit Red Wings,Detroit Red Wings,Dallas Stars,7,6,OT
2015-02-22,Arizona Coyotes,Tampa Bay Lightning,Tampa Bay Lightning,Arizona Coyotes,4,2,REG
2015-02-22,St. Louis Blues,Pittsburgh Penguins,Pittsburgh Penguins,St. Louis Blues,4,2,REG
2015-02-22,San Jose Sharks,Los Angeles Kings,Los Angeles Kings,San Jose Sharks,2,1,REG
2015-02-22,Philadelphia Flyers,Washington Capitals,Philadelphia Flyers,Washington Capitals,3,2,REG
2015-02-22,Chicago Blackhawks,Boston Bruins,Boston Bruins,Chicago Blackhawks,6,2,REG
2015-02-22,Buffalo Sabres,Nashville Predators,Nashville Predators,Buffalo Sabres,2,1,SO
2015-02-22,Pittsburgh Penguins,Florida Panthers,Pittsburgh Penguins,Florida Panthers,5,1,REG
2015-02-22,New York Islanders,Vancouver Canucks,Vancouver Canucks,New York Islanders,4,0,REG
2015-02-23,Colorado Avalanche,Tampa Bay Lightning,Colorado Avalanche,Tampa Bay Lightning,5,4,REG
2015-02-23,New York Rangers,Columbus Blue Jackets,New York Rangers,Columbus Blue Jackets,4,3,SO
2015-02-23,Minnesota Wild,Dallas Stars,Minnesota Wild,Dallas Stars,6,2,REG
2015-02-24,New Jersey Devils,Arizona Coyotes,New Jersey Devils,Arizona Coyotes,3,0,REG
2015-02-24,Anaheim Ducks,Detroit Red Wings,Anaheim Ducks,Detroit Red Wings,4,3,SO
2015-02-25,Boston Bruins,Vancouver Canucks,Vancouver Canucks,Boston Bruins,2,1,REG
2015-02-25,Columbus Blue Jackets,Buffalo Sabres,Buffalo Sabres,Columbus Blue Jackets,4,2,REG
2015-02-25,New York Islanders,Arizona Coyotes,New York Islanders,Arizona Coyotes,5,1,REG
2015-02-25,Carolina Hurricanes,Philadelphia Flyers,Carolina Hurricanes,Philadelphia Flyers,4,1,REG
2015-02-25,St. Louis Blues,Montreal Canadiens,Montreal Canadiens,St. Louis Blues,5,2,REG
2015-02-25,Nashville Predators,Colorado Avalanche,Nashville Predators,Colorado Avalanche,5,2,REG
2015-02-25,Winnipeg Jets,Dallas Stars,Winnipeg Jets,Dallas Stars,4,2,REG
2015-02-25,Minnesota Wild,Edmonton Oilers,Edmonton Oilers,Minnesota Wild,2,1,REG
2015-02-25,Chicago Blackhawks,Florida Panthers,Chicago Blackhawks,Florida Panthers,3,2,SO
2015-02-26,New Jersey Devils,Calgary Flames,Calgary Flames,New Jersey Devils,3,1,REG
2015-02-26,Washington Capitals,Pittsburgh Penguins,Pittsburgh Penguins,Washington Capitals,4,3,REG
2015-02-26,Anaheim Ducks,Ottawa Senators,Ottawa Senators,Anaheim Ducks,3,0,REG
2015-02-27,Buffalo Sabres,Vancouver Canucks,Buffalo Sabres,Vancouver Canucks,6,3,REG
2015-02-27,Columbus Blue Jackets,Montreal Canadiens,Montreal Canadiens,Columbus Blue Jackets,5,2,REG
2015-02-27,New York Rangers,Arizona Coyotes,New York Rangers,Arizona Coyotes,4,3,REG
2015-02-27,Toronto Maple Leafs,Philadelphia Flyers,Toronto Maple Leafs,Philadelphia Flyers,3,2,REG
2015-02-27,Florida Panthers,Chicago Blackhawks,Chicago Blackhawks,Florida Panthers,3,0,REG
2015-02-27,Winnipeg Jets,St. Louis Blues,St. Louis Blues,Winnipeg Jets,2,1,SO
2015-02-27,Nashville Predators,Minnesota Wild,Minnesota Wild,Nashville Predators,4,2,REG
2015-02-27,San Jose Sharks,Detroit Red Wings,Detroit Red Wings,San Jose Sharks,3,2,REG
2015-02-28,New Jersey Devils,Boston Bruins,Boston Bruins,New Jersey Devils,3,2,OT
2015-02-28,New York Islanders,Calgary Flames,New York Islanders,Calgary Flames,2,1,REG
2015-02-28,Carolina Hurricanes,Washington Capitals,Carolina Hurricanes,Washington Capitals,3,0,REG
2015-02-28,Tampa Bay Lightning,Chicago Blackhawks,Tampa Bay Lightning,Chicago Blackhawks,4,0,REG
2015-02-28,Dallas Stars,Colorado Avalanche,Colorado Avalanche,Dallas Stars,5,4,SO
2015-02-28,Anaheim Ducks,Los Angeles Kings,Anaheim Ducks,Los Angeles Kings,4,2,REG
2015-02-28,Florida Panthers,Buffalo Sabres,Florida Panthers,Buffalo Sabres,5,3,REG
2015-02-28,Nashville Predators,Detroit Red Wings,Detroit Red Wings,Nashville Predators,4,3,REG
2015-02-28,Columbus Blue Jackets,New Jersey Devils,New Jersey Devils,Columbus Blue Jackets,2,0,REG
2015-02-28,New York Islanders,Carolina Hurricanes,Carolina Hurricanes,New York Islanders,5,3,REG
2015-02-28,Boston Bruins,Arizona Coyotes,Boston Bruins,Arizona Coyotes,4,1,REG
2015-03-01,Montreal Canadiens,Toronto Maple Leafs,Montreal Canadiens,Toronto Maple Leafs,4,0,REG
2015-03-01,Philadelphia Flyers,New York Rangers,Philadelphia Flyers,New York Rangers,4,2,REG
2015-03-01,San Jose Sharks,Ottawa Senators,Ottawa Senators,San Jose Sharks,4,2,REG
2015-03-01,Edmonton Oilers,St. Louis Blues,St. Louis Blues,Edmonton Oilers,2,1,REG
2015-03-01,Colorado Avalanche,Minnesota Wild,Minnesota Wild,Colorado Avalanche,3,1,REG
2015-03-01,Winnipeg Jets,Los Angeles Kings,Winnipeg Jets,Los Angeles Kings,5,2,REG
2015-03-01,Florida Panthers,Tampa Bay Lightning,Florida Panthers,Tampa Bay Lightning,4,3,REG
2015-03-01,Pittsburgh Penguins,Columbus Blue Jackets,Pittsburgh Penguins,Columbus Blue Jackets,5,3,REG
2015-03-02,Washington Capitals,Toronto Maple Leafs,Washington Capitals,Toronto Maple Leafs,4,0,REG
2015-03-02,Dallas Stars,Anaheim Ducks,Anaheim Ducks,Dallas Stars,3,1,REG
2015-03-02,Vancouver Canucks,St. Louis Blues,Vancouver Canucks,St. Louis Blues,6,5,SO
2015-03-03,New York Rangers,Nashville Predators,New York Rangers,Nashville Predators,4,1,REG
2015-03-03,Chicago Blackhawks,Carolina Hurricanes,Chicago Blackhawks,Carolina Hurricanes,5,2,REG
2015-03-03,San Jose Sharks,Montreal Canadiens,San Jose Sharks,Montreal Canadiens,4,0,REG
2015-03-04,New Jersey Devils,Nashville Predators,New Jersey Devils,Nashville Predators,3,1,REG
2015-03-04,Philadelphia Flyers,Calgary Flames,Calgary Flames,Philadelphia Flyers,3,2,OT
2015-03-04,Columbus Blue Jackets,Washington Capitals,Washington Capitals,Columbus Blue Jackets,5,3,REG
2015-03-04,Tampa Bay Lightning,Buffalo Sabres,Tampa Bay Lightning,Buffalo Sabres,3,0,REG
2015-03-04,Florida Panthers,Toronto Maple Leafs,Toronto Maple Leafs,Florida Panthers,3,2,REG
2015-03-04,Minnesota Wild,Ottawa Senators,Minnesota Wild,Ottawa Senators,3,2,SO
2015-03-04,Dallas Stars,New York Islanders,Dallas Stars,New York Islanders,3,2,OT
2015-03-04,Arizona Coyotes,Anaheim Ducks,Anaheim Ducks,Arizona Coyotes,4,1,REG
2015-03-04,Edmonton Oilers,Los Angeles Kings,Los Angeles Kings,Edmonton Oilers,5,2,REG
2015-03-04,Vancouver Canucks,San Jose Sharks,San Jose Sharks,Vancouver Canucks,6,2,REG
2015-03-05,Winnipeg Jets,Ottawa Senators,Ottawa Senators,Winnipeg Jets,3,1,REG
2015-03-05,Detroit Red Wings,New York Rangers,Detroit Red Wings,New York Rangers,2,1,OT
2015-03-05,Anaheim Ducks,Montreal Canadiens,Anaheim Ducks,Montreal Canadiens,3,1,REG
2015-03-05,Colorado Avalanche,Pittsburgh Penguins,Colorado Avalanche,Pittsburgh Penguins,3,1,REG
2015-03-06,Boston Bruins,Calgary Flames,Calgary Flames,Boston Bruins,4,3,SO
2015-03-06,Philadelphia Flyers,St. Louis Blues,Philadelphia Flyers,St. Louis Blues,3,1,REG
2015-03-06,Washington Capitals,Minnesota Wild,Minnesota Wild,Washington Capitals,2,1,REG
2015-03-06,Tampa Bay Lightning,Toronto Maple Leafs,Tampa Bay Lightning,Toronto Maple Leafs,4,2,REG
2015-03-06,Florida Panthers,Dallas Stars,Dallas Stars,Florida Panthers,4,3,SO
2015-03-06,Nashville Predators,New York Islanders,New York Islanders,Nashville Predators,4,3,REG
2015-03-06,Arizona Coyotes,Vancouver Canucks,Arizona Coyotes,Vancouver Canucks,3,2,SO
2015-03-06,Los Angeles Kings,Montreal Canadiens,Los Angeles Kings,Montreal Canadiens,4,3,SO
2015-03-07,New Jersey Devils,Columbus Blue Jackets,Columbus Blue Jackets,New Jersey Devils,3,2,REG
2015-03-07,Carolina Hurricanes,Minnesota Wild,Minnesota Wild,Carolina Hurricanes,3,1,REG
2015-03-07,Ottawa Senators,Buffalo Sabres,Ottawa Senators,Buffalo Sabres,3,2,REG
2015-03-07,Detroit Red Wings,Calgary Flames,Calgary Flames,Detroit Red Wings,5,2,REG
2015-03-07,Chicago Blackhawks,Edmonton Oilers,Chicago Blackhawks,Edmonton Oilers,2,1,SO
2015-03-07,Anaheim Ducks,Pittsburgh Penguins,Pittsburgh Penguins,Anaheim Ducks,5,2,REG
2015-03-07,Boston Bruins,Philadelphia Flyers,Boston Bruins,Philadelphia Flyers,3,2,OT
2015-03-08,Washington Capitals,Buffalo Sabres,Washington Capitals,Buffalo Sabres,5,1,REG
2015-03-08,Toronto Maple Leafs,St. Louis Blues,St. Louis Blues,Toronto Maple Leafs,5,1,REG
2015-03-08,Arizona Coyotes,Montreal Canadiens,Montreal Canadiens,Arizona Coyotes,2,0,REG
2015-03-08,Tampa Bay Lightning,Dallas Stars,Tampa Bay Lightning,Dallas Stars,5,4,REG
2015-03-08,Florida Panthers,New York Islanders,Florida Panthers,New York Islanders,4,3,SO
2015-03-08,Columbus Blue Jackets,Colorado Avalanche,Colorado Avalanche,Columbus Blue Jackets,4,0,REG
2015-03-08,Nashville Predators,Winnipeg Jets,Winnipeg Jets,Nashville Predators,3,1,REG
2015-03-08,San Jose Sharks,Vancouver Canucks,Vancouver Canucks,San Jose Sharks,3,2,REG
2015-03-08,Boston Bruins,Detroit Red Wings,Boston Bruins,Detroit Red Wings,5,3,REG
2015-03-08,Carolina Hurricanes,Edmonton Oilers,Carolina Hurricanes,Edmonton Oilers,7,4,REG
2015-03-08,New Jersey Devils,Philadelphia Flyers,New Jersey Devils,Philadelphia Flyers,5,2,REG
2015-03-08,Minnesota Wild,Colorado Avalanche,Colorado Avalanche,Minnesota Wild,3,2,REG
2015-03-08,Ottawa Senators,Calgary Flames,Ottawa Senators,Calgary Flames,5,4,SO
2015-03-09,Toronto Maple Leafs,New York Islanders,New York Islanders,Toronto Maple Leafs,4,3,OT
2015-03-09,Detroit Red Wings,Edmonton Oilers,Detroit Red Wings,Edmonton Oilers,5,2,REG
2015-03-10,San Jose Sharks,Pittsburgh Penguins,San Jose Sharks,Pittsburgh Penguins,2,1,SO
2015-03-10,Arizona Coyotes,Nashville Predators,Nashville Predators,Arizona Coyotes,2,1,OT
2015-03-10,Vancouver Canucks,Anaheim Ducks,Vancouver Canucks,Anaheim Ducks,2,1,REG
2015-03-10,New York Islanders,New York Rangers,New York Rangers,New York Islanders,2,1,REG
2015-03-10,Philadelphia Flyers,Dallas Stars,Dallas Stars,Philadelphia Flyers,2,1,REG
2015-03-10,Carolina Hurricanes,Columbus Blue Jackets,Columbus Blue Jackets,Carolina Hurricanes,4,3,SO
2015-03-10,Ottawa Senators,Boston Bruins,Boston Bruins,Ottawa Senators,3,1,REG
2015-03-11,Minnesota Wild,New Jersey Devils,Minnesota Wild,New Jersey Devils,6,2,REG
2015-03-11,St. Louis Blues,Winnipeg Jets,St. Louis Blues,Winnipeg Jets,5,4,REG
2015-03-11,Colorado Avalanche,Los Angeles Kings,Los Angeles Kings,Colorado Avalanche,5,2,REG
2015-03-11,Toronto Maple Leafs,Buffalo Sabres,Toronto Maple Leafs,Buffalo Sabres,4,3,SO
2015-03-12,Washington Capitals,New York Rangers,New York Rangers,Washington Capitals,3,1,REG
2015-03-12,Calgary Flames,Anaheim Ducks,Calgary Flames,Anaheim Ducks,6,3,REG
2015-03-12,Boston Bruins,Tampa Bay Lightning,Boston Bruins,Tampa Bay Lightning,3,2,SO
2015-03-12,Pittsburgh Penguins,Edmonton Oilers,Pittsburgh Penguins,Edmonton Oilers,6,4,REG
2015-03-12,Carolina Hurricanes,Dallas Stars,Dallas Stars,Carolina Hurricanes,5,3,REG
2015-03-12,Montreal Canadiens,Ottawa Senators,Ottawa Senators,Montreal Canadiens,5,2,REG
2015-03-12,Detroit Red Wings,Columbus Blue Jackets,Columbus Blue Jackets,Detroit Red Wings,3,1,REG
2015-03-12,Florida Panthers,Winnipeg Jets,Florida Panthers,Winnipeg Jets,4,2,REG
2015-03-13,Colorado Avalanche,New Jersey Devils,Colorado Avalanche,New Jersey Devils,2,1,SO
2015-03-13,Arizona Coyotes,Chicago Blackhawks,Chicago Blackhawks,Arizona Coyotes,2,1,REG
2015-03-13,Vancouver Canucks,Los Angeles Kings,Los Angeles Kings,Vancouver Canucks,4,0,REG
2015-03-13,San Jose Sharks,Nashville Predators,San Jose Sharks,Nashville Predators,2,0,REG
2015-03-13,New York Islanders,Ottawa Senators,Ottawa Senators,New York Islanders,2,1,REG
2015-03-13,Washington Capitals,Dallas Stars,Dallas Stars,Washington Capitals,4,2,REG
2015-03-13,Columbus Blue Jackets,Edmonton Oilers,Columbus Blue Jackets,Edmonton Oilers,5,4,SO
2015-03-14,Calgary Flames,Toronto Maple Leafs,Calgary Flames,Toronto Maple Leafs,6,3,REG
2015-03-14,Minnesota Wild,Anaheim Ducks,Anaheim Ducks,Minnesota Wild,2,1,REG
2015-03-14,Pittsburgh Penguins,Boston Bruins,Boston Bruins,Pittsburgh Penguins,2,0,REG
2015-03-14,Philadelphia Flyers,Detroit Red Wings,Philadelphia Flyers,Detroit Red Wings,6,2,REG
2015-03-14,San Jose Sharks,Chicago Blackhawks,Chicago Blackhawks,San Jose Sharks,6,2,REG
2015-03-14,Buffalo Sabres,New York Rangers,New York Rangers,Buffalo Sabres,2,0,REG
2015-03-14,Vancouver Canucks,Toronto Maple Leafs,Vancouver Canucks,Toronto Maple Leafs,4,1,REG
2015-03-14,New York Islanders,Montreal Canadiens,Montreal Canadiens,New York Islanders,3,1,REG
2015-03-14,Tampa Bay Lightning,Winnipeg Jets,Winnipeg Jets,Tampa Bay Lightning,2,1,REG
2015-03-14,Carolina Hurricanes,Florida Panthers,Florida Panthers,Carolina Hurricanes,2,0,REG
2015-03-15,St. Louis Blues,Minnesota Wild,Minnesota Wild,St. Louis Blues,3,1,REG
2015-03-15,Arizona Coyotes,New Jersey Devils,New Jersey Devils,Arizona Coyotes,4,1,REG
2015-03-15,Los Angeles Kings,Nashville Predators,Nashville Predators,Los Angeles Kings,2,1,REG
2015-03-15,Colorado Avalanche,Calgary Flames,Colorado Avalanche,Calgary Flames,3,2,REG
2015-03-15,Pittsburgh Penguins,Detroit Red Wings,Detroit Red Wings,Pittsburgh Penguins,5,1,REG
2015-03-15,New York Rangers,Florida Panthers,New York Rangers,Florida Panthers,2,1,REG
2015-03-15,Columbus Blue Jackets,Carolina Hurricanes,Carolina Hurricanes,Columbus Blue Jackets,3,2,REG
2015-03-15,Dallas Stars,St. Louis Blues,St. Louis Blues,Dallas Stars,3,0,REG
2015-03-15,Ottawa Senators,Philadelphia Flyers,Ottawa Senators,Philadelphia Flyers,2,1,SO
2015-03-15,Washington Capitals,Boston Bruins,Washington Capitals,Boston Bruins,2,0,REG
2015-03-16,Anaheim Ducks,Nashville Predators,Anaheim Ducks,Nashville Predators,4,2,REG
2015-03-16,Buffalo Sabres,Washington Capitals,Washington Capitals,Buffalo Sabres,4,3,SO
2015-03-16,Tampa Bay Lightning,Montreal Canadiens,Tampa Bay Lightning,Montreal Canadiens,4,2,REG
2015-03-17,Edmonton Oilers,Toronto Maple Leafs,Edmonton Oilers,Toronto Maple Leafs,4,1,REG
2015-03-17,Carolina Hurricanes,Ottawa Senators,Ottawa Senators,Carolina Hurricanes,2,1,OT
2015-03-17,New Jersey Devils,Pittsburgh Penguins,New Jersey Devils,Pittsburgh Penguins,2,0,REG
2015-03-17,Boston Bruins,Buffalo Sabres,Buffalo Sabres,Boston Bruins,2,1,SO
2015-03-17,Florida Panthers,Montreal Canadiens,Montreal Canadiens,Florida Panthers,3,2,REG
2015-03-18,Nashville Predators,Minnesota Wild,Minnesota Wild,Nashville Predators,3,2,OT
2015-03-18,Winnipeg Jets,San Jose Sharks,Winnipeg Jets,San Jose Sharks,5,2,REG
2015-03-18,Chicago Blackhawks,New York Islanders,Chicago Blackhawks,New York Islanders,4,1,REG
2015-03-18,Calgary Flames,St. Louis Blues,St. Louis Blues,Calgary Flames,4,0,REG
2015-03-18,Vancouver Canucks,Philadelphia Flyers,Vancouver Canucks,Philadelphia Flyers,4,1,REG
2015-03-19,Edmonton Oilers,Columbus Blue Jackets,Columbus Blue Jackets,Edmonton Oilers,4,3,SO
2015-03-19,Anaheim Ducks,Los Angeles Kings,Anaheim Ducks,Los Angeles Kings,3,2,OT
2015-03-19,Ottawa Senators,Boston Bruins,Ottawa Senators,Boston Bruins,6,4,REG
2015-03-19,Toronto Maple Leafs,San Jose Sharks,San Jose Sharks,Toronto Maple Leafs,4,1,REG
2015-03-19,Montreal Canadiens,Carolina Hurricanes,Montreal Canadiens,Carolina Hurricanes,4,0,REG
2015-03-19,Florida Panthers,Detroit Red Wings,Florida Panthers,Detroit Red Wings,3,1,REG
2015-03-20,Minnesota Wild,Washington Capitals,Washington Capitals,Minnesota Wild,3,2,REG
2015-03-20,Winnipeg Jets,St. Louis Blues,Winnipeg Jets,St. Louis Blues,2,1,SO
2015-03-20,Dallas Stars,Pittsburgh Penguins,Dallas Stars,Pittsburgh Penguins,2,1,REG
2015-03-20,Calgary Flames,Philadelphia Flyers,Calgary Flames,Philadelphia Flyers,4,1,REG
2015-03-20,Vancouver Canucks,Columbus Blue Jackets,Columbus Blue Jackets,Vancouver Canucks,6,2,REG
2015-03-20,Arizona Coyotes,Colorado Avalanche,Colorado Avalanche,Arizona Coyotes,5,2,REG
2015-03-20,Buffalo Sabres,New Jersey Devils,New Jersey Devils,Buffalo Sabres,3,1,REG
2015-03-20,Tampa Bay Lightning,Detroit Red Wings,Tampa Bay Lightning,Detroit Red Wings,3,1,REG
2015-03-21,Anaheim Ducks,Colorado Avalanche,Anaheim Ducks,Colorado Avalanche,3,2,OT
2015-03-21,Minnesota Wild,St. Louis Blues,Minnesota Wild,St. Louis Blues,6,3,REG
2015-03-21,Calgary Flames,Columbus Blue Jackets,Columbus Blue Jackets,Calgary Flames,3,2,OT
2015-03-21,Los Angeles Kings,Vancouver Canucks,Vancouver Canucks,Los Angeles Kings,4,1,REG
2015-03-21,Florida Panthers,Boston Bruins,Florida Panthers,Boston Bruins,2,1,SO
2015-03-21,Ottawa Senators,Toronto Maple Leafs,Ottawa Senators,Toronto Maple Leafs,5,3,REG
2015-03-21,Montreal Canadiens,San Jose Sharks,Montreal Canadiens,San Jose Sharks,2,0,REG
2015-03-21,New Jersey Devils,New York Islanders,New York Islanders,New Jersey Devils,3,0,REG
2015-03-21,Carolina Hurricanes,New York Rangers,New York Rangers,Carolina Hurricanes,3,2,SO
2015-03-21,Winnipeg Jets,Washington Capitals,Winnipeg Jets,Washington Capitals,3,0,REG
2015-03-22,Nashville Predators,Buffalo Sabres,Nashville Predators,Buffalo Sabres,3,0,REG
2015-03-22,Dallas Stars,Chicago Blackhawks,Dallas Stars,Chicago Blackhawks,4,0,REG
2015-03-22,Arizona Coyotes,Pittsburgh Penguins,Pittsburgh Penguins,Arizona Coyotes,3,1,REG
2015-03-22,Edmonton Oilers,Philadelphia Flyers,Edmonton Oilers,Philadelphia Flyers,5,4,OT
2015-03-22,Detroit Red Wings,St. Louis Blues,Detroit Red Wings,St. Louis Blues,2,1,OT
2015-03-22,Tampa Bay Lightning,Boston Bruins,Tampa Bay Lightning,Boston Bruins,5,3,REG
2015-03-22,New York Rangers,Anaheim Ducks,New York Rangers,Anaheim Ducks,6,2,REG
2015-03-23,Arizona Coyotes,Vancouver Canucks,Vancouver Canucks,Arizona Coyotes,3,1,REG
2015-03-23,New Jersey Devils,Los Angeles Kings,Los Angeles Kings,New Jersey Devils,3,1,REG
2015-03-23,Carolina Hurricanes,Chicago Blackhawks,Chicago Blackhawks,Carolina Hurricanes,3,1,REG
2015-03-23,Toronto Maple Leafs,Minnesota Wild,Minnesota Wild,Toronto Maple Leafs,2,1,REG
2015-03-23,Ottawa Senators,San Jose Sharks,Ottawa Senators,San Jose Sharks,5,2,REG
2015-03-24,Dallas Stars,Buffalo Sabres,Dallas Stars,Buffalo Sabres,4,3,REG
2015-03-24,Calgary Flames,Colorado Avalanche,Calgary Flames,Colorado Avalanche,3,2,REG
2015-03-24,Edmonton Oilers,Winnipeg Jets,Winnipeg Jets,Edmonton Oilers,4,1,REG
2015-03-24,New York Islanders,Minnesota Wild,Minnesota Wild,New York Islanders,2,1,SO
2015-03-24,New York Rangers,Los Angeles Kings,Los Angeles Kings,New York Rangers,4,2,REG
2015-03-24,Pittsburgh Penguins,St. Louis Blues,St. Louis Blues,Pittsburgh Penguins,3,2,OT
2015-03-24,Columbus Blue Jackets,Anaheim Ducks,Columbus Blue Jackets,Anaheim Ducks,5,3,REG
2015-03-24,Detroit Red Wings,Arizona Coyotes,Arizona Coyotes,Detroit Red Wings,5,4,OT
2015-03-24,Tampa Bay Lightning,Florida Panthers,Tampa Bay Lightning,Florida Panthers,4,3,REG
2015-03-25,Nashville Predators,Montreal Canadiens,Nashville Predators,Montreal Canadiens,3,2,OT
2015-03-25,Vancouver Canucks,Winnipeg Jets,Vancouver Canucks,Winnipeg Jets,5,2,REG
2015-03-26,Philadelphia Flyers,Chicago Blackhawks,Philadelphia Flyers,Chicago Blackhawks,4,1,REG
2015-03-26,Edmonton Oilers,Colorado Avalanche,Edmonton Oilers,Colorado Avalanche,4,3,REG
2015-03-26,Calgary Flames,Dallas Stars,Dallas Stars,Calgary Flames,4,3,SO
2015-03-26,Boston Bruins,Anaheim Ducks,Anaheim Ducks,Boston Bruins,3,2,OT
2015-03-26,Buffalo Sabres,Arizona Coyotes,Arizona Coyotes,Buffalo Sabres,4,3,OT
2015-03-26,Washington Capitals,New Jersey Devils,Washington Capitals,New Jersey Devils,3,2,OT
2015-03-26,New York Islanders,Los Angeles Kings,Los Angeles Kings,New York Islanders,3,2,REG
2015-03-26,Carolina Hurricanes,Pittsburgh Penguins,Carolina Hurricanes,Pittsburgh Penguins,5,2,REG
2015-03-26,Toronto Maple Leafs,Florida Panthers,Florida Panthers,Toronto Maple Leafs,4,1,REG
2015-03-26,Ottawa Senators,New York Rangers,New York Rangers,Ottawa Senators,5,1,REG
2015-03-26,Detroit Red Wings,San Jose Sharks,San Jose Sharks,Detroit Red Wings,6,4,REG
2015-03-26,Tampa Bay Lightning,Nashville Predators,Nashville Predators,Tampa Bay Lightning,3,2,REG
2015-03-27,Winnipeg Jets,Montreal Canadiens,Winnipeg Jets,Montreal Canadiens,5,2,REG
2015-03-27,Vancouver Canucks,Colorado Avalanche,Colorado Avalanche,Vancouver Canucks,4,1,REG
2015-03-28,Minnesota Wild,Calgary Flames,Minnesota Wild,Calgary Flames,4,2,REG
2015-03-28,Chicago Blackhawks,Columbus Blue Jackets,Columbus Blue Jackets,Chicago Blackhawks,5,2,REG
2015-03-28,Edmonton Oilers,Dallas Stars,Edmonton Oilers,Dallas Stars,4,0,REG
2015-03-28,Washington Capitals,Nashville Predators,Nashville Predators,Washington Capitals,4,3,REG
2015-03-28,Boston Bruins,New York Rangers,Boston Bruins,New York Rangers,4,2,REG
2015-03-28,New York Islanders,Anaheim Ducks,Anaheim Ducks,New York Islanders,3,2,REG
2015-03-28,Philadelphia Flyers,San Jose Sharks,San Jose Sharks,Philadelphia Flyers,3,2,SO
2015-03-28,Pittsburgh Penguins,Arizona Coyotes,Pittsburgh Penguins,Arizona Coyotes,3,2,REG
2015-03-28,Detroit Red Wings,Tampa Bay Lightning,Detroit Red Wings,Tampa Bay Lightning,4,0,REG
2015-03-28,Toronto Maple Leafs,Ottawa Senators,Toronto Maple Leafs,Ottawa Senators,4,3,OT
2015-03-28,Montreal Canadiens,Florida Panthers,Montreal Canadiens,Florida Panthers,3,2,OT
2015-03-28,Carolina Hurricanes,New Jersey Devils,Carolina Hurricanes,New Jersey Devils,3,1,REG
2015-03-29,St. Louis Blues,Columbus Blue Jackets,Columbus Blue Jackets,St. Louis Blues,4,2,REG
2015-03-29,Minnesota Wild,Los Angeles Kings,Minnesota Wild,Los Angeles Kings,4,1,REG
2015-03-29,Colorado Avalanche,Buffalo Sabres,Colorado Avalanche,Buffalo Sabres,5,3,REG
2015-03-29,Vancouver Canucks,Dallas Stars,Dallas Stars,Vancouver Canucks,4,3,OT
2015-03-29,New York Rangers,Washington Capitals,Washington Capitals,New York Rangers,5,2,REG
2015-03-29,Carolina Hurricanes,Boston Bruins,Boston Bruins,Carolina Hurricanes,2,1,OT
2015-03-29,Ottawa Senators,Florida Panthers,Florida Panthers,Ottawa Senators,4,2,REG
2015-03-29,New York Islanders,Detroit Red Wings,New York Islanders,Detroit Red Wings,5,4,REG
2015-03-29,Nashville Predators,Calgary Flames,Calgary Flames,Nashville Predators,5,2,REG
2015-03-29,New Jersey Devils,Anaheim Ducks,Anaheim Ducks,New Jersey Devils,2,1,REG
2015-03-29,Pittsburgh Penguins,San Jose Sharks,Pittsburgh Penguins,San Jose Sharks,3,2,SO
2015-03-29,Winnipeg Jets,Chicago Blackhawks,Chicago Blackhawks,Winnipeg Jets,4,3,REG
2015-03-30,Montreal Canadiens,Tampa Bay Lightning,Tampa Bay Lightning,Montreal Canadiens,5,3,REG
2015-03-31,St. Louis Blues,Vancouver Canucks,Vancouver Canucks,St. Louis Blues,4,1,REG
2015-03-31,Chicago Blackhawks,Los Angeles Kings,Chicago Blackhawks,Los Angeles Kings,4,1,REG
2015-03-31,Dallas Stars,Calgary Flames,Calgary Flames,Dallas Stars,5,3,REG
2015-03-31,Colorado Avalanche,Edmonton Oilers,Edmonton Oilers,Colorado Avalanche,4,1,REG
2015-03-31,Arizona Coyotes,Buffalo Sabres,Buffalo Sabres,Arizona Coyotes,4,1,REG
2015-03-31,Boston Bruins,Florida Panthers,Boston Bruins,Florida Panthers,3,2,REG
2015-03-31,Columbus Blue Jackets,New Jersey Devils,Columbus Blue Jackets,New Jersey Devils,3,2,OT
2015-03-31,Washington Capitals,Carolina Hurricanes,Washington Capitals,Carolina Hurricanes,4,2,REG
2015-03-31,Toronto Maple Leafs,Tampa Bay Lightning,Toronto Maple Leafs,Tampa Bay Lightning,3,1,REG
2015-03-31,Detroit Red Wings,Ottawa Senators,Ottawa Senators,Detroit Red Wings,2,1,SO
2015-04-01,Winnipeg Jets,New York Rangers,New York Rangers,Winnipeg Jets,3,2,REG
2015-04-01,Nashville Predators,Vancouver Canucks,Vancouver Canucks,Nashville Predators,5,4,SO
2015-04-01,Buffalo Sabres,Toronto Maple Leafs,Buffalo Sabres,Toronto Maple Leafs,4,3,REG
2015-04-02,Pittsburgh Penguins,Philadelphia Flyers,Philadelphia Flyers,Pittsburgh Penguins,4,1,REG
2015-04-02,Anaheim Ducks,Edmonton Oilers,Anaheim Ducks,Edmonton Oilers,5,1,REG
2015-04-02,San Jose Sharks,Colorado Avalanche,San Jose Sharks,Colorado Avalanche,5,1,REG
2015-04-02,Columbus Blue Jackets,New York Islanders,Columbus Blue Jackets,New York Islanders,4,3,SO
2015-04-02,Detroit Red Wings,Boston Bruins,Boston Bruins,Detroit Red Wings,3,2,REG
2015-04-02,Montreal Canadiens,Washington Capitals,Washington Capitals,Montreal Canadiens,5,4,SO
2015-04-02,Ottawa Senators,Tampa Bay Lightning,Ottawa Senators,Tampa Bay Lightning,2,1,OT
2015-04-02,Florida Panthers,Carolina Hurricanes,Florida Panthers,Carolina Hurricanes,5,1,REG
2015-04-03,Minnesota Wild,New York Rangers,New York Rangers,Minnesota Wild,3,2,REG
2015-04-03,St. Louis Blues,Calgary Flames,St. Louis Blues,Calgary Flames,4,1,REG
2015-04-03,Chicago Blackhawks,Vancouver Canucks,Chicago Blackhawks,Vancouver Canucks,3,1,REG
2015-04-03,Los Angeles Kings,Edmonton Oilers,Los Angeles Kings,Edmonton Oilers,6,2,REG
2015-04-03,Buffalo Sabres,Chicago Blackhawks,Chicago Blackhawks,Buffalo Sabres,4,3,REG
2015-04-03,New Jersey Devils,Montreal Canadiens,New Jersey Devils,Montreal Canadiens,3,2,SO
2015-04-04,Dallas Stars,St. Louis Blues,St. Louis Blues,Dallas Stars,7,5,REG
2015-04-04,Anaheim Ducks,Colorado Avalanche,Colorado Avalanche,Anaheim Ducks,4,2,REG
2015-04-04,San Jose Sharks,Arizona Coyotes,San Jose Sharks,Arizona Coyotes,3,1,REG
2015-04-04,Carolina Hurricanes,Philadelphia Flyers,Carolina Hurricanes,Philadelphia Flyers,3,2,SO
2015-04-04,Columbus Blue Jackets,Pittsburgh Penguins,Columbus Blue Jackets,Pittsburgh Penguins,5,3,REG
2015-04-04,Winnipeg Jets,Vancouver Canucks,Winnipeg Jets,Vancouver Canucks,5,4,REG
2015-04-04,Boston Bruins,Toronto Maple Leafs,Boston Bruins,Toronto Maple Leafs,2,1,SO
2015-04-04,New York Islanders,Buffalo Sabres,New York Islanders,Buffalo Sabres,3,0,REG
2015-04-04,Ottawa Senators,Washington Capitals,Ottawa Senators,Washington Capitals,4,3,OT
2015-04-04,Minnesota Wild,Detroit Red Wings,Detroit Red Wings,Minnesota Wild,3,2,SO
2015-04-04,Florida Panthers,Tampa Bay Lightning,Tampa Bay Lightning,Florida Panthers,4,0,REG
2015-04-04,New York Rangers,New Jersey Devils,New York Rangers,New Jersey Devils,5,1,REG
2015-04-05,Nashville Predators,Dallas Stars,Dallas Stars,Nashville Predators,4,3,OT
2015-04-05,Arizona Coyotes,San Jose Sharks,Arizona Coyotes,San Jose Sharks,5,3,REG
2015-04-05,Los Angeles Kings,Colorado Avalanche,Los Angeles Kings,Colorado Avalanche,3,1,REG
2015-04-05,Edmonton Oilers,Calgary Flames,Calgary Flames,Edmonton Oilers,4,0,REG
2015-04-05,Philadelphia Flyers,Pittsburgh Penguins,Philadelphia Flyers,Pittsburgh Penguins,4,1,REG
2015-04-05,Florida Panthers,Montreal Canadiens,Montreal Canadiens,Florida Panthers,4,1,REG
2015-04-05,Detroit Red Wings,Washington Capitals,Washington Capitals,Detroit Red Wings,2,1,REG
2015-04-05,Toronto Maple Leafs,Ottawa Senators,Toronto Maple Leafs,Ottawa Senators,3,2,SO
2015-04-05,Chicago Blackhawks,St. Louis Blues,St. Louis Blues,Chicago Blackhawks,2,1,REG
2015-04-06,Buffalo Sabres,Carolina Hurricanes,Buffalo Sabres,Carolina Hurricanes,4,3,REG
2015-04-06,New York Rangers,Columbus Blue Jackets,New York Rangers,Columbus Blue Jackets,4,3,OT
2015-04-07,Minnesota Wild,Winnipeg Jets,Winnipeg Jets,Minnesota Wild,2,0,REG
2015-04-07,Vancouver Canucks,Los Angeles Kings,Vancouver Canucks,Los Angeles Kings,2,1,SO
2015-04-07,San Jose Sharks,Dallas Stars,Dallas Stars,San Jose Sharks,5,1,REG
2015-04-07,New Jersey Devils,New York Rangers,New York Rangers,New Jersey Devils,4,2,REG
2015-04-07,Philadelphia Flyers,New York Islanders,Philadelphia Flyers,New York Islanders,5,4,REG
2015-04-07,Ottawa Senators,Pittsburgh Penguins,Ottawa Senators,Pittsburgh Penguins,4,3,OT
2015-04-07,Detroit Red Wings,Carolina Hurricanes,Detroit Red Wings,Carolina Hurricanes,3,2,REG
2015-04-08,Chicago Blackhawks,Minnesota Wild,Minnesota Wild,Chicago Blackhawks,2,1,REG
2015-04-08,Colorado Avalanche,Nashville Predators,Colorado Avalanche,Nashville Predators,3,2,REG
2015-04-08,Calgary Flames,Arizona Coyotes,Calgary Flames,Arizona Coyotes,3,2,REG
2015-04-08,Edmonton Oilers,Los Angeles Kings,Edmonton Oilers,Los Angeles Kings,4,2,REG
2015-04-08,Columbus Blue Jackets,Toronto Maple Leafs,Columbus Blue Jackets,Toronto Maple Leafs,4,0,REG
2015-04-09,Washington Capitals,Boston Bruins,Washington Capitals,Boston Bruins,3,0,REG
2015-04-09,Anaheim Ducks,Dallas Stars,Dallas Stars,Anaheim Ducks,4,0,REG
2015-04-09,New York Rangers,Ottawa Senators,Ottawa Senators,New York Rangers,3,0,REG
2015-04-09,Philadelphia Flyers,Carolina Hurricanes,Carolina Hurricanes,Philadelphia Flyers,3,1,REG
2015-04-09,Florida Panthers,Boston Bruins,Florida Panthers,Boston Bruins,4,2,REG
2015-04-09,Montreal Canadiens,Detroit Red Wings,Montreal Canadiens,Detroit Red Wings,4,3,OT
2015-04-09,Tampa Bay Lightning,New Jersey Devils,Tampa Bay Lightning,New Jersey Devils,4,3,OT
2015-04-10,St. Louis Blues,Chicago Blackhawks,St. Louis Blues,Chicago Blackhawks,2,1,REG
2015-04-10,Nashville Predators,Minnesota Wild,Minnesota Wild,Nashville Predators,4,2,REG
2015-04-10,Calgary Flames,Los Angeles Kings,Calgary Flames,Los Angeles Kings,3,1,REG
2015-04-10,Edmonton Oilers,San Jose Sharks,San Jose Sharks,Edmonton Oilers,3,1,REG
2015-04-10,Vancouver Canucks,Arizona Coyotes,Vancouver Canucks,Arizona Coyotes,4,0,REG
2015-04-10,Columbus Blue Jackets,Buffalo Sabres,Columbus Blue Jackets,Buffalo Sabres,4,2,REG
2015-04-10,Pittsburgh Penguins,New York Islanders,New York Islanders,Pittsburgh Penguins,3,1,REG
2015-04-11,Philadelphia Flyers,Ottawa Senators,Ottawa Senators,Philadelphia Flyers,3,1,REG
2015-04-11,Washington Capitals,New York Rangers,New York Rangers,Washington Capitals,4,2,REG
2015-04-11,St. Louis Blues,Minnesota Wild,St. Louis Blues,Minnesota Wild,4,2,REG
2015-04-11,Winnipeg Jets,Calgary Flames,Winnipeg Jets,Calgary Flames,5,1,REG
2015-04-11,Los Angeles Kings,San Jose Sharks,Los Angeles Kings,San Jose Sharks,4,1,REG
2015-04-11,Buffalo Sabres,Pittsburgh Penguins,Pittsburgh Penguins,Buffalo Sabres,2,0,REG
2015-04-11,Toronto Maple Leafs,Montreal Canadiens,Montreal Canadiens,Toronto Maple Leafs,4,3,SO
2015-04-11,Carolina Hurricanes,Detroit Red Wings,Detroit Red Wings,Carolina Hurricanes,2,0,REG
2015-04-11,Florida Panthers,New Jersey Devils,Florida Panthers,New Jersey Devils,3,2,REG
2015-04-11,New York Islanders,Columbus Blue Jackets,Columbus Blue Jackets,New York Islanders,5,4,SO
2015-04-11,Tampa Bay Lightning,Boston Bruins,Tampa Bay Lightning,Boston Bruins,3,2,SO
2015-04-12,Dallas Stars,Nashville Predators,Dallas Stars,Nashville Predators,4,1,REG
2015-04-12,Colorado Avalanche,Chicago Blackhawks,Colorado Avalanche,Chicago Blackhawks,3,2,REG
2015-04-12,Arizona Coyotes,Anaheim Ducks,Anaheim Ducks,Arizona Coyotes,2,1,REG
2015-04-12,Vancouver Canucks,Edmonton Oilers,Vancouver Canucks,Edmonton Oilers,6,5,OT
2015-04-15,Montreal Canadiens,Ottawa Senators,Montreal Canadiens,Ottawa Senators,4,3,REG
2015-04-15,Washington Capitals,New York Islanders,New York Islanders,Washington Capitals,4,1,REG
2015-04-16,Nashville Predators,Chicago Blackhawks,Chicago Blackhawks,Nashville Predators,4,3,OT
2015-04-16,Vancouver Canucks,Calgary Flames,Calgary Flames,Vancouver Canucks,2,1,REG
2015-04-16,New York Rangers,Pittsburgh Penguins,New York Rangers,Pittsburgh Penguins,2,1,REG
2015-04-16,Tampa Bay Lightning,Detroit Red Wings,Detroit Red Wings,Tampa Bay Lightning,3,2,REG
2015-04-17,St. Louis Blues,Minnesota Wild,Minnesota Wild,St. Louis Blues,4,2,REG
2015-04-17,Anaheim Ducks,Winnipeg Jets,Anaheim Ducks,Winnipeg Jets,4,2,REG
2015-04-17,Montreal Canadiens,Ottawa Senators,Montreal Canadiens,Ottawa Senators,3,2,OT
2015-04-17,Washington Capitals,New York Islanders,Washington Capitals,New York Islanders,4,3,REG
2015-04-18,Nashville Predators,Chicago Blackhawks,Nashville Predators,Chicago Blackhawks,6,2,REG
2015-04-18,Vancouver Canucks,Calgary Flames,Vancouver Canucks,Calgary Flames,4,1,REG
2015-04-18,St. Louis Blues,Minnesota Wild,St. Louis Blues,Minnesota Wild,4,1,REG
2015-04-18,Tampa Bay Lightning,Detroit Red Wings,Tampa Bay Lightning,Detroit Red Wings,5,1,REG
2015-04-19,New York Rangers,Pittsburgh Penguins,Pittsburgh Penguins,New York Rangers,4,3,REG
2015-04-19,Anaheim Ducks,Winnipeg Jets,Anaheim Ducks,Winnipeg Jets,2,1,REG
2015-04-19,New York Islanders,Washington Capitals,New York Islanders,Washington Capitals,2,1,OT
2015-04-19,Chicago Blackhawks,Nashville Predators,Chicago Blackhawks,Nashville Predators,4,2,REG
2015-04-19,Ottawa Senators,Montreal Canadiens,Montreal Canadiens,Ottawa Senators,2,1,OT
2015-04-20,Calgary Flames,Vancouver Canucks,Calgary Flames,Vancouver Canucks,4,2,REG
2015-04-20,Pittsburgh Penguins,New York Rangers,New York Rangers,Pittsburgh Penguins,2,1,REG
2015-04-21,Minnesota Wild,St. Louis Blues,Minnesota Wild,St. Louis Blues,3,0,REG
2015-04-21,Winnipeg Jets,Anaheim Ducks,Anaheim Ducks,Winnipeg Jets,5,4,OT
2015-04-21,Detroit Red Wings,Tampa Bay Lightning,Detroit Red Wings,Tampa Bay Lightning,3,0,REG
2015-04-21,New York Islanders,Washington Capitals,Washington Capitals,New York Islanders,2,1,OT
2015-04-22,Chicago Blackhawks,Nashville Predators,Chicago Blackhawks,Nashville Predators,3,2,OT
2015-04-22,Calgary Flames,Vancouver Canucks,Calgary Flames,Vancouver Canucks,3,1,REG
2015-04-22,Pittsburgh Penguins,New York Rangers,New York Rangers,Pittsburgh Penguins,2,1,OT
2015-04-23,Minnesota Wild,St. Louis Blues,St. Louis Blues,Minnesota Wild,5,1,REG
2015-04-23,Winnipeg Jets,Anaheim Ducks,Anaheim Ducks,Winnipeg Jets,5,2,REG
2015-04-23,Detroit Red Wings,Tampa Bay Lightning,Tampa Bay Lightning,Detroit Red Wings,3,2,OT
2015-04-23,Washington Capitals,New York Islanders,Washington Capitals,New York Islanders,5,1,REG
2015-04-24,Nashville Predators,Chicago Blackhawks,Nashville Predators,Chicago Blackhawks,5,2,REG
2015-04-24,Vancouver Canucks,Calgary Flames,Vancouver Canucks,Calgary Flames,2,1,REG
2015-04-24,Montreal Canadiens,Ottawa Senators,Ottawa Senators,Montreal Canadiens,5,1,REG
2015-04-24,New York Rangers,Pittsburgh Penguins,New York Rangers,Pittsburgh Penguins,2,1,OT
2015-04-25,St. Louis Blues,Minnesota Wild,Minnesota Wild,St. Louis Blues,4,1,REG
2015-04-25,New York Islanders,Washington Capitals,New York Islanders,Washington Capitals,3,1,REG
2015-04-25,Tampa Bay Lightning,Detroit Red Wings,Detroit Red Wings,Tampa Bay Lightning,4,0,REG
2015-04-26,Chicago Blackhawks,Nashville Predators,Chicago Blackhawks,Nashville Predators,4,3,REG
2015-04-26,Calgary Flames,Vancouver Canucks,Calgary Flames,Vancouver Canucks,7,4,REG
2015-04-26,Minnesota Wild,St. Louis Blues,Minnesota Wild,St. Louis Blues,4,1,REG
2015-04-26,Ottawa Senators,Montreal Canadiens,Montreal Canadiens,Ottawa Senators,2,0,REG
2015-04-27,Detroit Red Wings,Tampa Bay Lightning,Tampa Bay Lightning,Detroit Red Wings,5,2,REG
2015-04-27,Washington Capitals,New York Islanders,Washington Capitals,New York Islanders,2,1,REG
2015-04-29,Tampa Bay Lightning,Detroit Red Wings,Tampa Bay Lightning,Detroit Red Wings,2,0,REG
2015-04-30,New York Rangers,Washington Capitals,Washington Capitals,New York Rangers,2,1,REG
2015-05-01,Anaheim Ducks,Calgary Flames,Anaheim Ducks,Calgary Flames,5,1,REG
2015-05-01,Montreal Canadiens,Tampa Bay Lightning,Tampa Bay Lightning,Montreal Canadiens,2,1,OT
2015-05-02,Chicago Blackhawks,Minnesota Wild,Chicago Blackhawks,Minnesota Wild,4,3,REG
2015-05-02,New York Rangers,Washington Capitals,New York Rangers,Washington Capitals,3,2,REG
2015-05-03,Montreal Canadiens,Tampa Bay Lightning,Tampa Bay Lightning,Montreal Canadiens,6,2,REG
2015-05-04,Chicago Blackhawks,Minnesota Wild,Chicago Blackhawks,Minnesota Wild,4,1,REG
2015-05-04,Anaheim Ducks,Calgary Flames,Anaheim Ducks,Calgary Flames,3,0,REG
2015-05-06,Calgary Flames,Anaheim Ducks,Calgary Flames,Anaheim Ducks,4,3,OT
2015-05-06,Tampa Bay Lightning,Montreal Canadiens,Tampa Bay Lightning,Montreal Canadiens,2,1,REG
2015-05-06,Washington Capitals,New York Rangers,Washington Capitals,New York Rangers,2,1,REG
2015-05-07,Tampa Bay Lightning,Montreal Canadiens,Montreal Canadiens,Tampa Bay Lightning,6,2,REG
2015-05-08,Minnesota Wild,Chicago Blackhawks,Chicago Blackhawks,Minnesota Wild,4,3,REG
2015-05-08,New York Rangers,Washington Capitals,New York Rangers,Washington Capitals,2,1,OT
2015-05-09,Calgary Flames,Anaheim Ducks,Anaheim Ducks,Calgary Flames,4,2,REG
2015-05-09,Montreal Canadiens,Tampa Bay Lightning,Montreal Canadiens,Tampa Bay Lightning,2,1,REG
2015-05-10,Washington Capitals,New York Rangers,New York Rangers,Washington Capitals,4,3,REG
2015-05-11,Anaheim Ducks,Calgary Flames,Anaheim Ducks,Calgary Flames,3,2,OT
2015-05-12,Tampa Bay Lightning,Montreal Canadiens,Tampa Bay Lightning,Montreal Canadiens,4,1,REG
2015-05-13,New York Rangers,Washington Capitals,New York Rangers,Washington Capitals,2,1,OT
2015-05-16,New York Rangers,Tampa Bay Lightning,New York Rangers,Tampa Bay Lightning,2,1,REG
2015-05-17,Anaheim Ducks,Chicago Blackhawks,Anaheim Ducks,Chicago Blackhawks,4,1,REG
2015-05-19,New York Rangers,Tampa Bay Lightning,Tampa Bay Lightning,New York Rangers,6,2,REG
2015-05-20,Anaheim Ducks,Chicago Blackhawks,Chicago Blackhawks,Anaheim Ducks,3,2,OT
2015-05-21,Tampa Bay Lightning,New York Rangers,Tampa Bay Lightning,New York Rangers,6,5,OT
2015-05-22,Chicago Blackhawks,Anaheim Ducks,Anaheim Ducks,Chicago Blackhawks,2,1,REG
2015-05-23,Tampa Bay Lightning,New York Rangers,New York Rangers,Tampa Bay Lightning,5,1,REG
2015-05-24,Chicago Blackhawks,Anaheim Ducks,Chicago Blackhawks,Anaheim Ducks,5,4,OT
2015-05-25,New York Rangers,Tampa Bay Lightning,Tampa Bay Lightning,New York Rangers,2,0,REG
2015-05-26,Anaheim Ducks,Chicago Blackhawks,Anaheim Ducks,Chicago Blackhawks,5,4,OT
2015-05-27,Tampa Bay Lightning,New York Rangers,New York Rangers,Tampa Bay Lightning,7,3,REG
2015-05-28,Chicago Blackhawks,Anaheim Ducks,Chicago Blackhawks,Anaheim Ducks,5,2,REG
2015-05-30,New York Rangers,Tampa Bay Lightning,Tampa Bay Lightning,New York Rangers,2,0,REG
2015-05-31,Anaheim Ducks,Chicago Blackhawks,Chicago Blackhawks,Anaheim Ducks,5,3,REG
2015-06-04,Tampa Bay Lightning,Chicago Blackhawks,Chicago Blackhawks,Tampa Bay Lightning,2,1,REG
2015-06-06,Tampa Bay Lightning,Chicago Blackhawks,Tampa Bay Lightning,Chicago Blackhawks,4,3,REG
2015-06-09,Chicago Blackhawks,Tampa Bay Lightning,Tampa Bay Lightning,Chicago Blackhawks,3,2,REG
2015-06-11,Chicago Blackhawks,Tampa Bay Lightning,Chicago Blackhawks,Tampa Bay Lightning,2,1,REG
2015-06-14,Tampa Bay Lightning,Chicago Blackhawks,Chicago Blackhawks,Tampa Bay Lightning,2,1,REG
2015-06-16,Chicago Blackhawks,Tampa Bay Lightning,Chicago Blackhawks,Tampa Bay Lightning,2,0,REG
