date,home,away,winner,loser,winner_pts,loser_pts,end_type
2018-10-03,Toronto Maple Leafs,Montreal Canadiens,Toronto Maple Leafs,Montreal Canadiens,3,2,OT
2018-10-03,Washington Capitals,Boston Bruins,Washington Capitals,Boston Bruins,4,0,REG
2018-10-04,Vancouver Canucks,Calgary Flames,Vancouver Canucks,Calgary Flames,5,2,REG
2018-10-04,San Jose Sharks,Anaheim Ducks,Anaheim Ducks,San Jose Sharks,5,2,REG
2018-10-04,Buffalo Sabres,Boston Bruins,Boston Bruins,Buffalo Sabres,4,0,REG
2018-10-04,Pittsburgh Penguins,Washington Capitals,Pittsburgh Penguins,Washington Capitals,7,6,OT
2018-10-04,Carolina Hurricanes,New York Islanders,New York Islanders,Carolina Hurricanes,2,1,OT
2018-10-04,New York Rangers,Nashville Predators,Nashville Predators,New York Rangers,3,2,REG
2018-10-04,Ottawa Senators,Chicago Blackhawks,Chicago Blackhawks,Ottawa Senators,4,3,OT
2018-10-04,Detroit Red Wings,Columbus Blue Jackets,Columbus Blue Jackets,Detroit Red Wings,3,2,OT
2018-10-05,St. Louis Blues,Winnipeg Jets,Winnipeg Jets,St. Louis Blues,5,1,REG
2018-10-05,Dallas Stars,Arizona Coyotes,Dallas Stars,Arizona Coyotes,3,0,REG
2018-10-05,Colorado Avalanche,Minnesota Wild,Colorado Avalanche,Minnesota Wild,4,1,REG
2018-10-05,Vegas Golden Knights,Philadelphia Flyers,Philadelphia Flyers,Vegas Golden Knights,5,2,REG
2018-10-05,Columbus Blue Jackets,Carolina Hurricanes,Carolina Hurricanes,Columbus Blue Jackets,3,1,REG
2018-10-06,Los Angeles Kings,San Jose Sharks,San Jose Sharks,Los Angeles Kings,3,2,OT
2018-10-06,New Jersey Devils,Edmonton Oilers,New Jersey Devils,Edmonton Oilers,5,2,REG
2018-10-06,Buffalo Sabres,New York Rangers,Buffalo Sabres,New York Rangers,3,1,REG
2018-10-06,Toronto Maple Leafs,Ottawa Senators,Ottawa Senators,Toronto Maple Leafs,5,3,REG
2018-10-06,Tampa Bay Lightning,Florida Panthers,Tampa Bay Lightning,Florida Panthers,2,1,SO
2018-10-06,New York Islanders,Nashville Predators,Nashville Predators,New York Islanders,4,3,REG
2018-10-06,Pittsburgh Penguins,Montreal Canadiens,Montreal Canadiens,Pittsburgh Penguins,5,1,REG
2018-10-06,Dallas Stars,Winnipeg Jets,Dallas Stars,Winnipeg Jets,5,1,REG
2018-10-07,St. Louis Blues,Chicago Blackhawks,Chicago Blackhawks,St. Louis Blues,5,4,OT
2018-10-07,Minnesota Wild,Vegas Golden Knights,Vegas Golden Knights,Minnesota Wild,2,1,SO
2018-10-07,Colorado Avalanche,Philadelphia Flyers,Colorado Avalanche,Philadelphia Flyers,5,2,REG
2018-10-07,Calgary Flames,Vancouver Canucks,Calgary Flames,Vancouver Canucks,7,4,REG
2018-10-07,Carolina Hurricanes,New York Rangers,Carolina Hurricanes,New York Rangers,8,5,REG
2018-10-07,Chicago Blackhawks,Toronto Maple Leafs,Toronto Maple Leafs,Chicago Blackhawks,7,6,OT
2018-10-08,Los Angeles Kings,Detroit Red Wings,Los Angeles Kings,Detroit Red Wings,4,2,REG
2018-10-08,Boston Bruins,Ottawa Senators,Boston Bruins,Ottawa Senators,6,3,REG
2018-10-08,New York Islanders,San Jose Sharks,New York Islanders,San Jose Sharks,4,0,REG
2018-10-08,Buffalo Sabres,Vegas Golden Knights,Buffalo Sabres,Vegas Golden Knights,4,2,REG
2018-10-09,Anaheim Ducks,Detroit Red Wings,Anaheim Ducks,Detroit Red Wings,3,2,SO
2018-10-09,Philadelphia Flyers,San Jose Sharks,San Jose Sharks,Philadelphia Flyers,6,2,REG
2018-10-09,Carolina Hurricanes,Vancouver Canucks,Carolina Hurricanes,Vancouver Canucks,5,3,REG
2018-10-09,Columbus Blue Jackets,Colorado Avalanche,Columbus Blue Jackets,Colorado Avalanche,5,2,REG
2018-10-10,Nashville Predators,Calgary Flames,Calgary Flames,Nashville Predators,3,0,REG
2018-10-10,Winnipeg Jets,Los Angeles Kings,Winnipeg Jets,Los Angeles Kings,2,1,REG
2018-10-10,Dallas Stars,Toronto Maple Leafs,Toronto Maple Leafs,Dallas Stars,7,4,REG
2018-10-10,Ottawa Senators,Philadelphia Flyers,Philadelphia Flyers,Ottawa Senators,7,4,REG
2018-10-11,Washington Capitals,Vegas Golden Knights,Washington Capitals,Vegas Golden Knights,5,2,REG
2018-10-11,Anaheim Ducks,Arizona Coyotes,Arizona Coyotes,Anaheim Ducks,3,2,SO
2018-10-11,Boston Bruins,Edmonton Oilers,Boston Bruins,Edmonton Oilers,4,1,REG
2018-10-11,Buffalo Sabres,Colorado Avalanche,Colorado Avalanche,Buffalo Sabres,5,1,REG
2018-10-11,Florida Panthers,Columbus Blue Jackets,Columbus Blue Jackets,Florida Panthers,5,4,REG
2018-10-11,New Jersey Devils,Washington Capitals,New Jersey Devils,Washington Capitals,4,0,REG
2018-10-11,New York Rangers,San Jose Sharks,New York Rangers,San Jose Sharks,3,2,OT
2018-10-11,Pittsburgh Penguins,Vegas Golden Knights,Pittsburgh Penguins,Vegas Golden Knights,4,2,REG
2018-10-11,Montreal Canadiens,Los Angeles Kings,Los Angeles Kings,Montreal Canadiens,3,0,REG
2018-10-11,Detroit Red Wings,Toronto Maple Leafs,Toronto Maple Leafs,Detroit Red Wings,5,3,REG
2018-10-11,Tampa Bay Lightning,Vancouver Canucks,Vancouver Canucks,Tampa Bay Lightning,4,1,REG
2018-10-12,St. Louis Blues,Calgary Flames,St. Louis Blues,Calgary Flames,5,3,REG
2018-10-12,Nashville Predators,Winnipeg Jets,Nashville Predators,Winnipeg Jets,3,0,REG
2018-10-12,Minnesota Wild,Chicago Blackhawks,Minnesota Wild,Chicago Blackhawks,4,3,OT
2018-10-13,New York Rangers,Edmonton Oilers,Edmonton Oilers,New York Rangers,2,1,REG
2018-10-13,Ottawa Senators,Los Angeles Kings,Ottawa Senators,Los Angeles Kings,5,1,REG
2018-10-13,Boston Bruins,Detroit Red Wings,Boston Bruins,Detroit Red Wings,6,2,REG
2018-10-13,Minnesota Wild,Carolina Hurricanes,Carolina Hurricanes,Minnesota Wild,5,4,OT
2018-10-13,Montreal Canadiens,Pittsburgh Penguins,Montreal Canadiens,Pittsburgh Penguins,4,3,SO
2018-10-13,Tampa Bay Lightning,Columbus Blue Jackets,Tampa Bay Lightning,Columbus Blue Jackets,6,2,REG
2018-10-13,Florida Panthers,Vancouver Canucks,Vancouver Canucks,Florida Panthers,3,2,REG
2018-10-13,Washington Capitals,Toronto Maple Leafs,Toronto Maple Leafs,Washington Capitals,4,2,REG
2018-10-14,Nashville Predators,New York Islanders,Nashville Predators,New York Islanders,5,2,REG
2018-10-14,Dallas Stars,Anaheim Ducks,Dallas Stars,Anaheim Ducks,5,3,REG
2018-10-14,Chicago Blackhawks,St. Louis Blues,Chicago Blackhawks,St. Louis Blues,4,3,OT
2018-10-14,Arizona Coyotes,Buffalo Sabres,Buffalo Sabres,Arizona Coyotes,3,0,REG
2018-10-14,Colorado Avalanche,Calgary Flames,Calgary Flames,Colorado Avalanche,3,2,OT
2018-10-14,New Jersey Devils,San Jose Sharks,New Jersey Devils,San Jose Sharks,3,2,REG
2018-10-14,St. Louis Blues,Anaheim Ducks,Anaheim Ducks,St. Louis Blues,3,2,REG
2018-10-14,Winnipeg Jets,Carolina Hurricanes,Winnipeg Jets,Carolina Hurricanes,3,1,REG
2018-10-15,Toronto Maple Leafs,Los Angeles Kings,Toronto Maple Leafs,Los Angeles Kings,4,1,REG
2018-10-15,Montreal Canadiens,Detroit Red Wings,Montreal Canadiens,Detroit Red Wings,7,3,REG
2018-10-15,Ottawa Senators,Dallas Stars,Ottawa Senators,Dallas Stars,4,1,REG
2018-10-16,Nashville Predators,Minnesota Wild,Nashville Predators,Minnesota Wild,4,2,REG
2018-10-16,New Jersey Devils,Dallas Stars,New Jersey Devils,Dallas Stars,3,0,REG
2018-10-16,New York Rangers,Colorado Avalanche,New York Rangers,Colorado Avalanche,3,2,SO
2018-10-16,Philadelphia Flyers,Florida Panthers,Philadelphia Flyers,Florida Panthers,6,5,SO
2018-10-16,Pittsburgh Penguins,Vancouver Canucks,Vancouver Canucks,Pittsburgh Penguins,3,2,OT
2018-10-16,Tampa Bay Lightning,Carolina Hurricanes,Tampa Bay Lightning,Carolina Hurricanes,4,2,REG
2018-10-17,Minnesota Wild,Arizona Coyotes,Minnesota Wild,Arizona Coyotes,2,1,REG
2018-10-17,Winnipeg Jets,Edmonton Oilers,Edmonton Oilers,Winnipeg Jets,5,4,OT
2018-10-17,Vegas Golden Knights,Buffalo Sabres,Vegas Golden Knights,Buffalo Sabres,4,1,REG
2018-10-17,Montreal Canadiens,St. Louis Blues,Montreal Canadiens,St. Louis Blues,3,2,REG
2018-10-17,Washington Capitals,New York Rangers,Washington Capitals,New York Rangers,4,3,OT
2018-10-18,Calgary Flames,Boston Bruins,Calgary Flames,Boston Bruins,5,2,REG
2018-10-18,Anaheim Ducks,New York Islanders,Anaheim Ducks,New York Islanders,4,1,REG
2018-10-18,Toronto Maple Leafs,Pittsburgh Penguins,Pittsburgh Penguins,Toronto Maple Leafs,3,0,REG
2018-10-18,New Jersey Devils,Colorado Avalanche,Colorado Avalanche,New Jersey Devils,5,3,REG
2018-10-18,Columbus Blue Jackets,Philadelphia Flyers,Columbus Blue Jackets,Philadelphia Flyers,6,3,REG
2018-10-18,Tampa Bay Lightning,Detroit Red Wings,Tampa Bay Lightning,Detroit Red Wings,3,1,REG
2018-10-19,Winnipeg Jets,Vancouver Canucks,Winnipeg Jets,Vancouver Canucks,4,1,REG
2018-10-19,Chicago Blackhawks,Arizona Coyotes,Arizona Coyotes,Chicago Blackhawks,4,1,REG
2018-10-19,Edmonton Oilers,Boston Bruins,Edmonton Oilers,Boston Bruins,3,2,OT
2018-10-19,Los Angeles Kings,New York Islanders,New York Islanders,Los Angeles Kings,6,2,REG
2018-10-19,San Jose Sharks,Buffalo Sabres,San Jose Sharks,Buffalo Sabres,5,1,REG
2018-10-19,Washington Capitals,Florida Panthers,Florida Panthers,Washington Capitals,6,5,SO
2018-10-20,Dallas Stars,Minnesota Wild,Minnesota Wild,Dallas Stars,3,1,REG
2018-10-20,Calgary Flames,Nashville Predators,Nashville Predators,Calgary Flames,5,3,REG
2018-10-20,Philadelphia Flyers,New Jersey Devils,Philadelphia Flyers,New Jersey Devils,5,2,REG
2018-10-20,Carolina Hurricanes,Colorado Avalanche,Colorado Avalanche,Carolina Hurricanes,3,1,REG
2018-10-20,Los Angeles Kings,Buffalo Sabres,Buffalo Sabres,Los Angeles Kings,5,1,REG
2018-10-20,Winnipeg Jets,Arizona Coyotes,Winnipeg Jets,Arizona Coyotes,5,3,REG
2018-10-20,Toronto Maple Leafs,St. Louis Blues,St. Louis Blues,Toronto Maple Leafs,4,1,REG
2018-10-20,Ottawa Senators,Montreal Canadiens,Ottawa Senators,Montreal Canadiens,4,3,OT
2018-10-20,Florida Panthers,Detroit Red Wings,Detroit Red Wings,Florida Panthers,4,3,OT
2018-10-20,Columbus Blue Jackets,Chicago Blackhawks,Chicago Blackhawks,Columbus Blue Jackets,4,1,REG
2018-10-21,Minnesota Wild,Tampa Bay Lightning,Minnesota Wild,Tampa Bay Lightning,5,4,OT
2018-10-21,Edmonton Oilers,Nashville Predators,Nashville Predators,Edmonton Oilers,3,0,REG
2018-10-21,Vancouver Canucks,Boston Bruins,Vancouver Canucks,Boston Bruins,2,1,OT
2018-10-21,Vegas Golden Knights,Anaheim Ducks,Vegas Golden Knights,Anaheim Ducks,3,1,REG
2018-10-21,San Jose Sharks,New York Islanders,San Jose Sharks,New York Islanders,4,1,REG
2018-10-21,New York Rangers,Calgary Flames,Calgary Flames,New York Rangers,4,1,REG
2018-10-21,Chicago Blackhawks,Tampa Bay Lightning,Tampa Bay Lightning,Chicago Blackhawks,6,3,REG
2018-10-22,Anaheim Ducks,Buffalo Sabres,Buffalo Sabres,Anaheim Ducks,4,2,REG
2018-10-22,Philadelphia Flyers,Colorado Avalanche,Colorado Avalanche,Philadelphia Flyers,4,1,REG
2018-10-22,Detroit Red Wings,Carolina Hurricanes,Carolina Hurricanes,Detroit Red Wings,3,1,REG
2018-10-23,Winnipeg Jets,St. Louis Blues,Winnipeg Jets,St. Louis Blues,5,4,OT
2018-10-23,Vancouver Canucks,Washington Capitals,Washington Capitals,Vancouver Canucks,5,2,REG
2018-10-23,New York Rangers,Florida Panthers,New York Rangers,Florida Panthers,5,2,REG
2018-10-23,Columbus Blue Jackets,Arizona Coyotes,Arizona Coyotes,Columbus Blue Jackets,4,1,REG
2018-10-23,Montreal Canadiens,Calgary Flames,Montreal Canadiens,Calgary Flames,3,2,REG
2018-10-23,Ottawa Senators,Boston Bruins,Boston Bruins,Ottawa Senators,4,1,REG
2018-10-24,Nashville Predators,San Jose Sharks,San Jose Sharks,Nashville Predators,5,4,REG
2018-10-24,Chicago Blackhawks,Anaheim Ducks,Chicago Blackhawks,Anaheim Ducks,3,1,REG
2018-10-24,Dallas Stars,Los Angeles Kings,Dallas Stars,Los Angeles Kings,4,2,REG
2018-10-24,Edmonton Oilers,Pittsburgh Penguins,Pittsburgh Penguins,Edmonton Oilers,6,5,OT
2018-10-24,New York Islanders,Florida Panthers,Florida Panthers,New York Islanders,3,2,OT
2018-10-24,Winnipeg Jets,Toronto Maple Leafs,Toronto Maple Leafs,Winnipeg Jets,4,2,REG
2018-10-25,Vegas Golden Knights,Vancouver Canucks,Vancouver Canucks,Vegas Golden Knights,3,2,SO
2018-10-25,Boston Bruins,Philadelphia Flyers,Boston Bruins,Philadelphia Flyers,3,0,REG
2018-10-25,Buffalo Sabres,Montreal Canadiens,Buffalo Sabres,Montreal Canadiens,4,3,REG
2018-10-25,New Jersey Devils,Nashville Predators,Nashville Predators,New Jersey Devils,4,3,OT
2018-10-26,St. Louis Blues,Columbus Blue Jackets,Columbus Blue Jackets,St. Louis Blues,7,4,REG
2018-10-26,Minnesota Wild,Los Angeles Kings,Minnesota Wild,Los Angeles Kings,4,1,REG
2018-10-26,Chicago Blackhawks,New York Rangers,Chicago Blackhawks,New York Rangers,4,1,REG
2018-10-26,Dallas Stars,Anaheim Ducks,Dallas Stars,Anaheim Ducks,5,2,REG
2018-10-26,Calgary Flames,Pittsburgh Penguins,Pittsburgh Penguins,Calgary Flames,5,1,REG
2018-10-26,Edmonton Oilers,Washington Capitals,Edmonton Oilers,Washington Capitals,4,1,REG
2018-10-26,Arizona Coyotes,Vancouver Canucks,Arizona Coyotes,Vancouver Canucks,4,1,REG
2018-10-26,Vegas Golden Knights,Tampa Bay Lightning,Tampa Bay Lightning,Vegas Golden Knights,3,2,REG
2018-10-26,Detroit Red Wings,Winnipeg Jets,Winnipeg Jets,Detroit Red Wings,2,1,REG
2018-10-26,Carolina Hurricanes,San Jose Sharks,Carolina Hurricanes,San Jose Sharks,4,3,SO
2018-10-27,Colorado Avalanche,Ottawa Senators,Colorado Avalanche,Ottawa Senators,6,3,REG
2018-10-27,New Jersey Devils,Florida Panthers,New Jersey Devils,Florida Panthers,3,2,REG
2018-10-27,Philadelphia Flyers,New York Islanders,New York Islanders,Philadelphia Flyers,5,1,REG
2018-10-27,Nashville Predators,Edmonton Oilers,Edmonton Oilers,Nashville Predators,5,3,REG
2018-10-27,Calgary Flames,Washington Capitals,Washington Capitals,Calgary Flames,4,3,SO
2018-10-27,Boston Bruins,Montreal Canadiens,Montreal Canadiens,Boston Bruins,3,0,REG
2018-10-27,Toronto Maple Leafs,Winnipeg Jets,Toronto Maple Leafs,Winnipeg Jets,3,2,REG
2018-10-27,Columbus Blue Jackets,Buffalo Sabres,Columbus Blue Jackets,Buffalo Sabres,5,4,OT
2018-10-28,St. Louis Blues,Chicago Blackhawks,St. Louis Blues,Chicago Blackhawks,7,3,REG
2018-10-28,Minnesota Wild,Colorado Avalanche,Minnesota Wild,Colorado Avalanche,3,2,REG
2018-10-28,Arizona Coyotes,Tampa Bay Lightning,Arizona Coyotes,Tampa Bay Lightning,5,1,REG
2018-10-28,Vancouver Canucks,Pittsburgh Penguins,Pittsburgh Penguins,Vancouver Canucks,4,0,REG
2018-10-28,Los Angeles Kings,New York Rangers,Los Angeles Kings,New York Rangers,4,3,REG
2018-10-28,Detroit Red Wings,Dallas Stars,Detroit Red Wings,Dallas Stars,4,2,REG
2018-10-28,Carolina Hurricanes,New York Islanders,New York Islanders,Carolina Hurricanes,2,1,REG
2018-10-28,Chicago Blackhawks,Edmonton Oilers,Edmonton Oilers,Chicago Blackhawks,2,1,OT
2018-10-29,Vegas Golden Knights,Ottawa Senators,Vegas Golden Knights,Ottawa Senators,4,3,OT
2018-10-29,Anaheim Ducks,San Jose Sharks,San Jose Sharks,Anaheim Ducks,4,3,OT
2018-10-29,Toronto Maple Leafs,Calgary Flames,Calgary Flames,Toronto Maple Leafs,3,1,REG
2018-10-30,Vancouver Canucks,Minnesota Wild,Vancouver Canucks,Minnesota Wild,5,2,REG
2018-10-30,Buffalo Sabres,Calgary Flames,Calgary Flames,Buffalo Sabres,2,1,OT
2018-10-30,Pittsburgh Penguins,New York Islanders,New York Islanders,Pittsburgh Penguins,6,3,REG
2018-10-30,Carolina Hurricanes,Boston Bruins,Boston Bruins,Carolina Hurricanes,3,2,REG
2018-10-30,Columbus Blue Jackets,Detroit Red Wings,Detroit Red Wings,Columbus Blue Jackets,5,3,REG
2018-10-30,Montreal Canadiens,Dallas Stars,Dallas Stars,Montreal Canadiens,4,1,REG
2018-10-30,Tampa Bay Lightning,New Jersey Devils,Tampa Bay Lightning,New Jersey Devils,7,3,REG
2018-10-31,Nashville Predators,Vegas Golden Knights,Nashville Predators,Vegas Golden Knights,4,1,REG
2018-10-31,Edmonton Oilers,Minnesota Wild,Minnesota Wild,Edmonton Oilers,4,3,REG
2018-10-31,Arizona Coyotes,Ottawa Senators,Arizona Coyotes,Ottawa Senators,5,1,REG
2018-10-31,Anaheim Ducks,Philadelphia Flyers,Philadelphia Flyers,Anaheim Ducks,3,2,REG
2018-10-31,San Jose Sharks,New York Rangers,New York Rangers,San Jose Sharks,4,3,SO
2018-11-01,Vancouver Canucks,Chicago Blackhawks,Vancouver Canucks,Chicago Blackhawks,4,2,REG
2018-11-01,Florida Panthers,Winnipeg Jets,Winnipeg Jets,Florida Panthers,4,2,REG
2018-11-01,Toronto Maple Leafs,Dallas Stars,Dallas Stars,Toronto Maple Leafs,2,1,REG
2018-11-01,New York Islanders,Pittsburgh Penguins,New York Islanders,Pittsburgh Penguins,3,2,SO
2018-11-01,Montreal Canadiens,Washington Capitals,Montreal Canadiens,Washington Capitals,6,4,REG
2018-11-01,Ottawa Senators,Buffalo Sabres,Ottawa Senators,Buffalo Sabres,4,2,REG
2018-11-01,Detroit Red Wings,New Jersey Devils,Detroit Red Wings,New Jersey Devils,4,3,REG
2018-11-01,Tampa Bay Lightning,Nashville Predators,Nashville Predators,Tampa Bay Lightning,4,1,REG
2018-11-02,St. Louis Blues,Vegas Golden Knights,St. Louis Blues,Vegas Golden Knights,5,3,REG
2018-11-02,Calgary Flames,Colorado Avalanche,Calgary Flames,Colorado Avalanche,6,5,REG
2018-11-02,Edmonton Oilers,Chicago Blackhawks,Edmonton Oilers,Chicago Blackhawks,4,0,REG
2018-11-02,Anaheim Ducks,New York Rangers,New York Rangers,Anaheim Ducks,3,2,SO
2018-11-02,Los Angeles Kings,Philadelphia Flyers,Philadelphia Flyers,Los Angeles Kings,5,2,REG
2018-11-02,San Jose Sharks,Columbus Blue Jackets,Columbus Blue Jackets,San Jose Sharks,4,1,REG
2018-11-02,Winnipeg Jets,Florida Panthers,Florida Panthers,Winnipeg Jets,4,2,REG
2018-11-03,Vancouver Canucks,Colorado Avalanche,Vancouver Canucks,Colorado Avalanche,7,6,OT
2018-11-03,Arizona Coyotes,Carolina Hurricanes,Arizona Coyotes,Carolina Hurricanes,4,3,OT
2018-11-03,Buffalo Sabres,Ottawa Senators,Buffalo Sabres,Ottawa Senators,6,2,REG
2018-11-03,Montreal Canadiens,Tampa Bay Lightning,Tampa Bay Lightning,Montreal Canadiens,4,1,REG
2018-11-03,Detroit Red Wings,Edmonton Oilers,Edmonton Oilers,Detroit Red Wings,4,3,REG
2018-11-03,New York Islanders,New Jersey Devils,New York Islanders,New Jersey Devils,3,0,REG
2018-11-03,Pittsburgh Penguins,Toronto Maple Leafs,Toronto Maple Leafs,Pittsburgh Penguins,4,0,REG
2018-11-03,Washington Capitals,Dallas Stars,Dallas Stars,Washington Capitals,4,3,OT
2018-11-04,St. Louis Blues,Minnesota Wild,Minnesota Wild,St. Louis Blues,5,1,REG
2018-11-04,Calgary Flames,Chicago Blackhawks,Calgary Flames,Chicago Blackhawks,5,3,REG
2018-11-04,Vegas Golden Knights,Carolina Hurricanes,Vegas Golden Knights,Carolina Hurricanes,3,0,REG
2018-11-04,Los Angeles Kings,Columbus Blue Jackets,Los Angeles Kings,Columbus Blue Jackets,4,1,REG
2018-11-04,San Jose Sharks,Philadelphia Flyers,San Jose Sharks,Philadelphia Flyers,4,3,OT
2018-11-05,Ottawa Senators,Tampa Bay Lightning,Tampa Bay Lightning,Ottawa Senators,4,3,OT
2018-11-05,New York Rangers,Buffalo Sabres,New York Rangers,Buffalo Sabres,3,1,REG
2018-11-05,Anaheim Ducks,Columbus Blue Jackets,Anaheim Ducks,Columbus Blue Jackets,3,2,OT
2018-11-06,Boston Bruins,Dallas Stars,Boston Bruins,Dallas Stars,2,1,OT
2018-11-06,New York Islanders,Montreal Canadiens,Montreal Canadiens,New York Islanders,4,3,SO
2018-11-06,Pittsburgh Penguins,New Jersey Devils,New Jersey Devils,Pittsburgh Penguins,5,1,REG
2018-11-06,Washington Capitals,Edmonton Oilers,Washington Capitals,Edmonton Oilers,4,2,REG
2018-11-06,Arizona Coyotes,Philadelphia Flyers,Philadelphia Flyers,Arizona Coyotes,5,2,REG
2018-11-07,Toronto Maple Leafs,Vegas Golden Knights,Toronto Maple Leafs,Vegas Golden Knights,3,1,REG
2018-11-07,New York Rangers,Montreal Canadiens,New York Rangers,Montreal Canadiens,5,3,REG
2018-11-07,Columbus Blue Jackets,Dallas Stars,Columbus Blue Jackets,Dallas Stars,4,1,REG
2018-11-07,Ottawa Senators,New Jersey Devils,Ottawa Senators,New Jersey Devils,7,3,REG
2018-11-07,Detroit Red Wings,Vancouver Canucks,Detroit Red Wings,Vancouver Canucks,3,2,SO
2018-11-07,Tampa Bay Lightning,Edmonton Oilers,Tampa Bay Lightning,Edmonton Oilers,5,2,REG
2018-11-07,St. Louis Blues,Carolina Hurricanes,St. Louis Blues,Carolina Hurricanes,4,1,REG
2018-11-07,Los Angeles Kings,Anaheim Ducks,Los Angeles Kings,Anaheim Ducks,4,1,REG
2018-11-07,San Jose Sharks,Minnesota Wild,San Jose Sharks,Minnesota Wild,4,3,REG
2018-11-08,Washington Capitals,Pittsburgh Penguins,Washington Capitals,Pittsburgh Penguins,2,1,REG
2018-11-08,Colorado Avalanche,Nashville Predators,Nashville Predators,Colorado Avalanche,4,1,REG
2018-11-08,Anaheim Ducks,Calgary Flames,Anaheim Ducks,Calgary Flames,3,2,REG
2018-11-09,Boston Bruins,Vancouver Canucks,Vancouver Canucks,Boston Bruins,8,5,REG
2018-11-09,Florida Panthers,Edmonton Oilers,Florida Panthers,Edmonton Oilers,4,1,REG
2018-11-09,Philadelphia Flyers,Arizona Coyotes,Philadelphia Flyers,Arizona Coyotes,5,4,OT
2018-11-09,Montreal Canadiens,Buffalo Sabres,Buffalo Sabres,Montreal Canadiens,6,5,OT
2018-11-09,Ottawa Senators,Vegas Golden Knights,Vegas Golden Knights,Ottawa Senators,5,3,REG
2018-11-09,Tampa Bay Lightning,New York Islanders,Tampa Bay Lightning,New York Islanders,4,2,REG
2018-11-09,Chicago Blackhawks,Carolina Hurricanes,Carolina Hurricanes,Chicago Blackhawks,4,3,REG
2018-11-09,Dallas Stars,San Jose Sharks,Dallas Stars,San Jose Sharks,4,3,REG
2018-11-09,Los Angeles Kings,Minnesota Wild,Minnesota Wild,Los Angeles Kings,3,1,REG
2018-11-10,Toronto Maple Leafs,New Jersey Devils,Toronto Maple Leafs,New Jersey Devils,5,1,REG
2018-11-10,Washington Capitals,Columbus Blue Jackets,Columbus Blue Jackets,Washington Capitals,2,1,REG
2018-11-10,Detroit Red Wings,New York Rangers,Detroit Red Wings,New York Rangers,3,2,OT
2018-11-10,St. Louis Blues,San Jose Sharks,St. Louis Blues,San Jose Sharks,4,0,REG
2018-11-10,Winnipeg Jets,Colorado Avalanche,Winnipeg Jets,Colorado Avalanche,5,2,REG
2018-11-10,Anaheim Ducks,Minnesota Wild,Minnesota Wild,Anaheim Ducks,5,1,REG
2018-11-10,Buffalo Sabres,Vancouver Canucks,Buffalo Sabres,Vancouver Canucks,4,3,SO
2018-11-10,Philadelphia Flyers,Chicago Blackhawks,Philadelphia Flyers,Chicago Blackhawks,4,0,REG
2018-11-10,Dallas Stars,Nashville Predators,Nashville Predators,Dallas Stars,5,4,OT
2018-11-11,Boston Bruins,Toronto Maple Leafs,Boston Bruins,Toronto Maple Leafs,5,1,REG
2018-11-11,Montreal Canadiens,Vegas Golden Knights,Montreal Canadiens,Vegas Golden Knights,5,4,REG
2018-11-11,Tampa Bay Lightning,Ottawa Senators,Ottawa Senators,Tampa Bay Lightning,6,4,REG
2018-11-11,Florida Panthers,New York Islanders,Florida Panthers,New York Islanders,4,2,REG
2018-11-11,Pittsburgh Penguins,Arizona Coyotes,Pittsburgh Penguins,Arizona Coyotes,4,0,REG
2018-11-11,Carolina Hurricanes,Detroit Red Wings,Detroit Red Wings,Carolina Hurricanes,4,3,SO
2018-11-11,Columbus Blue Jackets,New York Rangers,New York Rangers,Columbus Blue Jackets,5,4,SO
2018-11-11,St. Louis Blues,Minnesota Wild,Minnesota Wild,St. Louis Blues,3,2,REG
2018-11-11,Florida Panthers,Ottawa Senators,Florida Panthers,Ottawa Senators,5,1,REG
2018-11-11,Washington Capitals,Arizona Coyotes,Arizona Coyotes,Washington Capitals,4,1,REG
2018-11-12,Boston Bruins,Vegas Golden Knights,Boston Bruins,Vegas Golden Knights,4,1,REG
2018-11-12,Winnipeg Jets,New Jersey Devils,Winnipeg Jets,New Jersey Devils,5,2,REG
2018-11-12,San Jose Sharks,Calgary Flames,San Jose Sharks,Calgary Flames,3,1,REG
2018-11-12,Edmonton Oilers,Colorado Avalanche,Colorado Avalanche,Edmonton Oilers,4,1,REG
2018-11-13,New York Rangers,Vancouver Canucks,New York Rangers,Vancouver Canucks,2,1,REG
2018-11-13,Carolina Hurricanes,Chicago Blackhawks,Carolina Hurricanes,Chicago Blackhawks,3,2,OT
2018-11-13,Dallas Stars,Columbus Blue Jackets,Columbus Blue Jackets,Dallas Stars,2,1,REG
2018-11-13,Anaheim Ducks,Nashville Predators,Anaheim Ducks,Nashville Predators,2,1,SO
2018-11-14,New Jersey Devils,Pittsburgh Penguins,New Jersey Devils,Pittsburgh Penguins,4,2,REG
2018-11-14,New York Islanders,Vancouver Canucks,New York Islanders,Vancouver Canucks,5,2,REG
2018-11-14,Philadelphia Flyers,Florida Panthers,Florida Panthers,Philadelphia Flyers,2,1,REG
2018-11-14,Buffalo Sabres,Tampa Bay Lightning,Buffalo Sabres,Tampa Bay Lightning,2,1,REG
2018-11-14,Detroit Red Wings,Arizona Coyotes,Detroit Red Wings,Arizona Coyotes,5,1,REG
2018-11-14,Minnesota Wild,Washington Capitals,Washington Capitals,Minnesota Wild,5,2,REG
2018-11-14,Edmonton Oilers,Montreal Canadiens,Edmonton Oilers,Montreal Canadiens,6,2,REG
2018-11-14,Los Angeles Kings,Toronto Maple Leafs,Toronto Maple Leafs,Los Angeles Kings,5,1,REG
2018-11-14,San Jose Sharks,Nashville Predators,San Jose Sharks,Nashville Predators,5,4,REG
2018-11-15,Winnipeg Jets,Washington Capitals,Winnipeg Jets,Washington Capitals,3,1,REG
2018-11-15,Colorado Avalanche,Boston Bruins,Colorado Avalanche,Boston Bruins,6,3,REG
2018-11-15,Vegas Golden Knights,Anaheim Ducks,Vegas Golden Knights,Anaheim Ducks,4,0,REG
2018-11-16,New York Islanders,New York Rangers,New York Islanders,New York Rangers,7,5,REG
2018-11-16,Philadelphia Flyers,New Jersey Devils,New Jersey Devils,Philadelphia Flyers,3,0,REG
2018-11-16,Pittsburgh Penguins,Tampa Bay Lightning,Tampa Bay Lightning,Pittsburgh Penguins,4,3,REG
2018-11-16,Columbus Blue Jackets,Florida Panthers,Columbus Blue Jackets,Florida Panthers,7,3,REG
2018-11-16,Ottawa Senators,Detroit Red Wings,Ottawa Senators,Detroit Red Wings,2,1,REG
2018-11-16,Minnesota Wild,Vancouver Canucks,Minnesota Wild,Vancouver Canucks,6,2,REG
2018-11-16,Calgary Flames,Montreal Canadiens,Montreal Canadiens,Calgary Flames,3,2,REG
2018-11-16,Arizona Coyotes,Nashville Predators,Arizona Coyotes,Nashville Predators,2,1,REG
2018-11-16,San Jose Sharks,Toronto Maple Leafs,Toronto Maple Leafs,San Jose Sharks,5,3,REG
2018-11-17,Winnipeg Jets,Buffalo Sabres,Buffalo Sabres,Winnipeg Jets,2,1,SO
2018-11-17,Chicago Blackhawks,Los Angeles Kings,Los Angeles Kings,Chicago Blackhawks,2,1,SO
2018-11-17,Colorado Avalanche,Washington Capitals,Washington Capitals,Colorado Avalanche,3,2,OT
2018-11-17,Vegas Golden Knights,St. Louis Blues,St. Louis Blues,Vegas Golden Knights,4,1,REG
2018-11-17,Anaheim Ducks,Toronto Maple Leafs,Toronto Maple Leafs,Anaheim Ducks,2,1,OT
2018-11-17,New Jersey Devils,Detroit Red Wings,Detroit Red Wings,New Jersey Devils,3,2,OT
2018-11-17,Philadelphia Flyers,Tampa Bay Lightning,Tampa Bay Lightning,Philadelphia Flyers,6,5,OT
2018-11-17,Minnesota Wild,Buffalo Sabres,Buffalo Sabres,Minnesota Wild,3,2,REG
2018-11-18,Ottawa Senators,Pittsburgh Penguins,Ottawa Senators,Pittsburgh Penguins,6,4,REG
2018-11-18,New York Rangers,Florida Panthers,New York Rangers,Florida Panthers,4,2,REG
2018-11-18,Carolina Hurricanes,Columbus Blue Jackets,Columbus Blue Jackets,Carolina Hurricanes,4,1,REG
2018-11-18,Vancouver Canucks,Montreal Canadiens,Montreal Canadiens,Vancouver Canucks,3,2,REG
2018-11-18,Nashville Predators,Los Angeles Kings,Nashville Predators,Los Angeles Kings,5,3,REG
2018-11-18,Arizona Coyotes,Boston Bruins,Boston Bruins,Arizona Coyotes,2,1,REG
2018-11-18,Calgary Flames,Edmonton Oilers,Calgary Flames,Edmonton Oilers,4,2,REG
2018-11-18,San Jose Sharks,St. Louis Blues,San Jose Sharks,St. Louis Blues,4,0,REG
2018-11-18,New York Islanders,Dallas Stars,Dallas Stars,New York Islanders,6,2,REG
2018-11-18,Carolina Hurricanes,New Jersey Devils,Carolina Hurricanes,New Jersey Devils,2,1,REG
2018-11-18,Chicago Blackhawks,Minnesota Wild,Chicago Blackhawks,Minnesota Wild,3,1,REG
2018-11-19,Edmonton Oilers,Vegas Golden Knights,Vegas Golden Knights,Edmonton Oilers,6,3,REG
2018-11-19,Anaheim Ducks,Colorado Avalanche,Colorado Avalanche,Anaheim Ducks,4,3,OT
2018-11-20,Toronto Maple Leafs,Columbus Blue Jackets,Toronto Maple Leafs,Columbus Blue Jackets,4,2,REG
2018-11-20,New York Rangers,Dallas Stars,New York Rangers,Dallas Stars,2,1,REG
2018-11-20,Pittsburgh Penguins,Buffalo Sabres,Buffalo Sabres,Pittsburgh Penguins,5,4,OT
2018-11-20,Montreal Canadiens,Washington Capitals,Washington Capitals,Montreal Canadiens,5,4,OT
2018-11-20,Ottawa Senators,Florida Panthers,Florida Panthers,Ottawa Senators,7,5,REG
2018-11-20,St. Louis Blues,Los Angeles Kings,Los Angeles Kings,St. Louis Blues,2,0,REG
2018-11-20,Nashville Predators,Tampa Bay Lightning,Nashville Predators,Tampa Bay Lightning,3,2,REG
2018-11-20,Calgary Flames,Vegas Golden Knights,Calgary Flames,Vegas Golden Knights,6,2,REG
2018-11-20,Vancouver Canucks,Winnipeg Jets,Winnipeg Jets,Vancouver Canucks,6,3,REG
2018-11-21,San Jose Sharks,Edmonton Oilers,Edmonton Oilers,San Jose Sharks,4,3,OT
2018-11-22,New Jersey Devils,Montreal Canadiens,New Jersey Devils,Montreal Canadiens,5,2,REG
2018-11-22,New York Rangers,New York Islanders,New York Rangers,New York Islanders,4,0,REG
2018-11-22,Pittsburgh Penguins,Dallas Stars,Pittsburgh Penguins,Dallas Stars,5,1,REG
2018-11-22,Washington Capitals,Chicago Blackhawks,Washington Capitals,Chicago Blackhawks,4,2,REG
2018-11-22,Carolina Hurricanes,Toronto Maple Leafs,Carolina Hurricanes,Toronto Maple Leafs,5,2,REG
2018-11-22,Buffalo Sabres,Philadelphia Flyers,Buffalo Sabres,Philadelphia Flyers,5,2,REG
2018-11-22,Detroit Red Wings,Boston Bruins,Detroit Red Wings,Boston Bruins,3,2,OT
2018-11-22,Tampa Bay Lightning,Florida Panthers,Tampa Bay Lightning,Florida Panthers,7,3,REG
2018-11-22,Nashville Predators,St. Louis Blues,Nashville Predators,St. Louis Blues,4,1,REG
2018-11-22,Minnesota Wild,Ottawa Senators,Minnesota Wild,Ottawa Senators,6,4,REG
2018-11-22,Arizona Coyotes,Vegas Golden Knights,Vegas Golden Knights,Arizona Coyotes,3,2,OT
2018-11-22,Calgary Flames,Winnipeg Jets,Calgary Flames,Winnipeg Jets,6,3,REG
2018-11-22,Anaheim Ducks,Vancouver Canucks,Anaheim Ducks,Vancouver Canucks,4,3,REG
2018-11-22,Los Angeles Kings,Colorado Avalanche,Colorado Avalanche,Los Angeles Kings,7,3,REG
2018-11-23,Philadelphia Flyers,New York Rangers,Philadelphia Flyers,New York Rangers,4,0,REG
2018-11-23,Buffalo Sabres,Montreal Canadiens,Buffalo Sabres,Montreal Canadiens,3,2,OT
2018-11-23,New Jersey Devils,New York Islanders,New York Islanders,New Jersey Devils,4,3,OT
2018-11-23,Washington Capitals,Detroit Red Wings,Washington Capitals,Detroit Red Wings,3,1,REG
2018-11-23,Minnesota Wild,Winnipeg Jets,Minnesota Wild,Winnipeg Jets,4,2,REG
2018-11-23,Anaheim Ducks,Edmonton Oilers,Anaheim Ducks,Edmonton Oilers,2,1,OT
2018-11-23,Vegas Golden Knights,Calgary Flames,Vegas Golden Knights,Calgary Flames,2,0,REG
2018-11-24,Columbus Blue Jackets,Toronto Maple Leafs,Columbus Blue Jackets,Toronto Maple Leafs,4,2,REG
2018-11-24,Boston Bruins,Pittsburgh Penguins,Boston Bruins,Pittsburgh Penguins,2,1,OT
2018-11-24,Tampa Bay Lightning,Chicago Blackhawks,Tampa Bay Lightning,Chicago Blackhawks,4,2,REG
2018-11-24,Carolina Hurricanes,Florida Panthers,Carolina Hurricanes,Florida Panthers,4,1,REG
2018-11-24,St. Louis Blues,Nashville Predators,St. Louis Blues,Nashville Predators,6,2,REG
2018-11-24,Dallas Stars,Ottawa Senators,Dallas Stars,Ottawa Senators,6,4,REG
2018-11-24,Arizona Coyotes,Colorado Avalanche,Colorado Avalanche,Arizona Coyotes,5,1,REG
2018-11-24,San Jose Sharks,Vancouver Canucks,San Jose Sharks,Vancouver Canucks,4,0,REG
2018-11-24,New York Rangers,Washington Capitals,Washington Capitals,New York Rangers,5,3,REG
2018-11-25,Toronto Maple Leafs,Philadelphia Flyers,Toronto Maple Leafs,Philadelphia Flyers,4,0,REG
2018-11-25,Montreal Canadiens,Boston Bruins,Boston Bruins,Montreal Canadiens,3,2,REG
2018-11-25,Detroit Red Wings,Buffalo Sabres,Buffalo Sabres,Detroit Red Wings,3,2,SO
2018-11-25,Florida Panthers,Chicago Blackhawks,Chicago Blackhawks,Florida Panthers,5,4,OT
2018-11-25,New York Islanders,Carolina Hurricanes,New York Islanders,Carolina Hurricanes,4,1,REG
2018-11-25,Pittsburgh Penguins,Columbus Blue Jackets,Pittsburgh Penguins,Columbus Blue Jackets,4,2,REG
2018-11-25,St. Louis Blues,Winnipeg Jets,Winnipeg Jets,St. Louis Blues,8,4,REG
2018-11-25,Colorado Avalanche,Dallas Stars,Colorado Avalanche,Dallas Stars,3,2,REG
2018-11-25,Vegas Golden Knights,San Jose Sharks,Vegas Golden Knights,San Jose Sharks,4,0,REG
2018-11-25,Los Angeles Kings,Vancouver Canucks,Vancouver Canucks,Los Angeles Kings,4,2,REG
2018-11-25,Arizona Coyotes,Calgary Flames,Calgary Flames,Arizona Coyotes,5,1,REG
2018-11-26,Tampa Bay Lightning,New Jersey Devils,Tampa Bay Lightning,New Jersey Devils,5,2,REG
2018-11-26,Nashville Predators,Anaheim Ducks,Nashville Predators,Anaheim Ducks,5,2,REG
2018-11-26,Los Angeles Kings,Edmonton Oilers,Los Angeles Kings,Edmonton Oilers,5,2,REG
2018-11-27,Toronto Maple Leafs,Boston Bruins,Toronto Maple Leafs,Boston Bruins,4,2,REG
2018-11-27,Florida Panthers,New Jersey Devils,Florida Panthers,New Jersey Devils,4,3,OT
2018-11-27,New York Islanders,Washington Capitals,Washington Capitals,New York Islanders,4,1,REG
2018-11-27,New York Rangers,Ottawa Senators,New York Rangers,Ottawa Senators,4,2,REG
2018-11-27,Detroit Red Wings,Columbus Blue Jackets,Columbus Blue Jackets,Detroit Red Wings,7,5,REG
2018-11-28,Buffalo Sabres,San Jose Sharks,Buffalo Sabres,San Jose Sharks,3,2,OT
2018-11-28,Philadelphia Flyers,Ottawa Senators,Ottawa Senators,Philadelphia Flyers,4,3,REG
2018-11-28,Montreal Canadiens,Carolina Hurricanes,Carolina Hurricanes,Montreal Canadiens,2,1,REG
2018-11-28,Tampa Bay Lightning,Anaheim Ducks,Anaheim Ducks,Tampa Bay Lightning,3,1,REG
2018-11-28,Nashville Predators,Colorado Avalanche,Colorado Avalanche,Nashville Predators,3,2,REG
2018-11-28,Minnesota Wild,Arizona Coyotes,Arizona Coyotes,Minnesota Wild,4,3,REG
2018-11-28,Winnipeg Jets,Pittsburgh Penguins,Pittsburgh Penguins,Winnipeg Jets,4,3,REG
2018-11-28,Chicago Blackhawks,Vegas Golden Knights,Vegas Golden Knights,Chicago Blackhawks,7,3,REG
2018-11-28,Vancouver Canucks,Los Angeles Kings,Los Angeles Kings,Vancouver Canucks,2,1,OT
2018-11-29,Detroit Red Wings,St. Louis Blues,Detroit Red Wings,St. Louis Blues,4,3,REG
2018-11-29,Florida Panthers,Anaheim Ducks,Anaheim Ducks,Florida Panthers,3,2,REG
2018-11-29,Toronto Maple Leafs,San Jose Sharks,Toronto Maple Leafs,San Jose Sharks,5,3,REG
2018-11-29,Calgary Flames,Dallas Stars,Dallas Stars,Calgary Flames,4,3,OT
2018-11-29,Colorado Avalanche,Pittsburgh Penguins,Colorado Avalanche,Pittsburgh Penguins,6,3,REG
2018-11-30,Columbus Blue Jackets,Minnesota Wild,Columbus Blue Jackets,Minnesota Wild,4,2,REG
2018-11-30,Ottawa Senators,New York Rangers,Ottawa Senators,New York Rangers,3,0,REG
2018-11-30,Tampa Bay Lightning,Buffalo Sabres,Tampa Bay Lightning,Buffalo Sabres,5,4,REG
2018-11-30,Boston Bruins,New York Islanders,Boston Bruins,New York Islanders,2,1,SO
2018-11-30,Nashville Predators,Arizona Coyotes,Arizona Coyotes,Nashville Predators,3,0,REG
2018-11-30,Winnipeg Jets,Chicago Blackhawks,Winnipeg Jets,Chicago Blackhawks,6,5,REG
2018-11-30,Edmonton Oilers,Los Angeles Kings,Edmonton Oilers,Los Angeles Kings,3,2,REG
2018-11-30,Vancouver Canucks,Vegas Golden Knights,Vegas Golden Knights,Vancouver Canucks,4,3,REG
2018-12-01,Florida Panthers,Buffalo Sabres,Florida Panthers,Buffalo Sabres,3,2,OT
2018-12-01,Washington Capitals,New Jersey Devils,Washington Capitals,New Jersey Devils,6,3,REG
2018-12-01,Carolina Hurricanes,Anaheim Ducks,Anaheim Ducks,Carolina Hurricanes,2,1,OT
2018-12-01,Colorado Avalanche,St. Louis Blues,St. Louis Blues,Colorado Avalanche,3,2,OT
2018-12-01,Calgary Flames,Los Angeles Kings,Calgary Flames,Los Angeles Kings,4,1,REG
2018-12-01,Ottawa Senators,San Jose Sharks,Ottawa Senators,San Jose Sharks,6,2,REG
2018-12-01,Vancouver Canucks,Dallas Stars,Dallas Stars,Vancouver Canucks,2,1,REG
2018-12-02,Boston Bruins,Detroit Red Wings,Detroit Red Wings,Boston Bruins,4,2,REG
2018-12-02,Montreal Canadiens,New York Rangers,Montreal Canadiens,New York Rangers,5,2,REG
2018-12-02,Florida Panthers,Tampa Bay Lightning,Tampa Bay Lightning,Florida Panthers,5,4,OT
2018-12-02,New Jersey Devils,Winnipeg Jets,Winnipeg Jets,New Jersey Devils,4,3,OT
2018-12-02,New York Islanders,Columbus Blue Jackets,New York Islanders,Columbus Blue Jackets,3,2,REG
2018-12-02,Pittsburgh Penguins,Philadelphia Flyers,Philadelphia Flyers,Pittsburgh Penguins,4,2,REG
2018-12-02,Minnesota Wild,Toronto Maple Leafs,Toronto Maple Leafs,Minnesota Wild,5,3,REG
2018-12-02,Nashville Predators,Chicago Blackhawks,Nashville Predators,Chicago Blackhawks,5,2,REG
2018-12-02,Arizona Coyotes,St. Louis Blues,Arizona Coyotes,St. Louis Blues,5,1,REG
2018-12-02,Edmonton Oilers,Vegas Golden Knights,Edmonton Oilers,Vegas Golden Knights,2,1,REG
2018-12-02,Washington Capitals,Anaheim Ducks,Anaheim Ducks,Washington Capitals,6,5,REG
2018-12-02,New York Rangers,Winnipeg Jets,Winnipeg Jets,New York Rangers,4,3,SO
2018-12-03,Montreal Canadiens,San Jose Sharks,San Jose Sharks,Montreal Canadiens,3,1,REG
2018-12-03,Detroit Red Wings,Colorado Avalanche,Colorado Avalanche,Detroit Red Wings,2,0,REG
2018-12-03,Chicago Blackhawks,Calgary Flames,Calgary Flames,Chicago Blackhawks,3,2,REG
2018-12-03,Los Angeles Kings,Carolina Hurricanes,Los Angeles Kings,Carolina Hurricanes,2,0,REG
2018-12-04,New Jersey Devils,Tampa Bay Lightning,Tampa Bay Lightning,New Jersey Devils,5,1,REG
2018-12-04,Nashville Predators,Buffalo Sabres,Nashville Predators,Buffalo Sabres,2,1,REG
2018-12-04,Dallas Stars,Edmonton Oilers,Dallas Stars,Edmonton Oilers,4,1,REG
2018-12-05,Florida Panthers,Boston Bruins,Florida Panthers,Boston Bruins,4,0,REG
2018-12-05,New York Islanders,Winnipeg Jets,Winnipeg Jets,New York Islanders,3,1,REG
2018-12-05,Pittsburgh Penguins,Colorado Avalanche,Pittsburgh Penguins,Colorado Avalanche,6,3,REG
2018-12-05,Columbus Blue Jackets,Calgary Flames,Calgary Flames,Columbus Blue Jackets,9,6,REG
2018-12-05,Buffalo Sabres,Toronto Maple Leafs,Toronto Maple Leafs,Buffalo Sabres,4,3,OT
2018-12-05,Montreal Canadiens,Ottawa Senators,Montreal Canadiens,Ottawa Senators,5,2,REG
2018-12-05,Detroit Red Wings,Tampa Bay Lightning,Tampa Bay Lightning,Detroit Red Wings,6,5,SO
2018-12-05,Vancouver Canucks,Minnesota Wild,Minnesota Wild,Vancouver Canucks,3,2,REG
2018-12-05,Vegas Golden Knights,Washington Capitals,Vegas Golden Knights,Washington Capitals,5,3,REG
2018-12-05,Los Angeles Kings,Arizona Coyotes,Arizona Coyotes,Los Angeles Kings,2,1,REG
2018-12-06,St. Louis Blues,Edmonton Oilers,Edmonton Oilers,St. Louis Blues,3,2,SO
2018-12-06,Anaheim Ducks,Chicago Blackhawks,Anaheim Ducks,Chicago Blackhawks,4,2,REG
2018-12-06,San Jose Sharks,Carolina Hurricanes,San Jose Sharks,Carolina Hurricanes,5,1,REG
2018-12-07,Toronto Maple Leafs,Detroit Red Wings,Detroit Red Wings,Toronto Maple Leafs,5,4,OT
2018-12-07,Florida Panthers,Colorado Avalanche,Colorado Avalanche,Florida Panthers,5,2,REG
2018-12-07,Philadelphia Flyers,Columbus Blue Jackets,Columbus Blue Jackets,Philadelphia Flyers,4,3,OT
2018-12-07,Pittsburgh Penguins,New York Islanders,Pittsburgh Penguins,New York Islanders,6,2,REG
2018-12-07,Ottawa Senators,Montreal Canadiens,Montreal Canadiens,Ottawa Senators,5,2,REG
2018-12-07,Tampa Bay Lightning,Boston Bruins,Tampa Bay Lightning,Boston Bruins,3,2,REG
2018-12-07,Calgary Flames,Minnesota Wild,Calgary Flames,Minnesota Wild,2,0,REG
2018-12-07,Arizona Coyotes,Washington Capitals,Washington Capitals,Arizona Coyotes,4,2,REG
2018-12-07,Vancouver Canucks,Nashville Predators,Vancouver Canucks,Nashville Predators,5,3,REG
2018-12-07,Vegas Golden Knights,Chicago Blackhawks,Vegas Golden Knights,Chicago Blackhawks,4,3,REG
2018-12-07,Los Angeles Kings,New Jersey Devils,New Jersey Devils,Los Angeles Kings,6,3,REG
2018-12-08,Dallas Stars,San Jose Sharks,Dallas Stars,San Jose Sharks,3,2,REG
2018-12-08,Edmonton Oilers,Minnesota Wild,Edmonton Oilers,Minnesota Wild,6,2,REG
2018-12-08,Anaheim Ducks,Carolina Hurricanes,Carolina Hurricanes,Anaheim Ducks,4,1,REG
2018-12-08,Buffalo Sabres,Philadelphia Flyers,Philadelphia Flyers,Buffalo Sabres,6,2,REG
2018-12-08,Los Angeles Kings,Vegas Golden Knights,Los Angeles Kings,Vegas Golden Knights,5,1,REG
2018-12-09,Boston Bruins,Toronto Maple Leafs,Boston Bruins,Toronto Maple Leafs,6,3,REG
2018-12-09,Ottawa Senators,Pittsburgh Penguins,Ottawa Senators,Pittsburgh Penguins,2,1,OT
2018-12-09,Detroit Red Wings,New York Islanders,New York Islanders,Detroit Red Wings,3,2,REG
2018-12-09,Tampa Bay Lightning,Colorado Avalanche,Tampa Bay Lightning,Colorado Avalanche,5,1,REG
2018-12-09,Florida Panthers,New York Rangers,New York Rangers,Florida Panthers,5,4,SO
2018-12-09,Columbus Blue Jackets,Washington Capitals,Washington Capitals,Columbus Blue Jackets,4,0,REG
2018-12-09,Arizona Coyotes,San Jose Sharks,San Jose Sharks,Arizona Coyotes,5,3,REG
2018-12-09,Calgary Flames,Nashville Predators,Calgary Flames,Nashville Predators,5,2,REG
2018-12-09,St. Louis Blues,Vancouver Canucks,Vancouver Canucks,St. Louis Blues,5,1,REG
2018-12-09,Winnipeg Jets,Philadelphia Flyers,Winnipeg Jets,Philadelphia Flyers,5,1,REG
2018-12-09,Ottawa Senators,Boston Bruins,Boston Bruins,Ottawa Senators,2,1,OT
2018-12-09,Chicago Blackhawks,Montreal Canadiens,Montreal Canadiens,Chicago Blackhawks,3,2,REG
2018-12-10,Anaheim Ducks,New Jersey Devils,Anaheim Ducks,New Jersey Devils,6,5,SO
2018-12-10,Vegas Golden Knights,Dallas Stars,Vegas Golden Knights,Dallas Stars,4,2,REG
2018-12-11,New York Islanders,Pittsburgh Penguins,Pittsburgh Penguins,New York Islanders,2,1,SO
2018-12-11,Detroit Red Wings,Los Angeles Kings,Detroit Red Wings,Los Angeles Kings,3,1,REG
2018-12-11,Tampa Bay Lightning,New York Rangers,Tampa Bay Lightning,New York Rangers,6,3,REG
2018-12-11,San Jose Sharks,New Jersey Devils,San Jose Sharks,New Jersey Devils,5,2,REG
2018-12-12,Boston Bruins,Arizona Coyotes,Boston Bruins,Arizona Coyotes,4,3,REG
2018-12-12,Buffalo Sabres,Los Angeles Kings,Buffalo Sabres,Los Angeles Kings,4,3,OT
2018-12-12,Carolina Hurricanes,Toronto Maple Leafs,Toronto Maple Leafs,Carolina Hurricanes,4,1,REG
2018-12-12,Columbus Blue Jackets,Vancouver Canucks,Vancouver Canucks,Columbus Blue Jackets,3,2,REG
2018-12-12,Washington Capitals,Detroit Red Wings,Washington Capitals,Detroit Red Wings,6,2,REG
2018-12-12,St. Louis Blues,Florida Panthers,St. Louis Blues,Florida Panthers,4,3,REG
2018-12-12,Nashville Predators,Ottawa Senators,Nashville Predators,Ottawa Senators,3,1,REG
2018-12-12,Minnesota Wild,Montreal Canadiens,Minnesota Wild,Montreal Canadiens,5,1,REG
2018-12-12,Winnipeg Jets,Chicago Blackhawks,Winnipeg Jets,Chicago Blackhawks,6,3,REG
2018-12-12,Colorado Avalanche,Edmonton Oilers,Edmonton Oilers,Colorado Avalanche,6,4,REG
2018-12-13,New York Islanders,Vegas Golden Knights,Vegas Golden Knights,New York Islanders,3,2,REG
2018-12-13,Chicago Blackhawks,Pittsburgh Penguins,Chicago Blackhawks,Pittsburgh Penguins,6,3,REG
2018-12-13,Calgary Flames,Philadelphia Flyers,Calgary Flames,Philadelphia Flyers,6,5,OT
2018-12-13,Anaheim Ducks,Dallas Stars,Anaheim Ducks,Dallas Stars,6,3,REG
2018-12-14,Buffalo Sabres,Arizona Coyotes,Buffalo Sabres,Arizona Coyotes,3,1,REG
2018-12-14,Columbus Blue Jackets,Los Angeles Kings,Columbus Blue Jackets,Los Angeles Kings,4,1,REG
2018-12-14,Montreal Canadiens,Carolina Hurricanes,Montreal Canadiens,Carolina Hurricanes,6,4,REG
2018-12-14,Tampa Bay Lightning,Toronto Maple Leafs,Tampa Bay Lightning,Toronto Maple Leafs,4,1,REG
2018-12-14,Nashville Predators,Vancouver Canucks,Nashville Predators,Vancouver Canucks,4,3,OT
2018-12-14,Minnesota Wild,Florida Panthers,Minnesota Wild,Florida Panthers,5,1,REG
2018-12-14,Winnipeg Jets,Edmonton Oilers,Winnipeg Jets,Edmonton Oilers,5,4,OT
2018-12-14,San Jose Sharks,Dallas Stars,San Jose Sharks,Dallas Stars,3,2,REG
2018-12-15,New Jersey Devils,Vegas Golden Knights,New Jersey Devils,Vegas Golden Knights,5,4,OT
2018-12-15,New York Rangers,Arizona Coyotes,Arizona Coyotes,New York Rangers,4,3,OT
2018-12-15,Pittsburgh Penguins,Boston Bruins,Pittsburgh Penguins,Boston Bruins,5,3,REG
2018-12-15,Detroit Red Wings,Ottawa Senators,Ottawa Senators,Detroit Red Wings,4,2,REG
2018-12-15,Carolina Hurricanes,Washington Capitals,Washington Capitals,Carolina Hurricanes,6,5,SO
2018-12-15,St. Louis Blues,Colorado Avalanche,St. Louis Blues,Colorado Avalanche,4,3,OT
2018-12-15,Chicago Blackhawks,Winnipeg Jets,Winnipeg Jets,Chicago Blackhawks,4,3,OT
2018-12-15,Edmonton Oilers,Philadelphia Flyers,Edmonton Oilers,Philadelphia Flyers,4,1,REG
2018-12-15,Minnesota Wild,Calgary Flames,Calgary Flames,Minnesota Wild,2,1,REG
2018-12-16,Montreal Canadiens,Ottawa Senators,Montreal Canadiens,Ottawa Senators,5,2,REG
2018-12-16,Florida Panthers,Toronto Maple Leafs,Florida Panthers,Toronto Maple Leafs,4,3,OT
2018-12-16,New York Islanders,Detroit Red Wings,New York Islanders,Detroit Red Wings,4,3,SO
2018-12-16,Pittsburgh Penguins,Los Angeles Kings,Pittsburgh Penguins,Los Angeles Kings,4,3,OT
2018-12-16,Washington Capitals,Buffalo Sabres,Washington Capitals,Buffalo Sabres,4,3,SO
2018-12-16,Columbus Blue Jackets,Anaheim Ducks,Anaheim Ducks,Columbus Blue Jackets,2,1,OT
2018-12-16,Nashville Predators,New Jersey Devils,Nashville Predators,New Jersey Devils,2,1,SO
2018-12-16,Colorado Avalanche,Dallas Stars,Colorado Avalanche,Dallas Stars,6,4,REG
2018-12-16,Vancouver Canucks,Philadelphia Flyers,Vancouver Canucks,Philadelphia Flyers,5,1,REG
2018-12-16,New York Rangers,Vegas Golden Knights,Vegas Golden Knights,New York Rangers,4,3,OT
2018-12-16,Carolina Hurricanes,Arizona Coyotes,Carolina Hurricanes,Arizona Coyotes,3,0,REG
2018-12-16,St. Louis Blues,Calgary Flames,Calgary Flames,St. Louis Blues,6,2,REG
2018-12-16,Boston Bruins,Buffalo Sabres,Buffalo Sabres,Boston Bruins,4,2,REG
2018-12-17,Chicago Blackhawks,San Jose Sharks,San Jose Sharks,Chicago Blackhawks,7,3,REG
2018-12-17,Winnipeg Jets,Tampa Bay Lightning,Winnipeg Jets,Tampa Bay Lightning,5,4,OT
2018-12-17,Vancouver Canucks,Edmonton Oilers,Vancouver Canucks,Edmonton Oilers,4,2,REG
2018-12-18,Pittsburgh Penguins,Anaheim Ducks,Anaheim Ducks,Pittsburgh Penguins,4,2,REG
2018-12-18,Montreal Canadiens,Boston Bruins,Boston Bruins,Montreal Canadiens,4,0,REG
2018-12-18,Ottawa Senators,Nashville Predators,Ottawa Senators,Nashville Predators,4,3,OT
2018-12-18,Colorado Avalanche,New York Islanders,New York Islanders,Colorado Avalanche,4,1,REG
2018-12-19,Buffalo Sabres,Florida Panthers,Florida Panthers,Buffalo Sabres,5,2,REG
2018-12-19,New Jersey Devils,Toronto Maple Leafs,Toronto Maple Leafs,New Jersey Devils,6,2,REG
2018-12-19,New York Rangers,Anaheim Ducks,New York Rangers,Anaheim Ducks,3,1,REG
2018-12-19,Philadelphia Flyers,Detroit Red Wings,Philadelphia Flyers,Detroit Red Wings,3,2,REG
2018-12-19,Minnesota Wild,San Jose Sharks,San Jose Sharks,Minnesota Wild,4,0,REG
2018-12-19,Chicago Blackhawks,Nashville Predators,Chicago Blackhawks,Nashville Predators,2,1,REG
2018-12-19,Dallas Stars,Calgary Flames,Dallas Stars,Calgary Flames,2,0,REG
2018-12-19,Edmonton Oilers,St. Louis Blues,St. Louis Blues,Edmonton Oilers,4,1,REG
2018-12-19,Arizona Coyotes,New York Islanders,New York Islanders,Arizona Coyotes,3,1,REG
2018-12-19,Vancouver Canucks,Tampa Bay Lightning,Tampa Bay Lightning,Vancouver Canucks,5,2,REG
2018-12-19,Los Angeles Kings,Winnipeg Jets,Los Angeles Kings,Winnipeg Jets,4,1,REG
2018-12-20,Washington Capitals,Pittsburgh Penguins,Pittsburgh Penguins,Washington Capitals,2,1,REG
2018-12-20,Colorado Avalanche,Montreal Canadiens,Colorado Avalanche,Montreal Canadiens,2,1,REG
2018-12-21,Boston Bruins,Anaheim Ducks,Boston Bruins,Anaheim Ducks,3,1,REG
2018-12-21,Toronto Maple Leafs,Florida Panthers,Toronto Maple Leafs,Florida Panthers,5,1,REG
2018-12-21,Philadelphia Flyers,Nashville Predators,Philadelphia Flyers,Nashville Predators,2,1,REG
2018-12-21,Pittsburgh Penguins,Minnesota Wild,Pittsburgh Penguins,Minnesota Wild,2,1,REG
2018-12-21,Carolina Hurricanes,Detroit Red Wings,Detroit Red Wings,Carolina Hurricanes,4,1,REG
2018-12-21,Columbus Blue Jackets,New Jersey Devils,Columbus Blue Jackets,New Jersey Devils,2,1,REG
2018-12-21,Dallas Stars,Chicago Blackhawks,Chicago Blackhawks,Dallas Stars,5,2,REG
2018-12-21,Calgary Flames,Tampa Bay Lightning,Tampa Bay Lightning,Calgary Flames,5,4,SO
2018-12-21,Arizona Coyotes,Montreal Canadiens,Montreal Canadiens,Arizona Coyotes,2,1,REG
2018-12-21,Vancouver Canucks,St. Louis Blues,Vancouver Canucks,St. Louis Blues,5,1,REG
2018-12-21,Vegas Golden Knights,New York Islanders,Vegas Golden Knights,New York Islanders,4,2,REG
2018-12-21,San Jose Sharks,Winnipeg Jets,Winnipeg Jets,San Jose Sharks,5,3,REG
2018-12-22,New Jersey Devils,Ottawa Senators,New Jersey Devils,Ottawa Senators,5,2,REG
2018-12-22,Washington Capitals,Buffalo Sabres,Washington Capitals,Buffalo Sabres,2,1,REG
2018-12-22,Colorado Avalanche,Chicago Blackhawks,Chicago Blackhawks,Colorado Avalanche,2,1,REG
2018-12-22,Boston Bruins,Nashville Predators,Boston Bruins,Nashville Predators,5,2,REG
2018-12-22,Philadelphia Flyers,Columbus Blue Jackets,Columbus Blue Jackets,Philadelphia Flyers,4,3,REG
2018-12-22,Detroit Red Wings,Florida Panthers,Florida Panthers,Detroit Red Wings,2,1,REG
2018-12-22,Calgary Flames,St. Louis Blues,St. Louis Blues,Calgary Flames,3,1,REG
2018-12-22,Vegas Golden Knights,Montreal Canadiens,Montreal Canadiens,Vegas Golden Knights,4,3,OT
2018-12-22,San Jose Sharks,Los Angeles Kings,Los Angeles Kings,San Jose Sharks,3,2,OT
2018-12-23,Buffalo Sabres,Anaheim Ducks,Buffalo Sabres,Anaheim Ducks,3,0,REG
2018-12-23,Toronto Maple Leafs,New York Rangers,Toronto Maple Leafs,New York Rangers,5,3,REG
2018-12-23,Ottawa Senators,Washington Capitals,Washington Capitals,Ottawa Senators,4,0,REG
2018-12-23,Carolina Hurricanes,Pittsburgh Penguins,Pittsburgh Penguins,Carolina Hurricanes,3,0,REG
2018-12-23,Arizona Coyotes,Colorado Avalanche,Arizona Coyotes,Colorado Avalanche,6,4,REG
2018-12-23,Minnesota Wild,Dallas Stars,Dallas Stars,Minnesota Wild,2,1,OT
2018-12-23,Edmonton Oilers,Tampa Bay Lightning,Tampa Bay Lightning,Edmonton Oilers,6,3,REG
2018-12-23,New Jersey Devils,Columbus Blue Jackets,Columbus Blue Jackets,New Jersey Devils,3,0,REG
2018-12-23,Carolina Hurricanes,Boston Bruins,Carolina Hurricanes,Boston Bruins,5,3,REG
2018-12-24,New York Rangers,Philadelphia Flyers,Philadelphia Flyers,New York Rangers,3,2,SO
2018-12-24,Chicago Blackhawks,Florida Panthers,Florida Panthers,Chicago Blackhawks,6,3,REG
2018-12-24,Toronto Maple Leafs,Detroit Red Wings,Toronto Maple Leafs,Detroit Red Wings,5,4,OT
2018-12-24,Dallas Stars,New York Islanders,New York Islanders,Dallas Stars,3,1,REG
2018-12-24,Vegas Golden Knights,Los Angeles Kings,Los Angeles Kings,Vegas Golden Knights,4,3,OT
2018-12-24,San Jose Sharks,Arizona Coyotes,Arizona Coyotes,San Jose Sharks,4,3,SO
2018-12-28,Boston Bruins,New Jersey Devils,New Jersey Devils,Boston Bruins,5,2,REG
2018-12-28,New York Rangers,Columbus Blue Jackets,Columbus Blue Jackets,New York Rangers,4,3,OT
2018-12-28,Pittsburgh Penguins,Detroit Red Wings,Pittsburgh Penguins,Detroit Red Wings,5,2,REG
2018-12-28,Washington Capitals,Carolina Hurricanes,Washington Capitals,Carolina Hurricanes,3,1,REG
2018-12-28,Tampa Bay Lightning,Philadelphia Flyers,Tampa Bay Lightning,Philadelphia Flyers,6,5,OT
2018-12-28,St. Louis Blues,Buffalo Sabres,St. Louis Blues,Buffalo Sabres,4,1,REG
2018-12-28,Nashville Predators,Dallas Stars,Dallas Stars,Nashville Predators,2,0,REG
2018-12-28,Winnipeg Jets,Calgary Flames,Calgary Flames,Winnipeg Jets,4,1,REG
2018-12-28,Chicago Blackhawks,Minnesota Wild,Chicago Blackhawks,Minnesota Wild,5,2,REG
2018-12-28,Edmonton Oilers,Vancouver Canucks,Vancouver Canucks,Edmonton Oilers,4,2,REG
2018-12-28,Vegas Golden Knights,Colorado Avalanche,Vegas Golden Knights,Colorado Avalanche,2,1,REG
2018-12-28,Los Angeles Kings,Arizona Coyotes,Los Angeles Kings,Arizona Coyotes,2,1,REG
2018-12-28,San Jose Sharks,Anaheim Ducks,San Jose Sharks,Anaheim Ducks,4,2,REG
2018-12-29,Florida Panthers,Montreal Canadiens,Montreal Canadiens,Florida Panthers,5,3,REG
2018-12-29,New York Islanders,Ottawa Senators,New York Islanders,Ottawa Senators,6,3,REG
2018-12-29,Columbus Blue Jackets,Toronto Maple Leafs,Toronto Maple Leafs,Columbus Blue Jackets,4,2,REG
2018-12-29,New Jersey Devils,Carolina Hurricanes,New Jersey Devils,Carolina Hurricanes,2,0,REG
2018-12-29,Winnipeg Jets,Minnesota Wild,Minnesota Wild,Winnipeg Jets,3,1,REG
2018-12-29,Edmonton Oilers,San Jose Sharks,San Jose Sharks,Edmonton Oilers,7,4,REG
2018-12-29,Los Angeles Kings,Vegas Golden Knights,Vegas Golden Knights,Los Angeles Kings,4,1,REG
2018-12-30,Buffalo Sabres,Boston Bruins,Boston Bruins,Buffalo Sabres,3,2,OT
2018-12-30,Toronto Maple Leafs,New York Islanders,New York Islanders,Toronto Maple Leafs,4,0,REG
2018-12-30,Ottawa Senators,Washington Capitals,Washington Capitals,Ottawa Senators,3,2,REG
2018-12-30,Tampa Bay Lightning,Montreal Canadiens,Tampa Bay Lightning,Montreal Canadiens,6,5,REG
2018-12-30,Florida Panthers,Philadelphia Flyers,Florida Panthers,Philadelphia Flyers,2,1,REG
2018-12-30,St. Louis Blues,Pittsburgh Penguins,Pittsburgh Penguins,St. Louis Blues,5,1,REG
2018-12-30,Nashville Predators,New York Rangers,New York Rangers,Nashville Predators,4,3,REG
2018-12-30,Dallas Stars,Detroit Red Wings,Dallas Stars,Detroit Red Wings,5,1,REG
2018-12-30,Colorado Avalanche,Chicago Blackhawks,Chicago Blackhawks,Colorado Avalanche,3,2,OT
2018-12-30,Calgary Flames,Vancouver Canucks,Vancouver Canucks,Calgary Flames,3,2,OT
2018-12-30,Anaheim Ducks,Arizona Coyotes,Arizona Coyotes,Anaheim Ducks,5,4,OT
2018-12-31,Arizona Coyotes,Vegas Golden Knights,Vegas Golden Knights,Arizona Coyotes,5,1,REG
2018-12-31,Washington Capitals,Nashville Predators,Nashville Predators,Washington Capitals,6,3,REG
2018-12-31,New Jersey Devils,Vancouver Canucks,New Jersey Devils,Vancouver Canucks,4,0,REG
2018-12-31,Buffalo Sabres,New York Islanders,New York Islanders,Buffalo Sabres,3,1,REG
2018-12-31,Carolina Hurricanes,Philadelphia Flyers,Carolina Hurricanes,Philadelphia Flyers,3,1,REG
2018-12-31,Minnesota Wild,Pittsburgh Penguins,Pittsburgh Penguins,Minnesota Wild,3,2,REG
2019-01-01,Columbus Blue Jackets,Ottawa Senators,Columbus Blue Jackets,Ottawa Senators,6,3,REG
2019-01-01,St. Louis Blues,New York Rangers,New York Rangers,St. Louis Blues,2,1,REG
2019-01-01,Detroit Red Wings,Florida Panthers,Florida Panthers,Detroit Red Wings,4,3,SO
2019-01-01,Colorado Avalanche,Los Angeles Kings,Los Angeles Kings,Colorado Avalanche,3,2,OT
2019-01-01,Anaheim Ducks,Tampa Bay Lightning,Tampa Bay Lightning,Anaheim Ducks,2,1,OT
2019-01-01,Dallas Stars,Montreal Canadiens,Montreal Canadiens,Dallas Stars,3,2,OT
2019-01-01,Calgary Flames,San Jose Sharks,Calgary Flames,San Jose Sharks,8,5,REG
2019-01-01,Edmonton Oilers,Winnipeg Jets,Winnipeg Jets,Edmonton Oilers,4,3,REG
2019-01-01,Chicago Blackhawks,Boston Bruins,Boston Bruins,Chicago Blackhawks,4,2,REG
2019-01-02,Nashville Predators,Philadelphia Flyers,Nashville Predators,Philadelphia Flyers,4,0,REG
2019-01-02,Vegas Golden Knights,Los Angeles Kings,Vegas Golden Knights,Los Angeles Kings,2,0,REG
2019-01-03,Ottawa Senators,Vancouver Canucks,Vancouver Canucks,Ottawa Senators,4,3,OT
2019-01-03,Detroit Red Wings,Calgary Flames,Calgary Flames,Detroit Red Wings,5,3,REG
2019-01-03,New York Rangers,Pittsburgh Penguins,Pittsburgh Penguins,New York Rangers,6,2,REG
2019-01-03,Dallas Stars,New Jersey Devils,Dallas Stars,New Jersey Devils,5,4,REG
2019-01-03,Colorado Avalanche,San Jose Sharks,San Jose Sharks,Colorado Avalanche,5,4,REG
2019-01-03,Arizona Coyotes,Edmonton Oilers,Edmonton Oilers,Arizona Coyotes,3,1,REG
2019-01-03,Toronto Maple Leafs,Minnesota Wild,Minnesota Wild,Toronto Maple Leafs,4,3,REG
2019-01-04,Boston Bruins,Calgary Flames,Boston Bruins,Calgary Flames,6,4,REG
2019-01-04,Buffalo Sabres,Florida Panthers,Buffalo Sabres,Florida Panthers,4,3,REG
2019-01-04,Philadelphia Flyers,Carolina Hurricanes,Carolina Hurricanes,Philadelphia Flyers,5,3,REG
2019-01-04,New York Islanders,Chicago Blackhawks,New York Islanders,Chicago Blackhawks,3,2,OT
2019-01-04,Montreal Canadiens,Vancouver Canucks,Montreal Canadiens,Vancouver Canucks,2,0,REG
2019-01-04,St. Louis Blues,Washington Capitals,St. Louis Blues,Washington Capitals,5,2,REG
2019-01-04,Los Angeles Kings,Tampa Bay Lightning,Tampa Bay Lightning,Los Angeles Kings,6,2,REG
2019-01-05,Pittsburgh Penguins,Winnipeg Jets,Pittsburgh Penguins,Winnipeg Jets,4,0,REG
2019-01-05,Detroit Red Wings,Nashville Predators,Detroit Red Wings,Nashville Predators,4,3,OT
2019-01-05,Carolina Hurricanes,Columbus Blue Jackets,Carolina Hurricanes,Columbus Blue Jackets,4,2,REG
2019-01-05,Dallas Stars,Washington Capitals,Dallas Stars,Washington Capitals,2,1,OT
2019-01-05,Colorado Avalanche,New York Rangers,Colorado Avalanche,New York Rangers,5,1,REG
2019-01-05,Arizona Coyotes,New Jersey Devils,New Jersey Devils,Arizona Coyotes,3,2,SO
2019-01-05,Anaheim Ducks,Vegas Golden Knights,Vegas Golden Knights,Anaheim Ducks,3,2,REG
2019-01-05,Philadelphia Flyers,Calgary Flames,Calgary Flames,Philadelphia Flyers,3,2,OT
2019-01-05,Ottawa Senators,Minnesota Wild,Minnesota Wild,Ottawa Senators,4,3,REG
2019-01-06,Boston Bruins,Buffalo Sabres,Boston Bruins,Buffalo Sabres,2,1,REG
2019-01-06,Toronto Maple Leafs,Vancouver Canucks,Toronto Maple Leafs,Vancouver Canucks,4,0,REG
2019-01-06,Montreal Canadiens,Nashville Predators,Nashville Predators,Montreal Canadiens,4,1,REG
2019-01-06,Florida Panthers,Columbus Blue Jackets,Columbus Blue Jackets,Florida Panthers,4,3,OT
2019-01-06,St. Louis Blues,New York Islanders,New York Islanders,St. Louis Blues,4,3,REG
2019-01-06,Los Angeles Kings,Edmonton Oilers,Los Angeles Kings,Edmonton Oilers,4,0,REG
2019-01-06,San Jose Sharks,Tampa Bay Lightning,San Jose Sharks,Tampa Bay Lightning,5,2,REG
2019-01-06,Ottawa Senators,Carolina Hurricanes,Carolina Hurricanes,Ottawa Senators,5,4,REG
2019-01-06,Arizona Coyotes,New York Rangers,Arizona Coyotes,New York Rangers,4,0,REG
2019-01-06,Vegas Golden Knights,New Jersey Devils,Vegas Golden Knights,New Jersey Devils,3,2,REG
2019-01-06,Detroit Red Wings,Washington Capitals,Washington Capitals,Detroit Red Wings,3,2,REG
2019-01-06,Winnipeg Jets,Dallas Stars,Winnipeg Jets,Dallas Stars,5,1,REG
2019-01-07,Pittsburgh Penguins,Chicago Blackhawks,Chicago Blackhawks,Pittsburgh Penguins,5,3,REG
2019-01-07,Anaheim Ducks,Edmonton Oilers,Edmonton Oilers,Anaheim Ducks,4,0,REG
2019-01-08,Toronto Maple Leafs,Nashville Predators,Nashville Predators,Toronto Maple Leafs,4,0,REG
2019-01-08,Philadelphia Flyers,St. Louis Blues,St. Louis Blues,Philadelphia Flyers,3,0,REG
2019-01-08,Chicago Blackhawks,Calgary Flames,Calgary Flames,Chicago Blackhawks,4,3,REG
2019-01-08,San Jose Sharks,Los Angeles Kings,San Jose Sharks,Los Angeles Kings,3,1,REG
2019-01-09,Boston Bruins,Minnesota Wild,Boston Bruins,Minnesota Wild,4,0,REG
2019-01-09,Buffalo Sabres,New Jersey Devils,Buffalo Sabres,New Jersey Devils,5,1,REG
2019-01-09,New York Islanders,Carolina Hurricanes,Carolina Hurricanes,New York Islanders,4,3,REG
2019-01-09,Pittsburgh Penguins,Florida Panthers,Pittsburgh Penguins,Florida Panthers,5,1,REG
2019-01-09,Washington Capitals,Philadelphia Flyers,Washington Capitals,Philadelphia Flyers,5,3,REG
2019-01-09,Detroit Red Wings,Montreal Canadiens,Montreal Canadiens,Detroit Red Wings,3,2,REG
2019-01-09,Tampa Bay Lightning,Columbus Blue Jackets,Tampa Bay Lightning,Columbus Blue Jackets,4,0,REG
2019-01-09,St. Louis Blues,Dallas Stars,Dallas Stars,St. Louis Blues,3,1,REG
2019-01-09,Winnipeg Jets,Colorado Avalanche,Winnipeg Jets,Colorado Avalanche,7,4,REG
2019-01-09,Vegas Golden Knights,New York Rangers,Vegas Golden Knights,New York Rangers,4,2,REG
2019-01-09,San Jose Sharks,Edmonton Oilers,San Jose Sharks,Edmonton Oilers,6,2,REG
2019-01-10,Chicago Blackhawks,Nashville Predators,Nashville Predators,Chicago Blackhawks,4,3,OT
2019-01-10,Calgary Flames,Colorado Avalanche,Calgary Flames,Colorado Avalanche,5,3,REG
2019-01-10,Anaheim Ducks,Ottawa Senators,Ottawa Senators,Anaheim Ducks,2,1,OT
2019-01-11,Boston Bruins,Washington Capitals,Washington Capitals,Boston Bruins,4,2,REG
2019-01-11,New Jersey Devils,Toronto Maple Leafs,Toronto Maple Leafs,New Jersey Devils,4,2,REG
2019-01-11,New York Rangers,New York Islanders,New York Islanders,New York Rangers,4,3,REG
2019-01-11,Philadelphia Flyers,Dallas Stars,Philadelphia Flyers,Dallas Stars,2,1,REG
2019-01-11,Columbus Blue Jackets,Nashville Predators,Columbus Blue Jackets,Nashville Predators,4,3,OT
2019-01-11,Tampa Bay Lightning,Carolina Hurricanes,Tampa Bay Lightning,Carolina Hurricanes,3,1,REG
2019-01-11,St. Louis Blues,Montreal Canadiens,St. Louis Blues,Montreal Canadiens,4,1,REG
2019-01-11,Minnesota Wild,Winnipeg Jets,Minnesota Wild,Winnipeg Jets,3,2,REG
2019-01-11,Edmonton Oilers,Florida Panthers,Edmonton Oilers,Florida Panthers,4,3,SO
2019-01-11,Vancouver Canucks,Arizona Coyotes,Arizona Coyotes,Vancouver Canucks,4,3,OT
2019-01-11,Vegas Golden Knights,San Jose Sharks,San Jose Sharks,Vegas Golden Knights,3,2,REG
2019-01-11,Los Angeles Kings,Ottawa Senators,Ottawa Senators,Los Angeles Kings,4,1,REG
2019-01-12,Carolina Hurricanes,Buffalo Sabres,Carolina Hurricanes,Buffalo Sabres,4,3,REG
2019-01-12,Winnipeg Jets,Detroit Red Wings,Winnipeg Jets,Detroit Red Wings,4,2,REG
2019-01-12,Calgary Flames,Florida Panthers,Calgary Flames,Florida Panthers,4,3,REG
2019-01-12,Anaheim Ducks,Pittsburgh Penguins,Pittsburgh Penguins,Anaheim Ducks,7,4,REG
2019-01-12,New Jersey Devils,Philadelphia Flyers,New Jersey Devils,Philadelphia Flyers,3,2,REG
2019-01-12,New York Islanders,New York Rangers,New York Rangers,New York Islanders,2,1,REG
2019-01-13,Buffalo Sabres,Tampa Bay Lightning,Tampa Bay Lightning,Buffalo Sabres,5,3,REG
2019-01-13,Toronto Maple Leafs,Boston Bruins,Boston Bruins,Toronto Maple Leafs,3,2,REG
2019-01-13,Montreal Canadiens,Colorado Avalanche,Montreal Canadiens,Colorado Avalanche,3,0,REG
2019-01-13,Washington Capitals,Columbus Blue Jackets,Columbus Blue Jackets,Washington Capitals,2,1,OT
2019-01-13,Minnesota Wild,Detroit Red Wings,Detroit Red Wings,Minnesota Wild,5,2,REG
2019-01-13,Chicago Blackhawks,Vegas Golden Knights,Vegas Golden Knights,Chicago Blackhawks,4,3,OT
2019-01-13,Dallas Stars,St. Louis Blues,St. Louis Blues,Dallas Stars,3,1,REG
2019-01-13,Edmonton Oilers,Arizona Coyotes,Arizona Coyotes,Edmonton Oilers,3,2,REG
2019-01-13,San Jose Sharks,Ottawa Senators,San Jose Sharks,Ottawa Senators,4,1,REG
2019-01-13,Los Angeles Kings,Pittsburgh Penguins,Los Angeles Kings,Pittsburgh Penguins,5,2,REG
2019-01-13,Carolina Hurricanes,Nashville Predators,Carolina Hurricanes,Nashville Predators,6,3,REG
2019-01-13,Columbus Blue Jackets,New York Rangers,Columbus Blue Jackets,New York Rangers,7,5,REG
2019-01-13,Winnipeg Jets,Anaheim Ducks,Winnipeg Jets,Anaheim Ducks,4,3,OT
2019-01-14,New York Islanders,Tampa Bay Lightning,New York Islanders,Tampa Bay Lightning,5,1,REG
2019-01-14,Vancouver Canucks,Florida Panthers,Vancouver Canucks,Florida Panthers,5,1,REG
2019-01-14,Calgary Flames,Arizona Coyotes,Calgary Flames,Arizona Coyotes,5,1,REG
2019-01-15,Toronto Maple Leafs,Colorado Avalanche,Colorado Avalanche,Toronto Maple Leafs,6,3,REG
2019-01-15,New Jersey Devils,Chicago Blackhawks,New Jersey Devils,Chicago Blackhawks,8,5,REG
2019-01-15,Philadelphia Flyers,Minnesota Wild,Philadelphia Flyers,Minnesota Wild,7,4,REG
2019-01-15,Washington Capitals,St. Louis Blues,St. Louis Blues,Washington Capitals,4,1,REG
2019-01-15,Boston Bruins,Montreal Canadiens,Montreal Canadiens,Boston Bruins,3,2,OT
2019-01-15,Edmonton Oilers,Buffalo Sabres,Edmonton Oilers,Buffalo Sabres,6,2,REG
2019-01-16,New York Islanders,St. Louis Blues,New York Islanders,St. Louis Blues,2,1,OT
2019-01-16,New York Rangers,Carolina Hurricanes,New York Rangers,Carolina Hurricanes,6,2,REG
2019-01-16,Columbus Blue Jackets,New Jersey Devils,Columbus Blue Jackets,New Jersey Devils,4,1,REG
2019-01-16,Montreal Canadiens,Florida Panthers,Montreal Canadiens,Florida Panthers,5,1,REG
2019-01-16,Detroit Red Wings,Anaheim Ducks,Detroit Red Wings,Anaheim Ducks,3,1,REG
2019-01-16,Nashville Predators,Washington Capitals,Nashville Predators,Washington Capitals,6,2,REG
2019-01-16,Minnesota Wild,Los Angeles Kings,Minnesota Wild,Los Angeles Kings,3,2,SO
2019-01-16,Winnipeg Jets,Vegas Golden Knights,Winnipeg Jets,Vegas Golden Knights,4,1,REG
2019-01-16,Dallas Stars,Tampa Bay Lightning,Tampa Bay Lightning,Dallas Stars,2,0,REG
2019-01-16,San Jose Sharks,Pittsburgh Penguins,San Jose Sharks,Pittsburgh Penguins,5,2,REG
2019-01-17,Ottawa Senators,Colorado Avalanche,Ottawa Senators,Colorado Avalanche,5,2,REG
2019-01-17,Philadelphia Flyers,Boston Bruins,Philadelphia Flyers,Boston Bruins,4,3,REG
2019-01-17,Calgary Flames,Buffalo Sabres,Buffalo Sabres,Calgary Flames,4,3,OT
2019-01-17,Vancouver Canucks,Edmonton Oilers,Edmonton Oilers,Vancouver Canucks,3,2,SO
2019-01-17,Arizona Coyotes,San Jose Sharks,Arizona Coyotes,San Jose Sharks,6,3,REG
2019-01-18,Boston Bruins,St. Louis Blues,Boston Bruins,St. Louis Blues,5,2,REG
2019-01-18,New York Islanders,New Jersey Devils,New York Islanders,New Jersey Devils,4,1,REG
2019-01-18,New York Rangers,Chicago Blackhawks,New York Rangers,Chicago Blackhawks,4,3,REG
2019-01-18,Tampa Bay Lightning,Toronto Maple Leafs,Toronto Maple Leafs,Tampa Bay Lightning,4,2,REG
2019-01-18,Nashville Predators,Winnipeg Jets,Winnipeg Jets,Nashville Predators,5,1,REG
2019-01-18,Minnesota Wild,Anaheim Ducks,Anaheim Ducks,Minnesota Wild,3,0,REG
2019-01-18,Dallas Stars,Los Angeles Kings,Los Angeles Kings,Dallas Stars,2,1,REG
2019-01-19,Florida Panthers,Toronto Maple Leafs,Florida Panthers,Toronto Maple Leafs,3,1,REG
2019-01-19,Columbus Blue Jackets,Montreal Canadiens,Montreal Canadiens,Columbus Blue Jackets,4,1,REG
2019-01-19,Washington Capitals,New York Islanders,New York Islanders,Washington Capitals,2,0,REG
2019-01-19,Carolina Hurricanes,Ottawa Senators,Ottawa Senators,Carolina Hurricanes,4,1,REG
2019-01-19,Calgary Flames,Detroit Red Wings,Calgary Flames,Detroit Red Wings,6,4,REG
2019-01-19,Arizona Coyotes,Pittsburgh Penguins,Pittsburgh Penguins,Arizona Coyotes,3,2,OT
2019-01-19,Vancouver Canucks,Buffalo Sabres,Vancouver Canucks,Buffalo Sabres,4,3,REG
2019-01-19,New Jersey Devils,Anaheim Ducks,Anaheim Ducks,New Jersey Devils,3,2,REG
2019-01-19,Colorado Avalanche,Los Angeles Kings,Colorado Avalanche,Los Angeles Kings,5,1,REG
2019-01-20,Boston Bruins,New York Rangers,New York Rangers,Boston Bruins,3,2,REG
2019-01-20,Montreal Canadiens,Philadelphia Flyers,Philadelphia Flyers,Montreal Canadiens,5,2,REG
2019-01-20,Tampa Bay Lightning,San Jose Sharks,Tampa Bay Lightning,San Jose Sharks,6,3,REG
2019-01-20,St. Louis Blues,Ottawa Senators,St. Louis Blues,Ottawa Senators,3,2,REG
2019-01-20,Dallas Stars,Winnipeg Jets,Dallas Stars,Winnipeg Jets,4,2,REG
2019-01-20,Nashville Predators,Florida Panthers,Florida Panthers,Nashville Predators,4,2,REG
2019-01-20,Minnesota Wild,Columbus Blue Jackets,Minnesota Wild,Columbus Blue Jackets,2,1,REG
2019-01-20,Edmonton Oilers,Calgary Flames,Calgary Flames,Edmonton Oilers,5,2,REG
2019-01-20,Vegas Golden Knights,Pittsburgh Penguins,Vegas Golden Knights,Pittsburgh Penguins,7,3,REG
2019-01-20,Chicago Blackhawks,Washington Capitals,Chicago Blackhawks,Washington Capitals,8,5,REG
2019-01-20,New York Islanders,Anaheim Ducks,New York Islanders,Anaheim Ducks,3,0,REG
2019-01-20,Vancouver Canucks,Detroit Red Wings,Vancouver Canucks,Detroit Red Wings,3,2,REG
2019-01-21,Toronto Maple Leafs,Arizona Coyotes,Arizona Coyotes,Toronto Maple Leafs,4,2,REG
2019-01-21,Edmonton Oilers,Carolina Hurricanes,Carolina Hurricanes,Edmonton Oilers,7,4,REG
2019-01-21,Colorado Avalanche,Nashville Predators,Nashville Predators,Colorado Avalanche,4,1,REG
2019-01-21,Los Angeles Kings,St. Louis Blues,Los Angeles Kings,St. Louis Blues,4,3,REG
2019-01-21,Vegas Golden Knights,Minnesota Wild,Minnesota Wild,Vegas Golden Knights,4,2,REG
2019-01-22,Florida Panthers,San Jose Sharks,Florida Panthers,San Jose Sharks,6,2,REG
2019-01-23,Washington Capitals,San Jose Sharks,San Jose Sharks,Washington Capitals,7,6,OT
2019-01-23,Ottawa Senators,Arizona Coyotes,Arizona Coyotes,Ottawa Senators,3,2,REG
2019-01-23,Chicago Blackhawks,New York Islanders,Chicago Blackhawks,New York Islanders,3,2,SO
2019-01-23,Calgary Flames,Carolina Hurricanes,Calgary Flames,Carolina Hurricanes,3,2,OT
2019-01-23,Edmonton Oilers,Detroit Red Wings,Detroit Red Wings,Edmonton Oilers,3,2,REG
2019-01-24,Toronto Maple Leafs,Washington Capitals,Toronto Maple Leafs,Washington Capitals,6,3,REG
2019-01-24,Montreal Canadiens,Arizona Coyotes,Montreal Canadiens,Arizona Coyotes,2,1,REG
2019-01-24,Colorado Avalanche,Minnesota Wild,Minnesota Wild,Colorado Avalanche,5,2,REG
2019-01-24,Vegas Golden Knights,Nashville Predators,Nashville Predators,Vegas Golden Knights,2,1,REG
2019-01-24,Anaheim Ducks,St. Louis Blues,St. Louis Blues,Anaheim Ducks,5,1,REG
2019-01-24,Vancouver Canucks,Carolina Hurricanes,Carolina Hurricanes,Vancouver Canucks,5,2,REG
2019-01-29,Philadelphia Flyers,Winnipeg Jets,Philadelphia Flyers,Winnipeg Jets,3,1,REG
2019-01-29,Pittsburgh Penguins,New Jersey Devils,New Jersey Devils,Pittsburgh Penguins,6,3,REG
2019-01-30,Boston Bruins,Winnipeg Jets,Winnipeg Jets,Boston Bruins,4,3,SO
2019-01-30,Columbus Blue Jackets,Buffalo Sabres,Buffalo Sabres,Columbus Blue Jackets,5,4,REG
2019-01-31,Pittsburgh Penguins,Tampa Bay Lightning,Pittsburgh Penguins,Tampa Bay Lightning,4,2,REG
2019-02-01,Boston Bruins,Philadelphia Flyers,Philadelphia Flyers,Boston Bruins,3,2,OT
2019-02-01,New Jersey Devils,New York Rangers,New York Rangers,New Jersey Devils,4,3,REG
2019-02-01,Winnipeg Jets,Columbus Blue Jackets,Winnipeg Jets,Columbus Blue Jackets,4,3,REG
2019-02-02,Buffalo Sabres,Chicago Blackhawks,Chicago Blackhawks,Buffalo Sabres,7,3,REG
2019-02-02,Florida Panthers,Nashville Predators,Nashville Predators,Florida Panthers,4,1,REG
2019-02-02,Pittsburgh Penguins,Ottawa Senators,Pittsburgh Penguins,Ottawa Senators,5,3,REG
2019-02-02,Washington Capitals,Calgary Flames,Washington Capitals,Calgary Flames,4,3,REG
2019-02-02,Detroit Red Wings,Toronto Maple Leafs,Detroit Red Wings,Toronto Maple Leafs,3,2,OT
2019-02-02,Carolina Hurricanes,Vegas Golden Knights,Carolina Hurricanes,Vegas Golden Knights,5,2,REG
2019-02-02,Dallas Stars,Minnesota Wild,Dallas Stars,Minnesota Wild,3,1,REG
2019-02-02,Philadelphia Flyers,Edmonton Oilers,Philadelphia Flyers,Edmonton Oilers,5,4,OT
2019-02-02,Montreal Canadiens,New Jersey Devils,New Jersey Devils,Montreal Canadiens,3,2,OT
2019-02-03,Toronto Maple Leafs,Pittsburgh Penguins,Toronto Maple Leafs,Pittsburgh Penguins,3,2,REG
2019-02-03,Ottawa Senators,Detroit Red Wings,Detroit Red Wings,Ottawa Senators,2,0,REG
2019-02-03,Florida Panthers,Vegas Golden Knights,Florida Panthers,Vegas Golden Knights,3,1,REG
2019-02-03,New York Islanders,Los Angeles Kings,New York Islanders,Los Angeles Kings,4,2,REG
2019-02-03,Columbus Blue Jackets,St. Louis Blues,St. Louis Blues,Columbus Blue Jackets,4,2,REG
2019-02-03,Winnipeg Jets,Anaheim Ducks,Winnipeg Jets,Anaheim Ducks,7,3,REG
2019-02-03,New York Rangers,Tampa Bay Lightning,Tampa Bay Lightning,New York Rangers,3,2,REG
2019-02-03,Nashville Predators,Dallas Stars,Dallas Stars,Nashville Predators,3,1,REG
2019-02-03,Minnesota Wild,Chicago Blackhawks,Chicago Blackhawks,Minnesota Wild,4,3,OT
2019-02-03,Colorado Avalanche,Vancouver Canucks,Vancouver Canucks,Colorado Avalanche,5,1,REG
2019-02-03,San Jose Sharks,Arizona Coyotes,San Jose Sharks,Arizona Coyotes,3,2,OT
2019-02-03,Montreal Canadiens,Edmonton Oilers,Montreal Canadiens,Edmonton Oilers,4,3,OT
2019-02-03,Carolina Hurricanes,Calgary Flames,Calgary Flames,Carolina Hurricanes,4,3,REG
2019-02-05,Toronto Maple Leafs,Anaheim Ducks,Toronto Maple Leafs,Anaheim Ducks,5,1,REG
2019-02-05,New York Rangers,Los Angeles Kings,Los Angeles Kings,New York Rangers,4,3,OT
2019-02-05,Philadelphia Flyers,Vancouver Canucks,Philadelphia Flyers,Vancouver Canucks,2,1,REG
2019-02-05,Dallas Stars,Arizona Coyotes,Dallas Stars,Arizona Coyotes,5,4,REG
2019-02-06,Boston Bruins,New York Islanders,Boston Bruins,New York Islanders,3,1,REG
2019-02-06,Buffalo Sabres,Minnesota Wild,Buffalo Sabres,Minnesota Wild,5,4,SO
2019-02-06,Florida Panthers,St. Louis Blues,St. Louis Blues,Florida Panthers,3,2,REG
2019-02-06,New Jersey Devils,Los Angeles Kings,Los Angeles Kings,New Jersey Devils,5,1,REG
2019-02-06,Pittsburgh Penguins,Carolina Hurricanes,Carolina Hurricanes,Pittsburgh Penguins,4,0,REG
2019-02-06,Washington Capitals,Vancouver Canucks,Washington Capitals,Vancouver Canucks,3,2,REG
2019-02-06,Montreal Canadiens,Anaheim Ducks,Montreal Canadiens,Anaheim Ducks,4,1,REG
2019-02-06,Tampa Bay Lightning,Vegas Golden Knights,Vegas Golden Knights,Tampa Bay Lightning,3,2,SO
2019-02-06,Nashville Predators,Arizona Coyotes,Nashville Predators,Arizona Coyotes,5,2,REG
2019-02-06,Winnipeg Jets,San Jose Sharks,San Jose Sharks,Winnipeg Jets,3,2,OT
2019-02-06,Colorado Avalanche,Columbus Blue Jackets,Columbus Blue Jackets,Colorado Avalanche,6,3,REG
2019-02-06,Edmonton Oilers,Chicago Blackhawks,Chicago Blackhawks,Edmonton Oilers,6,2,REG
2019-02-07,Toronto Maple Leafs,Ottawa Senators,Toronto Maple Leafs,Ottawa Senators,5,4,REG
2019-02-07,New York Rangers,Boston Bruins,New York Rangers,Boston Bruins,4,3,SO
2019-02-08,Buffalo Sabres,Carolina Hurricanes,Carolina Hurricanes,Buffalo Sabres,6,5,OT
2019-02-08,Florida Panthers,Pittsburgh Penguins,Florida Panthers,Pittsburgh Penguins,3,2,OT
2019-02-08,New Jersey Devils,New York Islanders,New York Islanders,New Jersey Devils,2,1,SO
2019-02-08,Philadelphia Flyers,Los Angeles Kings,Los Angeles Kings,Philadelphia Flyers,3,2,SO
2019-02-08,Washington Capitals,Colorado Avalanche,Washington Capitals,Colorado Avalanche,4,3,OT
2019-02-08,Montreal Canadiens,Winnipeg Jets,Montreal Canadiens,Winnipeg Jets,5,2,REG
2019-02-08,Ottawa Senators,Anaheim Ducks,Ottawa Senators,Anaheim Ducks,4,0,REG
2019-02-08,Detroit Red Wings,Vegas Golden Knights,Vegas Golden Knights,Detroit Red Wings,4,3,REG
2019-02-08,Nashville Predators,Dallas Stars,Nashville Predators,Dallas Stars,3,2,OT
2019-02-08,Minnesota Wild,Edmonton Oilers,Edmonton Oilers,Minnesota Wild,4,1,REG
2019-02-08,Chicago Blackhawks,Vancouver Canucks,Chicago Blackhawks,Vancouver Canucks,4,3,OT
2019-02-08,Calgary Flames,San Jose Sharks,San Jose Sharks,Calgary Flames,5,2,REG
2019-02-08,Arizona Coyotes,Columbus Blue Jackets,Columbus Blue Jackets,Arizona Coyotes,4,2,REG
2019-02-09,New York Rangers,Carolina Hurricanes,Carolina Hurricanes,New York Rangers,3,0,REG
2019-02-09,Boston Bruins,Los Angeles Kings,Boston Bruins,Los Angeles Kings,5,4,OT
2019-02-09,Buffalo Sabres,Detroit Red Wings,Buffalo Sabres,Detroit Red Wings,3,1,REG
2019-02-09,New Jersey Devils,Minnesota Wild,Minnesota Wild,New Jersey Devils,4,2,REG
2019-02-09,New York Islanders,Colorado Avalanche,New York Islanders,Colorado Avalanche,4,3,OT
2019-02-09,Philadelphia Flyers,Anaheim Ducks,Philadelphia Flyers,Anaheim Ducks,6,2,REG
2019-02-09,Ottawa Senators,Winnipeg Jets,Ottawa Senators,Winnipeg Jets,5,2,REG
2019-02-09,St. Louis Blues,Nashville Predators,St. Louis Blues,Nashville Predators,3,2,REG
2019-02-09,Arizona Coyotes,Dallas Stars,Arizona Coyotes,Dallas Stars,3,2,REG
2019-02-10,Montreal Canadiens,Toronto Maple Leafs,Toronto Maple Leafs,Montreal Canadiens,4,3,OT
2019-02-10,Tampa Bay Lightning,Pittsburgh Penguins,Tampa Bay Lightning,Pittsburgh Penguins,5,4,REG
2019-02-10,Washington Capitals,Florida Panthers,Florida Panthers,Washington Capitals,5,4,OT
2019-02-10,Edmonton Oilers,San Jose Sharks,San Jose Sharks,Edmonton Oilers,5,2,REG
2019-02-10,Vancouver Canucks,Calgary Flames,Vancouver Canucks,Calgary Flames,4,3,SO
2019-02-10,Vegas Golden Knights,Columbus Blue Jackets,Columbus Blue Jackets,Vegas Golden Knights,4,3,REG
2019-02-10,Nashville Predators,St. Louis Blues,St. Louis Blues,Nashville Predators,5,4,OT
2019-02-10,Boston Bruins,Colorado Avalanche,Boston Bruins,Colorado Avalanche,2,1,OT
2019-02-10,Buffalo Sabres,Winnipeg Jets,Winnipeg Jets,Buffalo Sabres,3,1,REG
2019-02-10,New Jersey Devils,Carolina Hurricanes,New Jersey Devils,Carolina Hurricanes,3,2,REG
2019-02-10,New York Islanders,Minnesota Wild,New York Islanders,Minnesota Wild,2,1,REG
2019-02-10,Chicago Blackhawks,Detroit Red Wings,Chicago Blackhawks,Detroit Red Wings,5,2,REG
2019-02-10,Florida Panthers,Tampa Bay Lightning,Tampa Bay Lightning,Florida Panthers,5,2,REG
2019-02-11,New York Rangers,Toronto Maple Leafs,New York Rangers,Toronto Maple Leafs,4,1,REG
2019-02-12,Philadelphia Flyers,Pittsburgh Penguins,Pittsburgh Penguins,Philadelphia Flyers,4,1,REG
2019-02-12,Washington Capitals,Los Angeles Kings,Washington Capitals,Los Angeles Kings,6,4,REG
2019-02-12,Vancouver Canucks,San Jose Sharks,San Jose Sharks,Vancouver Canucks,6,2,REG
2019-02-13,Boston Bruins,Chicago Blackhawks,Boston Bruins,Chicago Blackhawks,6,3,REG
2019-02-13,Buffalo Sabres,New York Islanders,Buffalo Sabres,New York Islanders,3,1,REG
2019-02-13,Florida Panthers,Dallas Stars,Dallas Stars,Florida Panthers,3,0,REG
2019-02-13,Columbus Blue Jackets,Washington Capitals,Columbus Blue Jackets,Washington Capitals,3,0,REG
2019-02-13,Ottawa Senators,Carolina Hurricanes,Carolina Hurricanes,Ottawa Senators,4,1,REG
2019-02-13,Tampa Bay Lightning,Calgary Flames,Tampa Bay Lightning,Calgary Flames,6,3,REG
2019-02-13,St. Louis Blues,New Jersey Devils,St. Louis Blues,New Jersey Devils,7,3,REG
2019-02-13,Nashville Predators,Detroit Red Wings,Detroit Red Wings,Nashville Predators,3,2,REG
2019-02-13,Minnesota Wild,Philadelphia Flyers,Philadelphia Flyers,Minnesota Wild,5,4,REG
2019-02-13,Winnipeg Jets,New York Rangers,Winnipeg Jets,New York Rangers,4,3,REG
2019-02-13,Colorado Avalanche,Toronto Maple Leafs,Toronto Maple Leafs,Colorado Avalanche,5,2,REG
2019-02-13,Vegas Golden Knights,Arizona Coyotes,Arizona Coyotes,Vegas Golden Knights,5,2,REG
2019-02-14,Pittsburgh Penguins,Edmonton Oilers,Pittsburgh Penguins,Edmonton Oilers,3,1,REG
2019-02-15,Florida Panthers,Calgary Flames,Florida Panthers,Calgary Flames,3,2,SO
2019-02-15,Columbus Blue Jackets,New York Islanders,New York Islanders,Columbus Blue Jackets,3,0,REG
2019-02-15,Detroit Red Wings,Ottawa Senators,Detroit Red Wings,Ottawa Senators,3,2,REG
2019-02-15,Tampa Bay Lightning,Dallas Stars,Tampa Bay Lightning,Dallas Stars,4,0,REG
2019-02-15,Nashville Predators,Montreal Canadiens,Nashville Predators,Montreal Canadiens,3,1,REG
2019-02-15,Winnipeg Jets,Colorado Avalanche,Colorado Avalanche,Winnipeg Jets,4,1,REG
2019-02-15,Chicago Blackhawks,New Jersey Devils,Chicago Blackhawks,New Jersey Devils,5,2,REG
2019-02-15,Arizona Coyotes,St. Louis Blues,St. Louis Blues,Arizona Coyotes,4,0,REG
2019-02-15,Vegas Golden Knights,Toronto Maple Leafs,Toronto Maple Leafs,Vegas Golden Knights,6,3,REG
2019-02-15,Los Angeles Kings,Vancouver Canucks,Vancouver Canucks,Los Angeles Kings,4,3,SO
2019-02-15,San Jose Sharks,Washington Capitals,Washington Capitals,San Jose Sharks,5,1,REG
2019-02-16,Buffalo Sabres,New York Rangers,New York Rangers,Buffalo Sabres,6,2,REG
2019-02-16,Carolina Hurricanes,Edmonton Oilers,Carolina Hurricanes,Edmonton Oilers,3,1,REG
2019-02-16,Minnesota Wild,New Jersey Devils,New Jersey Devils,Minnesota Wild,5,4,OT
2019-02-16,Anaheim Ducks,Boston Bruins,Boston Bruins,Anaheim Ducks,3,0,REG
2019-02-16,Philadelphia Flyers,Detroit Red Wings,Philadelphia Flyers,Detroit Red Wings,6,5,OT
2019-02-16,Pittsburgh Penguins,Calgary Flames,Calgary Flames,Pittsburgh Penguins,5,4,REG
2019-02-16,Colorado Avalanche,St. Louis Blues,St. Louis Blues,Colorado Avalanche,3,0,REG
2019-02-17,Tampa Bay Lightning,Montreal Canadiens,Tampa Bay Lightning,Montreal Canadiens,3,0,REG
2019-02-17,New York Islanders,Edmonton Oilers,New York Islanders,Edmonton Oilers,5,2,REG
2019-02-17,Winnipeg Jets,Ottawa Senators,Ottawa Senators,Winnipeg Jets,4,3,OT
2019-02-17,Arizona Coyotes,Toronto Maple Leafs,Arizona Coyotes,Toronto Maple Leafs,2,0,REG
2019-02-17,Carolina Hurricanes,Dallas Stars,Carolina Hurricanes,Dallas Stars,3,0,REG
2019-02-17,Chicago Blackhawks,Columbus Blue Jackets,Columbus Blue Jackets,Chicago Blackhawks,5,2,REG
2019-02-17,Vegas Golden Knights,Nashville Predators,Vegas Golden Knights,Nashville Predators,5,1,REG
2019-02-17,San Jose Sharks,Vancouver Canucks,San Jose Sharks,Vancouver Canucks,3,2,REG
2019-02-17,Los Angeles Kings,Boston Bruins,Boston Bruins,Los Angeles Kings,4,2,REG
2019-02-17,Pittsburgh Penguins,New York Rangers,Pittsburgh Penguins,New York Rangers,6,5,REG
2019-02-17,Minnesota Wild,St. Louis Blues,St. Louis Blues,Minnesota Wild,4,0,REG
2019-02-17,New Jersey Devils,Buffalo Sabres,New Jersey Devils,Buffalo Sabres,4,1,REG
2019-02-17,Detroit Red Wings,Philadelphia Flyers,Philadelphia Flyers,Detroit Red Wings,3,1,REG
2019-02-18,Florida Panthers,Montreal Canadiens,Florida Panthers,Montreal Canadiens,6,3,REG
2019-02-18,Anaheim Ducks,Washington Capitals,Anaheim Ducks,Washington Capitals,5,2,REG
2019-02-18,Calgary Flames,Arizona Coyotes,Calgary Flames,Arizona Coyotes,5,2,REG
2019-02-19,Columbus Blue Jackets,Tampa Bay Lightning,Tampa Bay Lightning,Columbus Blue Jackets,5,1,REG
2019-02-19,Chicago Blackhawks,Ottawa Senators,Chicago Blackhawks,Ottawa Senators,8,7,REG
2019-02-19,Colorado Avalanche,Vegas Golden Knights,Colorado Avalanche,Vegas Golden Knights,3,0,REG
2019-02-19,San Jose Sharks,Boston Bruins,Boston Bruins,San Jose Sharks,6,5,OT
2019-02-19,Los Angeles Kings,Washington Capitals,Washington Capitals,Los Angeles Kings,3,2,REG
2019-02-20,Florida Panthers,Buffalo Sabres,Florida Panthers,Buffalo Sabres,4,2,REG
2019-02-20,New Jersey Devils,Pittsburgh Penguins,Pittsburgh Penguins,New Jersey Devils,4,3,REG
2019-02-20,Philadelphia Flyers,Tampa Bay Lightning,Tampa Bay Lightning,Philadelphia Flyers,5,2,REG
2019-02-20,Carolina Hurricanes,New York Rangers,New York Rangers,Carolina Hurricanes,2,1,REG
2019-02-20,Montreal Canadiens,Columbus Blue Jackets,Montreal Canadiens,Columbus Blue Jackets,3,2,REG
2019-02-20,St. Louis Blues,Toronto Maple Leafs,St. Louis Blues,Toronto Maple Leafs,3,2,OT
2019-02-20,Minnesota Wild,Anaheim Ducks,Anaheim Ducks,Minnesota Wild,4,0,REG
2019-02-20,Dallas Stars,Nashville Predators,Nashville Predators,Dallas Stars,5,3,REG
2019-02-20,Edmonton Oilers,Arizona Coyotes,Arizona Coyotes,Edmonton Oilers,3,2,SO
2019-02-21,Detroit Red Wings,Chicago Blackhawks,Chicago Blackhawks,Detroit Red Wings,5,4,OT
2019-02-21,Colorado Avalanche,Winnipeg Jets,Colorado Avalanche,Winnipeg Jets,5,1,REG
2019-02-21,Calgary Flames,New York Islanders,Calgary Flames,New York Islanders,4,2,REG
2019-02-21,Vegas Golden Knights,Boston Bruins,Boston Bruins,Vegas Golden Knights,3,2,SO
2019-02-22,Toronto Maple Leafs,Washington Capitals,Washington Capitals,Toronto Maple Leafs,3,2,REG
2019-02-22,Florida Panthers,Carolina Hurricanes,Carolina Hurricanes,Florida Panthers,4,3,REG
2019-02-22,New Jersey Devils,Ottawa Senators,New Jersey Devils,Ottawa Senators,4,0,REG
2019-02-22,New York Rangers,Minnesota Wild,Minnesota Wild,New York Rangers,4,1,REG
2019-02-22,Pittsburgh Penguins,San Jose Sharks,San Jose Sharks,Pittsburgh Penguins,4,0,REG
2019-02-22,Montreal Canadiens,Philadelphia Flyers,Montreal Canadiens,Philadelphia Flyers,5,1,REG
2019-02-22,Tampa Bay Lightning,Buffalo Sabres,Tampa Bay Lightning,Buffalo Sabres,2,1,SO
2019-02-22,Nashville Predators,Los Angeles Kings,Nashville Predators,Los Angeles Kings,2,1,REG
2019-02-22,Dallas Stars,St. Louis Blues,Dallas Stars,St. Louis Blues,5,2,REG
2019-02-22,Edmonton Oilers,New York Islanders,Edmonton Oilers,New York Islanders,4,3,OT
2019-02-22,Vancouver Canucks,Arizona Coyotes,Arizona Coyotes,Vancouver Canucks,3,2,OT
2019-02-23,Ottawa Senators,Columbus Blue Jackets,Columbus Blue Jackets,Ottawa Senators,3,0,REG
2019-02-23,Detroit Red Wings,Minnesota Wild,Minnesota Wild,Detroit Red Wings,3,2,REG
2019-02-23,Chicago Blackhawks,Colorado Avalanche,Colorado Avalanche,Chicago Blackhawks,5,3,REG
2019-02-23,Calgary Flames,Anaheim Ducks,Calgary Flames,Anaheim Ducks,2,1,REG
2019-02-23,Vegas Golden Knights,Winnipeg Jets,Winnipeg Jets,Vegas Golden Knights,6,3,REG
2019-02-23,Buffalo Sabres,Washington Capitals,Buffalo Sabres,Washington Capitals,5,2,REG
2019-02-23,New York Rangers,New Jersey Devils,New York Rangers,New Jersey Devils,5,2,REG
2019-02-23,St. Louis Blues,Boston Bruins,St. Louis Blues,Boston Bruins,2,1,SO
2019-02-23,Florida Panthers,Los Angeles Kings,Florida Panthers,Los Angeles Kings,5,1,REG
2019-02-23,Columbus Blue Jackets,San Jose Sharks,Columbus Blue Jackets,San Jose Sharks,4,0,REG
2019-02-23,Dallas Stars,Carolina Hurricanes,Carolina Hurricanes,Dallas Stars,3,0,REG
2019-02-23,Nashville Predators,Colorado Avalanche,Colorado Avalanche,Nashville Predators,4,0,REG
2019-02-24,Toronto Maple Leafs,Montreal Canadiens,Toronto Maple Leafs,Montreal Canadiens,6,3,REG
2019-02-24,Philadelphia Flyers,Pittsburgh Penguins,Philadelphia Flyers,Pittsburgh Penguins,4,3,OT
2019-02-24,Edmonton Oilers,Anaheim Ducks,Edmonton Oilers,Anaheim Ducks,2,1,REG
2019-02-24,Vancouver Canucks,New York Islanders,New York Islanders,Vancouver Canucks,4,0,REG
2019-02-24,Washington Capitals,New York Rangers,Washington Capitals,New York Rangers,6,5,OT
2019-02-24,Detroit Red Wings,San Jose Sharks,San Jose Sharks,Detroit Red Wings,5,3,REG
2019-02-24,Chicago Blackhawks,Dallas Stars,Dallas Stars,Chicago Blackhawks,4,3,REG
2019-02-25,Ottawa Senators,Calgary Flames,Calgary Flames,Ottawa Senators,2,1,REG
2019-02-25,Minnesota Wild,St. Louis Blues,Minnesota Wild,St. Louis Blues,2,1,OT
2019-02-25,Arizona Coyotes,Winnipeg Jets,Arizona Coyotes,Winnipeg Jets,4,1,REG
2019-02-26,Toronto Maple Leafs,Buffalo Sabres,Toronto Maple Leafs,Buffalo Sabres,5,3,REG
2019-02-26,New Jersey Devils,Montreal Canadiens,New Jersey Devils,Montreal Canadiens,2,1,REG
2019-02-26,Tampa Bay Lightning,Los Angeles Kings,Tampa Bay Lightning,Los Angeles Kings,4,3,SO
2019-02-26,Nashville Predators,Edmonton Oilers,Nashville Predators,Edmonton Oilers,3,2,SO
2019-02-26,Colorado Avalanche,Florida Panthers,Florida Panthers,Colorado Avalanche,4,3,OT
2019-02-26,Vancouver Canucks,Anaheim Ducks,Vancouver Canucks,Anaheim Ducks,4,0,REG
2019-02-27,Boston Bruins,San Jose Sharks,Boston Bruins,San Jose Sharks,4,1,REG
2019-02-27,New York Islanders,Calgary Flames,Calgary Flames,New York Islanders,3,1,REG
2019-02-27,Philadelphia Flyers,Buffalo Sabres,Philadelphia Flyers,Buffalo Sabres,5,2,REG
2019-02-27,Washington Capitals,Ottawa Senators,Washington Capitals,Ottawa Senators,6,2,REG
2019-02-27,Carolina Hurricanes,Los Angeles Kings,Carolina Hurricanes,Los Angeles Kings,5,1,REG
2019-02-27,Columbus Blue Jackets,Pittsburgh Penguins,Pittsburgh Penguins,Columbus Blue Jackets,5,2,REG
2019-02-27,Detroit Red Wings,Montreal Canadiens,Montreal Canadiens,Detroit Red Wings,5,1,REG
2019-02-27,St. Louis Blues,Nashville Predators,St. Louis Blues,Nashville Predators,2,0,REG
2019-02-27,Winnipeg Jets,Minnesota Wild,Minnesota Wild,Winnipeg Jets,3,2,REG
2019-02-27,Arizona Coyotes,Florida Panthers,Arizona Coyotes,Florida Panthers,4,3,SO
2019-02-27,Vegas Golden Knights,Dallas Stars,Vegas Golden Knights,Dallas Stars,4,1,REG
2019-02-28,Toronto Maple Leafs,Edmonton Oilers,Toronto Maple Leafs,Edmonton Oilers,6,2,REG
2019-02-28,New Jersey Devils,Calgary Flames,Calgary Flames,New Jersey Devils,2,1,REG
2019-02-28,New York Rangers,Tampa Bay Lightning,Tampa Bay Lightning,New York Rangers,4,3,OT
2019-02-28,Colorado Avalanche,Vancouver Canucks,Colorado Avalanche,Vancouver Canucks,3,2,SO
2019-02-28,Anaheim Ducks,Chicago Blackhawks,Chicago Blackhawks,Anaheim Ducks,4,3,REG
2019-03-01,New York Islanders,Toronto Maple Leafs,New York Islanders,Toronto Maple Leafs,5,1,REG
2019-03-01,Columbus Blue Jackets,Philadelphia Flyers,Columbus Blue Jackets,Philadelphia Flyers,4,3,OT
2019-03-01,Boston Bruins,Tampa Bay Lightning,Boston Bruins,Tampa Bay Lightning,4,1,REG
2019-03-01,Ottawa Senators,Edmonton Oilers,Edmonton Oilers,Ottawa Senators,4,2,REG
2019-03-01,Arizona Coyotes,Vancouver Canucks,Arizona Coyotes,Vancouver Canucks,5,2,REG
2019-03-01,Vegas Golden Knights,Florida Panthers,Vegas Golden Knights,Florida Panthers,6,5,SO
2019-03-01,Los Angeles Kings,Dallas Stars,Dallas Stars,Los Angeles Kings,4,3,OT
2019-03-02,Buffalo Sabres,Pittsburgh Penguins,Buffalo Sabres,Pittsburgh Penguins,4,3,OT
2019-03-02,New Jersey Devils,Philadelphia Flyers,Philadelphia Flyers,New Jersey Devils,6,3,REG
2019-03-02,New York Islanders,Washington Capitals,Washington Capitals,New York Islanders,3,1,REG
2019-03-02,New York Rangers,Montreal Canadiens,Montreal Canadiens,New York Rangers,4,2,REG
2019-03-02,Carolina Hurricanes,St. Louis Blues,Carolina Hurricanes,St. Louis Blues,5,2,REG
2019-03-02,Winnipeg Jets,Nashville Predators,Winnipeg Jets,Nashville Predators,5,3,REG
2019-03-02,Anaheim Ducks,Vegas Golden Knights,Vegas Golden Knights,Anaheim Ducks,3,0,REG
2019-03-02,San Jose Sharks,Colorado Avalanche,San Jose Sharks,Colorado Avalanche,4,3,REG
2019-03-02,Columbus Blue Jackets,Edmonton Oilers,Edmonton Oilers,Columbus Blue Jackets,4,0,REG
2019-03-02,Los Angeles Kings,Chicago Blackhawks,Los Angeles Kings,Chicago Blackhawks,6,3,REG
2019-03-03,Toronto Maple Leafs,Buffalo Sabres,Toronto Maple Leafs,Buffalo Sabres,5,2,REG
2019-03-03,Montreal Canadiens,Pittsburgh Penguins,Pittsburgh Penguins,Montreal Canadiens,5,1,REG
2019-03-03,Tampa Bay Lightning,Ottawa Senators,Tampa Bay Lightning,Ottawa Senators,5,1,REG
2019-03-03,Florida Panthers,Carolina Hurricanes,Carolina Hurricanes,Florida Panthers,4,3,OT
2019-03-03,St. Louis Blues,Dallas Stars,Dallas Stars,St. Louis Blues,4,1,REG
2019-03-03,Arizona Coyotes,Detroit Red Wings,Arizona Coyotes,Detroit Red Wings,3,1,REG
2019-03-03,Calgary Flames,Minnesota Wild,Minnesota Wild,Calgary Flames,4,2,REG
2019-03-03,New York Rangers,Washington Capitals,Washington Capitals,New York Rangers,3,2,SO
2019-03-03,New York Islanders,Philadelphia Flyers,Philadelphia Flyers,New York Islanders,4,1,REG
2019-03-03,Vegas Golden Knights,Vancouver Canucks,Vegas Golden Knights,Vancouver Canucks,3,0,REG
2019-03-03,Anaheim Ducks,Colorado Avalanche,Anaheim Ducks,Colorado Avalanche,2,1,REG
2019-03-03,Florida Panthers,Ottawa Senators,Ottawa Senators,Florida Panthers,3,2,REG
2019-03-04,Columbus Blue Jackets,Winnipeg Jets,Winnipeg Jets,Columbus Blue Jackets,5,2,REG
2019-03-04,Minnesota Wild,Nashville Predators,Nashville Predators,Minnesota Wild,3,2,SO
2019-03-04,San Jose Sharks,Chicago Blackhawks,San Jose Sharks,Chicago Blackhawks,5,2,REG
2019-03-05,Buffalo Sabres,Edmonton Oilers,Edmonton Oilers,Buffalo Sabres,4,3,REG
2019-03-05,Calgary Flames,Toronto Maple Leafs,Toronto Maple Leafs,Calgary Flames,6,2,REG
2019-03-06,Boston Bruins,Carolina Hurricanes,Boston Bruins,Carolina Hurricanes,4,3,OT
2019-03-06,New Jersey Devils,Columbus Blue Jackets,Columbus Blue Jackets,New Jersey Devils,2,1,SO
2019-03-06,New York Islanders,Ottawa Senators,New York Islanders,Ottawa Senators,5,4,SO
2019-03-06,Pittsburgh Penguins,Florida Panthers,Pittsburgh Penguins,Florida Panthers,3,2,OT
2019-03-06,Tampa Bay Lightning,Winnipeg Jets,Tampa Bay Lightning,Winnipeg Jets,5,2,REG
2019-03-06,Nashville Predators,Minnesota Wild,Nashville Predators,Minnesota Wild,5,4,SO
2019-03-06,Colorado Avalanche,Detroit Red Wings,Colorado Avalanche,Detroit Red Wings,4,3,OT
2019-03-06,Arizona Coyotes,Anaheim Ducks,Anaheim Ducks,Arizona Coyotes,3,1,REG
2019-03-06,Los Angeles Kings,Montreal Canadiens,Montreal Canadiens,Los Angeles Kings,3,1,REG
2019-03-07,Philadelphia Flyers,Washington Capitals,Washington Capitals,Philadelphia Flyers,5,3,REG
2019-03-07,Vancouver Canucks,Toronto Maple Leafs,Vancouver Canucks,Toronto Maple Leafs,3,2,OT
2019-03-07,Anaheim Ducks,St. Louis Blues,St. Louis Blues,Anaheim Ducks,5,4,REG
2019-03-07,Vegas Golden Knights,Calgary Flames,Vegas Golden Knights,Calgary Flames,2,1,REG
2019-03-08,Boston Bruins,Florida Panthers,Boston Bruins,Florida Panthers,4,3,REG
2019-03-08,Pittsburgh Penguins,Columbus Blue Jackets,Pittsburgh Penguins,Columbus Blue Jackets,3,0,REG
2019-03-08,Ottawa Senators,New York Islanders,New York Islanders,Ottawa Senators,4,2,REG
2019-03-08,Detroit Red Wings,New York Rangers,Detroit Red Wings,New York Rangers,3,2,SO
2019-03-08,Tampa Bay Lightning,Minnesota Wild,Minnesota Wild,Tampa Bay Lightning,3,0,REG
2019-03-08,Chicago Blackhawks,Buffalo Sabres,Chicago Blackhawks,Buffalo Sabres,5,4,SO
2019-03-08,Dallas Stars,Colorado Avalanche,Dallas Stars,Colorado Avalanche,4,0,REG
2019-03-08,Edmonton Oilers,Vancouver Canucks,Edmonton Oilers,Vancouver Canucks,3,2,REG
2019-03-08,Arizona Coyotes,Calgary Flames,Arizona Coyotes,Calgary Flames,2,0,REG
2019-03-08,Los Angeles Kings,St. Louis Blues,St. Louis Blues,Los Angeles Kings,4,0,REG
2019-03-08,San Jose Sharks,Montreal Canadiens,San Jose Sharks,Montreal Canadiens,5,2,REG
2019-03-09,Florida Panthers,Minnesota Wild,Florida Panthers,Minnesota Wild,6,2,REG
2019-03-09,Washington Capitals,New Jersey Devils,Washington Capitals,New Jersey Devils,3,0,REG
2019-03-09,Carolina Hurricanes,Winnipeg Jets,Winnipeg Jets,Carolina Hurricanes,5,1,REG
2019-03-09,Anaheim Ducks,Montreal Canadiens,Anaheim Ducks,Montreal Canadiens,6,2,REG
2019-03-09,Colorado Avalanche,Buffalo Sabres,Colorado Avalanche,Buffalo Sabres,3,0,REG
2019-03-09,San Jose Sharks,St. Louis Blues,San Jose Sharks,St. Louis Blues,3,2,OT
2019-03-10,Boston Bruins,Ottawa Senators,Boston Bruins,Ottawa Senators,3,2,REG
2019-03-10,Tampa Bay Lightning,Detroit Red Wings,Tampa Bay Lightning,Detroit Red Wings,3,2,REG
2019-03-10,New York Islanders,Philadelphia Flyers,Philadelphia Flyers,New York Islanders,5,2,REG
2019-03-10,New York Rangers,New Jersey Devils,New York Rangers,New Jersey Devils,4,2,REG
2019-03-10,Columbus Blue Jackets,Pittsburgh Penguins,Columbus Blue Jackets,Pittsburgh Penguins,4,1,REG
2019-03-10,Edmonton Oilers,Toronto Maple Leafs,Toronto Maple Leafs,Edmonton Oilers,3,2,REG
2019-03-10,Nashville Predators,Carolina Hurricanes,Carolina Hurricanes,Nashville Predators,5,3,REG
2019-03-10,Dallas Stars,Chicago Blackhawks,Chicago Blackhawks,Dallas Stars,2,1,REG
2019-03-10,Arizona Coyotes,Los Angeles Kings,Arizona Coyotes,Los Angeles Kings,4,2,REG
2019-03-10,Vancouver Canucks,Vegas Golden Knights,Vegas Golden Knights,Vancouver Canucks,6,2,REG
2019-03-10,Florida Panthers,Detroit Red Wings,Florida Panthers,Detroit Red Wings,5,1,REG
2019-03-10,Washington Capitals,Winnipeg Jets,Washington Capitals,Winnipeg Jets,3,1,REG
2019-03-10,Pittsburgh Penguins,Boston Bruins,Pittsburgh Penguins,Boston Bruins,4,2,REG
2019-03-11,Calgary Flames,Vegas Golden Knights,Calgary Flames,Vegas Golden Knights,6,3,REG
2019-03-11,Anaheim Ducks,Los Angeles Kings,Los Angeles Kings,Anaheim Ducks,3,2,REG
2019-03-11,Toronto Maple Leafs,Tampa Bay Lightning,Tampa Bay Lightning,Toronto Maple Leafs,6,2,REG
2019-03-11,New York Islanders,Columbus Blue Jackets,New York Islanders,Columbus Blue Jackets,2,0,REG
2019-03-11,Philadelphia Flyers,Ottawa Senators,Philadelphia Flyers,Ottawa Senators,3,2,REG
2019-03-12,Minnesota Wild,San Jose Sharks,San Jose Sharks,Minnesota Wild,3,0,REG
2019-03-12,Chicago Blackhawks,Arizona Coyotes,Chicago Blackhawks,Arizona Coyotes,5,1,REG
2019-03-12,Colorado Avalanche,Carolina Hurricanes,Carolina Hurricanes,Colorado Avalanche,3,0,REG
2019-03-12,Edmonton Oilers,New York Rangers,Edmonton Oilers,New York Rangers,3,2,OT
2019-03-12,Buffalo Sabres,Dallas Stars,Dallas Stars,Buffalo Sabres,2,0,REG
2019-03-12,Pittsburgh Penguins,Washington Capitals,Pittsburgh Penguins,Washington Capitals,5,3,REG
2019-03-12,Columbus Blue Jackets,Boston Bruins,Columbus Blue Jackets,Boston Bruins,7,4,REG
2019-03-12,Montreal Canadiens,Detroit Red Wings,Montreal Canadiens,Detroit Red Wings,3,1,REG
2019-03-13,St. Louis Blues,Arizona Coyotes,Arizona Coyotes,St. Louis Blues,3,1,REG
2019-03-13,Winnipeg Jets,San Jose Sharks,San Jose Sharks,Winnipeg Jets,5,4,REG
2019-03-13,Calgary Flames,New Jersey Devils,Calgary Flames,New Jersey Devils,8,4,REG
2019-03-13,Anaheim Ducks,Nashville Predators,Anaheim Ducks,Nashville Predators,3,2,REG
2019-03-13,Toronto Maple Leafs,Chicago Blackhawks,Chicago Blackhawks,Toronto Maple Leafs,5,4,REG
2019-03-14,Edmonton Oilers,New Jersey Devils,New Jersey Devils,Edmonton Oilers,6,3,REG
2019-03-14,Vancouver Canucks,New York Rangers,Vancouver Canucks,New York Rangers,4,1,REG
2019-03-14,Buffalo Sabres,Pittsburgh Penguins,Pittsburgh Penguins,Buffalo Sabres,4,0,REG
2019-03-14,New York Islanders,Montreal Canadiens,New York Islanders,Montreal Canadiens,2,1,REG
2019-03-14,Philadelphia Flyers,Washington Capitals,Washington Capitals,Philadelphia Flyers,5,2,REG
2019-03-14,Ottawa Senators,St. Louis Blues,Ottawa Senators,St. Louis Blues,2,0,REG
2019-03-14,Detroit Red Wings,Tampa Bay Lightning,Tampa Bay Lightning,Detroit Red Wings,5,4,REG
2019-03-15,Minnesota Wild,Dallas Stars,Dallas Stars,Minnesota Wild,4,1,REG
2019-03-15,Winnipeg Jets,Boston Bruins,Winnipeg Jets,Boston Bruins,4,3,REG
2019-03-15,Arizona Coyotes,Anaheim Ducks,Arizona Coyotes,Anaheim Ducks,5,1,REG
2019-03-15,Los Angeles Kings,Nashville Predators,Nashville Predators,Los Angeles Kings,3,1,REG
2019-03-15,San Jose Sharks,Florida Panthers,Florida Panthers,San Jose Sharks,4,2,REG
2019-03-15,Toronto Maple Leafs,Philadelphia Flyers,Toronto Maple Leafs,Philadelphia Flyers,7,6,REG
2019-03-15,Columbus Blue Jackets,Carolina Hurricanes,Columbus Blue Jackets,Carolina Hurricanes,3,0,REG
2019-03-16,Dallas Stars,Vegas Golden Knights,Vegas Golden Knights,Dallas Stars,2,1,REG
2019-03-16,Colorado Avalanche,Anaheim Ducks,Anaheim Ducks,Colorado Avalanche,5,3,REG
2019-03-16,Calgary Flames,New York Rangers,Calgary Flames,New York Rangers,5,1,REG
2019-03-16,Vancouver Canucks,New Jersey Devils,New Jersey Devils,Vancouver Canucks,3,2,SO
2019-03-16,Pittsburgh Penguins,St. Louis Blues,St. Louis Blues,Pittsburgh Penguins,5,1,REG
2019-03-16,Detroit Red Wings,New York Islanders,Detroit Red Wings,New York Islanders,2,1,REG
2019-03-16,Los Angeles Kings,Florida Panthers,Florida Panthers,Los Angeles Kings,4,3,REG
2019-03-16,Boston Bruins,Columbus Blue Jackets,Boston Bruins,Columbus Blue Jackets,2,1,OT
2019-03-16,Montreal Canadiens,Chicago Blackhawks,Chicago Blackhawks,Montreal Canadiens,2,0,REG
2019-03-16,Ottawa Senators,Toronto Maple Leafs,Ottawa Senators,Toronto Maple Leafs,6,2,REG
2019-03-16,Tampa Bay Lightning,Washington Capitals,Tampa Bay Lightning,Washington Capitals,6,3,REG
2019-03-16,Carolina Hurricanes,Buffalo Sabres,Carolina Hurricanes,Buffalo Sabres,4,2,REG
2019-03-16,Winnipeg Jets,Calgary Flames,Winnipeg Jets,Calgary Flames,2,1,REG
2019-03-17,Minnesota Wild,New York Rangers,Minnesota Wild,New York Rangers,5,2,REG
2019-03-17,Arizona Coyotes,Edmonton Oilers,Edmonton Oilers,Arizona Coyotes,3,2,OT
2019-03-17,San Jose Sharks,Nashville Predators,Nashville Predators,San Jose Sharks,4,2,REG
2019-03-17,Colorado Avalanche,New Jersey Devils,Colorado Avalanche,New Jersey Devils,3,0,REG
2019-03-17,Buffalo Sabres,St. Louis Blues,Buffalo Sabres,St. Louis Blues,4,3,SO
2019-03-17,Minnesota Wild,New York Islanders,New York Islanders,Minnesota Wild,3,2,OT
2019-03-17,Dallas Stars,Vancouver Canucks,Vancouver Canucks,Dallas Stars,3,2,SO
2019-03-17,Pittsburgh Penguins,Philadelphia Flyers,Philadelphia Flyers,Pittsburgh Penguins,2,1,OT
2019-03-18,Anaheim Ducks,Florida Panthers,Anaheim Ducks,Florida Panthers,3,2,REG
2019-03-18,Vegas Golden Knights,Edmonton Oilers,Vegas Golden Knights,Edmonton Oilers,6,3,REG
2019-03-18,Tampa Bay Lightning,Arizona Coyotes,Tampa Bay Lightning,Arizona Coyotes,4,1,REG
2019-03-19,Chicago Blackhawks,Vancouver Canucks,Vancouver Canucks,Chicago Blackhawks,3,2,OT
2019-03-19,Los Angeles Kings,Winnipeg Jets,Winnipeg Jets,Los Angeles Kings,3,2,REG
2019-03-19,San Jose Sharks,Vegas Golden Knights,Vegas Golden Knights,San Jose Sharks,7,3,REG
2019-03-19,New York Islanders,Boston Bruins,Boston Bruins,New York Islanders,4,0,REG
2019-03-19,New York Rangers,Detroit Red Wings,Detroit Red Wings,New York Rangers,3,2,REG
2019-03-19,Philadelphia Flyers,Montreal Canadiens,Montreal Canadiens,Philadelphia Flyers,3,1,REG
2019-03-19,Carolina Hurricanes,Pittsburgh Penguins,Carolina Hurricanes,Pittsburgh Penguins,3,2,SO
2019-03-19,New Jersey Devils,Washington Capitals,Washington Capitals,New Jersey Devils,4,1,REG
2019-03-20,St. Louis Blues,Edmonton Oilers,St. Louis Blues,Edmonton Oilers,6,2,REG
2019-03-20,Nashville Predators,Toronto Maple Leafs,Nashville Predators,Toronto Maple Leafs,3,0,REG
2019-03-20,Minnesota Wild,Colorado Avalanche,Colorado Avalanche,Minnesota Wild,3,1,REG
2019-03-20,Dallas Stars,Florida Panthers,Dallas Stars,Florida Panthers,4,2,REG
2019-03-20,Calgary Flames,Columbus Blue Jackets,Calgary Flames,Columbus Blue Jackets,4,2,REG
2019-03-20,Buffalo Sabres,Toronto Maple Leafs,Toronto Maple Leafs,Buffalo Sabres,4,2,REG
2019-03-20,Washington Capitals,Tampa Bay Lightning,Tampa Bay Lightning,Washington Capitals,5,4,OT
2019-03-21,Vancouver Canucks,Ottawa Senators,Vancouver Canucks,Ottawa Senators,7,4,REG
2019-03-21,Anaheim Ducks,Winnipeg Jets,Winnipeg Jets,Anaheim Ducks,3,0,REG
2019-03-21,Florida Panthers,Arizona Coyotes,Florida Panthers,Arizona Coyotes,4,2,REG
2019-03-21,New Jersey Devils,Boston Bruins,Boston Bruins,New Jersey Devils,5,1,REG
2019-03-21,Carolina Hurricanes,Tampa Bay Lightning,Tampa Bay Lightning,Carolina Hurricanes,6,3,REG
2019-03-21,Montreal Canadiens,New York Islanders,Montreal Canadiens,New York Islanders,4,0,REG
2019-03-22,St. Louis Blues,Detroit Red Wings,St. Louis Blues,Detroit Red Wings,5,2,REG
2019-03-22,Nashville Predators,Pittsburgh Penguins,Pittsburgh Penguins,Nashville Predators,2,1,SO
2019-03-22,Chicago Blackhawks,Philadelphia Flyers,Philadelphia Flyers,Chicago Blackhawks,3,1,REG
2019-03-22,Dallas Stars,Colorado Avalanche,Colorado Avalanche,Dallas Stars,3,1,REG
2019-03-22,Calgary Flames,Ottawa Senators,Calgary Flames,Ottawa Senators,5,1,REG
2019-03-22,Edmonton Oilers,Columbus Blue Jackets,Edmonton Oilers,Columbus Blue Jackets,4,1,REG
2019-03-22,Vegas Golden Knights,Winnipeg Jets,Vegas Golden Knights,Winnipeg Jets,4,0,REG
2019-03-22,Los Angeles Kings,San Jose Sharks,Los Angeles Kings,San Jose Sharks,4,2,REG
2019-03-22,Washington Capitals,Minnesota Wild,Minnesota Wild,Washington Capitals,2,1,REG
2019-03-23,Anaheim Ducks,San Jose Sharks,Anaheim Ducks,San Jose Sharks,4,3,OT
2019-03-23,New Jersey Devils,Arizona Coyotes,New Jersey Devils,Arizona Coyotes,2,1,SO
2019-03-23,Philadelphia Flyers,New York Islanders,New York Islanders,Philadelphia Flyers,4,2,REG
2019-03-23,Colorado Avalanche,Chicago Blackhawks,Colorado Avalanche,Chicago Blackhawks,4,2,REG
2019-03-23,Edmonton Oilers,Ottawa Senators,Ottawa Senators,Edmonton Oilers,4,3,OT
2019-03-23,Toronto Maple Leafs,New York Rangers,New York Rangers,Toronto Maple Leafs,2,1,OT
2019-03-23,Montreal Canadiens,Buffalo Sabres,Montreal Canadiens,Buffalo Sabres,7,4,REG
2019-03-23,Florida Panthers,Boston Bruins,Boston Bruins,Florida Panthers,7,3,REG
2019-03-23,Carolina Hurricanes,Minnesota Wild,Carolina Hurricanes,Minnesota Wild,5,1,REG
2019-03-23,Winnipeg Jets,Nashville Predators,Winnipeg Jets,Nashville Predators,4,0,REG
2019-03-24,St. Louis Blues,Tampa Bay Lightning,St. Louis Blues,Tampa Bay Lightning,4,3,REG
2019-03-24,Dallas Stars,Pittsburgh Penguins,Pittsburgh Penguins,Dallas Stars,3,2,REG
2019-03-24,Vancouver Canucks,Calgary Flames,Calgary Flames,Vancouver Canucks,3,1,REG
2019-03-24,Vegas Golden Knights,Detroit Red Wings,Detroit Red Wings,Vegas Golden Knights,3,2,OT
2019-03-24,Los Angeles Kings,Anaheim Ducks,Los Angeles Kings,Anaheim Ducks,4,3,SO
2019-03-24,Washington Capitals,Philadelphia Flyers,Washington Capitals,Philadelphia Flyers,3,1,REG
2019-03-24,New York Islanders,Arizona Coyotes,New York Islanders,Arizona Coyotes,2,0,REG
2019-03-24,Carolina Hurricanes,Montreal Canadiens,Carolina Hurricanes,Montreal Canadiens,2,1,OT
2019-03-25,Chicago Blackhawks,Colorado Avalanche,Chicago Blackhawks,Colorado Avalanche,2,1,OT
2019-03-25,Vancouver Canucks,Columbus Blue Jackets,Columbus Blue Jackets,Vancouver Canucks,4,0,REG
2019-03-25,Toronto Maple Leafs,Florida Panthers,Toronto Maple Leafs,Florida Panthers,7,5,REG
2019-03-25,New Jersey Devils,Buffalo Sabres,New Jersey Devils,Buffalo Sabres,3,1,REG
2019-03-25,New York Rangers,Pittsburgh Penguins,Pittsburgh Penguins,New York Rangers,5,2,REG
2019-03-25,Tampa Bay Lightning,Boston Bruins,Tampa Bay Lightning,Boston Bruins,5,4,REG
2019-03-26,St. Louis Blues,Vegas Golden Knights,St. Louis Blues,Vegas Golden Knights,3,1,REG
2019-03-26,Winnipeg Jets,Dallas Stars,Dallas Stars,Winnipeg Jets,5,2,REG
2019-03-26,Calgary Flames,Los Angeles Kings,Los Angeles Kings,Calgary Flames,3,0,REG
2019-03-26,San Jose Sharks,Detroit Red Wings,Detroit Red Wings,San Jose Sharks,3,2,REG
2019-03-26,Washington Capitals,Carolina Hurricanes,Washington Capitals,Carolina Hurricanes,4,1,REG
2019-03-26,Columbus Blue Jackets,New York Islanders,Columbus Blue Jackets,New York Islanders,4,0,REG
2019-03-26,Montreal Canadiens,Florida Panthers,Montreal Canadiens,Florida Panthers,5,1,REG
2019-03-26,Ottawa Senators,Buffalo Sabres,Ottawa Senators,Buffalo Sabres,4,0,REG
2019-03-27,Edmonton Oilers,Los Angeles Kings,Edmonton Oilers,Los Angeles Kings,8,4,REG
2019-03-27,Vancouver Canucks,Anaheim Ducks,Anaheim Ducks,Vancouver Canucks,5,4,REG
2019-03-27,Philadelphia Flyers,Toronto Maple Leafs,Philadelphia Flyers,Toronto Maple Leafs,5,4,SO
2019-03-27,Boston Bruins,New York Rangers,Boston Bruins,New York Rangers,6,3,REG
2019-03-28,Calgary Flames,Dallas Stars,Dallas Stars,Calgary Flames,2,1,REG
2019-03-28,Colorado Avalanche,Vegas Golden Knights,Colorado Avalanche,Vegas Golden Knights,4,3,REG
2019-03-28,Buffalo Sabres,Detroit Red Wings,Detroit Red Wings,Buffalo Sabres,5,4,OT
2019-03-28,Carolina Hurricanes,Washington Capitals,Washington Capitals,Carolina Hurricanes,3,2,REG
2019-03-28,Columbus Blue Jackets,Montreal Canadiens,Columbus Blue Jackets,Montreal Canadiens,6,2,REG
2019-03-28,Ottawa Senators,Florida Panthers,Florida Panthers,Ottawa Senators,5,2,REG
2019-03-29,Winnipeg Jets,New York Islanders,New York Islanders,Winnipeg Jets,5,4,REG
2019-03-29,Edmonton Oilers,Dallas Stars,Dallas Stars,Edmonton Oilers,3,2,SO
2019-03-29,Vancouver Canucks,Los Angeles Kings,Vancouver Canucks,Los Angeles Kings,3,2,SO
2019-03-29,San Jose Sharks,Chicago Blackhawks,Chicago Blackhawks,San Jose Sharks,5,4,REG
2019-03-29,New York Rangers,St. Louis Blues,New York Rangers,St. Louis Blues,4,2,REG
2019-03-29,Pittsburgh Penguins,Nashville Predators,Nashville Predators,Pittsburgh Penguins,3,1,REG
2019-03-29,Detroit Red Wings,New Jersey Devils,Detroit Red Wings,New Jersey Devils,4,0,REG
2019-03-30,Colorado Avalanche,Arizona Coyotes,Colorado Avalanche,Arizona Coyotes,3,2,SO
2019-03-30,Calgary Flames,Anaheim Ducks,Calgary Flames,Anaheim Ducks,5,1,REG
2019-03-30,Vegas Golden Knights,Minnesota Wild,Minnesota Wild,Vegas Golden Knights,3,2,REG
2019-03-30,Boston Bruins,Florida Panthers,Florida Panthers,Boston Bruins,4,1,REG
2019-03-30,Carolina Hurricanes,Philadelphia Flyers,Carolina Hurricanes,Philadelphia Flyers,5,2,REG
2019-03-30,Ottawa Senators,Toronto Maple Leafs,Ottawa Senators,Toronto Maple Leafs,4,2,REG
2019-03-30,Tampa Bay Lightning,Washington Capitals,Washington Capitals,Tampa Bay Lightning,6,3,REG
2019-03-30,New Jersey Devils,St. Louis Blues,St. Louis Blues,New Jersey Devils,3,2,OT
2019-03-30,New York Islanders,Buffalo Sabres,New York Islanders,Buffalo Sabres,5,1,REG
2019-03-30,Winnipeg Jets,Montreal Canadiens,Montreal Canadiens,Winnipeg Jets,3,1,REG
2019-03-31,Nashville Predators,Columbus Blue Jackets,Columbus Blue Jackets,Nashville Predators,5,2,REG
2019-03-31,San Jose Sharks,Vegas Golden Knights,San Jose Sharks,Vegas Golden Knights,4,3,OT
2019-03-31,Edmonton Oilers,Anaheim Ducks,Anaheim Ducks,Edmonton Oilers,5,1,REG
2019-03-31,Vancouver Canucks,Dallas Stars,Vancouver Canucks,Dallas Stars,3,2,SO
2019-03-31,Los Angeles Kings,Chicago Blackhawks,Los Angeles Kings,Chicago Blackhawks,3,2,OT
2019-03-31,Philadelphia Flyers,New York Rangers,New York Rangers,Philadelphia Flyers,3,0,REG
2019-03-31,Pittsburgh Penguins,Carolina Hurricanes,Pittsburgh Penguins,Carolina Hurricanes,3,1,REG
2019-03-31,Arizona Coyotes,Minnesota Wild,Arizona Coyotes,Minnesota Wild,4,0,REG
2019-03-31,Buffalo Sabres,Columbus Blue Jackets,Columbus Blue Jackets,Buffalo Sabres,4,0,REG
2019-03-31,Detroit Red Wings,Boston Bruins,Detroit Red Wings,Boston Bruins,6,3,REG
2019-04-01,San Jose Sharks,Calgary Flames,Calgary Flames,San Jose Sharks,5,3,REG
2019-04-01,Florida Panthers,Washington Capitals,Florida Panthers,Washington Capitals,5,3,REG
2019-04-01,New Jersey Devils,New York Rangers,New Jersey Devils,New York Rangers,4,2,REG
2019-04-01,New York Islanders,Toronto Maple Leafs,Toronto Maple Leafs,New York Islanders,2,1,REG
2019-04-01,Ottawa Senators,Tampa Bay Lightning,Tampa Bay Lightning,Ottawa Senators,5,2,REG
2019-04-02,St. Louis Blues,Colorado Avalanche,St. Louis Blues,Colorado Avalanche,3,2,SO
2019-04-02,Chicago Blackhawks,Winnipeg Jets,Winnipeg Jets,Chicago Blackhawks,4,3,OT
2019-04-02,Vegas Golden Knights,Edmonton Oilers,Vegas Golden Knights,Edmonton Oilers,3,1,REG
2019-04-02,Los Angeles Kings,Calgary Flames,Calgary Flames,Los Angeles Kings,6,2,REG
2019-04-02,Buffalo Sabres,Nashville Predators,Nashville Predators,Buffalo Sabres,3,2,REG
2019-04-02,Columbus Blue Jackets,Boston Bruins,Boston Bruins,Columbus Blue Jackets,6,2,REG
2019-04-02,Toronto Maple Leafs,Carolina Hurricanes,Carolina Hurricanes,Toronto Maple Leafs,4,1,REG
2019-04-02,Montreal Canadiens,Tampa Bay Lightning,Montreal Canadiens,Tampa Bay Lightning,4,2,REG
2019-04-02,Detroit Red Wings,Pittsburgh Penguins,Detroit Red Wings,Pittsburgh Penguins,4,1,REG
2019-04-03,Minnesota Wild,Winnipeg Jets,Minnesota Wild,Winnipeg Jets,5,1,REG
2019-04-03,Dallas Stars,Philadelphia Flyers,Dallas Stars,Philadelphia Flyers,6,2,REG
2019-04-03,Colorado Avalanche,Edmonton Oilers,Colorado Avalanche,Edmonton Oilers,6,2,REG
2019-04-03,Vancouver Canucks,San Jose Sharks,Vancouver Canucks,San Jose Sharks,4,2,REG
2019-04-03,Arizona Coyotes,Los Angeles Kings,Los Angeles Kings,Arizona Coyotes,3,1,REG
2019-04-03,New York Rangers,Ottawa Senators,Ottawa Senators,New York Rangers,4,1,REG
2019-04-04,Chicago Blackhawks,St. Louis Blues,Chicago Blackhawks,St. Louis Blues,4,3,SO
2019-04-04,Anaheim Ducks,Calgary Flames,Anaheim Ducks,Calgary Flames,3,1,REG
2019-04-04,Buffalo Sabres,Ottawa Senators,Buffalo Sabres,Ottawa Senators,5,2,REG
2019-04-04,Toronto Maple Leafs,Tampa Bay Lightning,Tampa Bay Lightning,Toronto Maple Leafs,3,1,REG
2019-04-04,Florida Panthers,New York Islanders,New York Islanders,Florida Panthers,2,1,SO
2019-04-04,Pittsburgh Penguins,Detroit Red Wings,Pittsburgh Penguins,Detroit Red Wings,4,1,REG
2019-04-04,Washington Capitals,Montreal Canadiens,Washington Capitals,Montreal Canadiens,2,1,REG
2019-04-04,Carolina Hurricanes,New Jersey Devils,Carolina Hurricanes,New Jersey Devils,3,1,REG
2019-04-05,St. Louis Blues,Philadelphia Flyers,St. Louis Blues,Philadelphia Flyers,7,3,REG
2019-04-05,Nashville Predators,Vancouver Canucks,Nashville Predators,Vancouver Canucks,3,2,REG
2019-04-05,Minnesota Wild,Boston Bruins,Boston Bruins,Minnesota Wild,3,0,REG
2019-04-05,Colorado Avalanche,Winnipeg Jets,Colorado Avalanche,Winnipeg Jets,3,2,OT
2019-04-05,Edmonton Oilers,San Jose Sharks,San Jose Sharks,Edmonton Oilers,3,2,REG
2019-04-05,Vegas Golden Knights,Arizona Coyotes,Arizona Coyotes,Vegas Golden Knights,4,1,REG
2019-04-05,New York Rangers,Columbus Blue Jackets,Columbus Blue Jackets,New York Rangers,3,2,SO
2019-04-06,Chicago Blackhawks,Dallas Stars,Chicago Blackhawks,Dallas Stars,5,1,REG
2019-04-06,Anaheim Ducks,Los Angeles Kings,Anaheim Ducks,Los Angeles Kings,5,2,REG
2019-04-06,Boston Bruins,Tampa Bay Lightning,Tampa Bay Lightning,Boston Bruins,6,3,REG
2019-04-06,St. Louis Blues,Vancouver Canucks,St. Louis Blues,Vancouver Canucks,3,2,SO
2019-04-06,Montreal Canadiens,Toronto Maple Leafs,Montreal Canadiens,Toronto Maple Leafs,6,5,SO
2019-04-06,Ottawa Senators,Columbus Blue Jackets,Columbus Blue Jackets,Ottawa Senators,6,2,REG
2019-04-06,Detroit Red Wings,Buffalo Sabres,Buffalo Sabres,Detroit Red Wings,5,1,REG
2019-04-06,Florida Panthers,New Jersey Devils,New Jersey Devils,Florida Panthers,4,3,OT
2019-04-06,Philadelphia Flyers,Carolina Hurricanes,Carolina Hurricanes,Philadelphia Flyers,4,3,REG
2019-04-06,Pittsburgh Penguins,New York Rangers,New York Rangers,Pittsburgh Penguins,4,3,OT
2019-04-06,Washington Capitals,New York Islanders,New York Islanders,Washington Capitals,3,0,REG
2019-04-07,Nashville Predators,Chicago Blackhawks,Nashville Predators,Chicago Blackhawks,5,2,REG
2019-04-07,Dallas Stars,Minnesota Wild,Dallas Stars,Minnesota Wild,3,0,REG
2019-04-07,Calgary Flames,Edmonton Oilers,Edmonton Oilers,Calgary Flames,3,1,REG
2019-04-07,Arizona Coyotes,Winnipeg Jets,Winnipeg Jets,Arizona Coyotes,4,2,REG
2019-04-07,Los Angeles Kings,Vegas Golden Knights,Los Angeles Kings,Vegas Golden Knights,5,2,REG
2019-04-07,San Jose Sharks,Colorado Avalanche,San Jose Sharks,Colorado Avalanche,5,2,REG
2019-04-10,Tampa Bay Lightning,Columbus Blue Jackets,Columbus Blue Jackets,Tampa Bay Lightning,4,3,REG
2019-04-10,New York Islanders,Pittsburgh Penguins,New York Islanders,Pittsburgh Penguins,4,3,OT
2019-04-11,Winnipeg Jets,St. Louis Blues,St. Louis Blues,Winnipeg Jets,2,1,REG
2019-04-11,Nashville Predators,Dallas Stars,Dallas Stars,Nashville Predators,3,2,REG
2019-04-11,San Jose Sharks,Vegas Golden Knights,San Jose Sharks,Vegas Golden Knights,5,2,REG
2019-04-11,Boston Bruins,Toronto Maple Leafs,Toronto Maple Leafs,Boston Bruins,4,1,REG
2019-04-11,Washington Capitals,Carolina Hurricanes,Washington Capitals,Carolina Hurricanes,4,2,REG
2019-04-12,Calgary Flames,Colorado Avalanche,Calgary Flames,Colorado Avalanche,4,0,REG
2019-04-12,Tampa Bay Lightning,Columbus Blue Jackets,Columbus Blue Jackets,Tampa Bay Lightning,5,1,REG
2019-04-12,New York Islanders,Pittsburgh Penguins,New York Islanders,Pittsburgh Penguins,3,1,REG
2019-04-13,Winnipeg Jets,St. Louis Blues,St. Louis Blues,Winnipeg Jets,4,3,REG
2019-04-13,San Jose Sharks,Vegas Golden Knights,Vegas Golden Knights,San Jose Sharks,5,3,REG
2019-04-13,Washington Capitals,Carolina Hurricanes,Washington Capitals,Carolina Hurricanes,4,3,OT
2019-04-13,Nashville Predators,Dallas Stars,Nashville Predators,Dallas Stars,2,1,OT
2019-04-14,Boston Bruins,Toronto Maple Leafs,Boston Bruins,Toronto Maple Leafs,4,1,REG
2019-04-14,Calgary Flames,Colorado Avalanche,Colorado Avalanche,Calgary Flames,3,2,OT
2019-04-14,Pittsburgh Penguins,New York Islanders,New York Islanders,Pittsburgh Penguins,4,1,REG
2019-04-14,Columbus Blue Jackets,Tampa Bay Lightning,Columbus Blue Jackets,Tampa Bay Lightning,3,1,REG
2019-04-14,St. Louis Blues,Winnipeg Jets,Winnipeg Jets,St. Louis Blues,6,3,REG
2019-04-15,Vegas Golden Knights,San Jose Sharks,Vegas Golden Knights,San Jose Sharks,6,3,REG
2019-04-15,Toronto Maple Leafs,Boston Bruins,Toronto Maple Leafs,Boston Bruins,3,2,REG
2019-04-15,Carolina Hurricanes,Washington Capitals,Carolina Hurricanes,Washington Capitals,4,0,REG
2019-04-16,Dallas Stars,Nashville Predators,Nashville Predators,Dallas Stars,3,2,REG
2019-04-16,Colorado Avalanche,Calgary Flames,Colorado Avalanche,Calgary Flames,6,2,REG
2019-04-16,Columbus Blue Jackets,Tampa Bay Lightning,Columbus Blue Jackets,Tampa Bay Lightning,7,3,REG
2019-04-16,Pittsburgh Penguins,New York Islanders,New York Islanders,Pittsburgh Penguins,3,1,REG
2019-04-17,St. Louis Blues,Winnipeg Jets,Winnipeg Jets,St. Louis Blues,2,1,OT
2019-04-17,Vegas Golden Knights,San Jose Sharks,Vegas Golden Knights,San Jose Sharks,4,0,REG
2019-04-17,Toronto Maple Leafs,Boston Bruins,Boston Bruins,Toronto Maple Leafs,6,4,REG
2019-04-18,Dallas Stars,Nashville Predators,Dallas Stars,Nashville Predators,5,1,REG
2019-04-18,Colorado Avalanche,Calgary Flames,Colorado Avalanche,Calgary Flames,3,2,OT
2019-04-18,Carolina Hurricanes,Washington Capitals,Carolina Hurricanes,Washington Capitals,2,1,REG
2019-04-19,Winnipeg Jets,St. Louis Blues,St. Louis Blues,Winnipeg Jets,3,2,REG
2019-04-19,San Jose Sharks,Vegas Golden Knights,San Jose Sharks,Vegas Golden Knights,5,2,REG
2019-04-19,Boston Bruins,Toronto Maple Leafs,Toronto Maple Leafs,Boston Bruins,2,1,REG
2019-04-20,Calgary Flames,Colorado Avalanche,Colorado Avalanche,Calgary Flames,5,1,REG
2019-04-20,Nashville Predators,Dallas Stars,Dallas Stars,Nashville Predators,5,3,REG
2019-04-20,St. Louis Blues,Winnipeg Jets,St. Louis Blues,Winnipeg Jets,3,2,REG
2019-04-21,Washington Capitals,Carolina Hurricanes,Washington Capitals,Carolina Hurricanes,4,0,REG
2019-04-21,Toronto Maple Leafs,Boston Bruins,Boston Bruins,Toronto Maple Leafs,4,2,REG
2019-04-21,Vegas Golden Knights,San Jose Sharks,San Jose Sharks,Vegas Golden Knights,2,1,OT
2019-04-22,Carolina Hurricanes,Washington Capitals,Carolina Hurricanes,Washington Capitals,5,2,REG
2019-04-23,Dallas Stars,Nashville Predators,Dallas Stars,Nashville Predators,2,1,OT
2019-04-23,Boston Bruins,Toronto Maple Leafs,Boston Bruins,Toronto Maple Leafs,5,1,REG
2019-04-24,San Jose Sharks,Vegas Golden Knights,San Jose Sharks,Vegas Golden Knights,5,4,OT
2019-04-24,Washington Capitals,Carolina Hurricanes,Carolina Hurricanes,Washington Capitals,4,3,OT
2019-04-25,Boston Bruins,Columbus Blue Jackets,Boston Bruins,Columbus Blue Jackets,3,2,OT
2019-04-26,St. Louis Blues,Dallas Stars,St. Louis Blues,Dallas Stars,3,2,REG
2019-04-27,San Jose Sharks,Colorado Avalanche,San Jose Sharks,Colorado Avalanche,5,2,REG
2019-04-27,St. Louis Blues,Dallas Stars,Dallas Stars,St. Louis Blues,4,2,REG
2019-04-28,Boston Bruins,Columbus Blue Jackets,Columbus Blue Jackets,Boston Bruins,3,2,OT
2019-04-28,New York Islanders,Carolina Hurricanes,Carolina Hurricanes,New York Islanders,2,1,REG
2019-04-28,San Jose Sharks,Colorado Avalanche,Colorado Avalanche,San Jose Sharks,4,3,REG
2019-04-30,Dallas Stars,St. Louis Blues,St. Louis Blues,Dallas Stars,4,3,REG
2019-04-30,Columbus Blue Jackets,Boston Bruins,Columbus Blue Jackets,Boston Bruins,2,1,REG
2019-05-01,Colorado Avalanche,San Jose Sharks,San Jose Sharks,Colorado Avalanche,4,2,REG
2019-05-01,Carolina Hurricanes,New York Islanders,Carolina Hurricanes,New York Islanders,5,2,REG
2019-05-02,Dallas Stars,St. Louis Blues,Dallas Stars,St. Louis Blues,4,2,REG
2019-05-02,Columbus Blue Jackets,Boston Bruins,Boston Bruins,Columbus Blue Jackets,4,1,REG
2019-05-03,Colorado Avalanche,San Jose Sharks,Colorado Avalanche,San Jose Sharks,3,0,REG
2019-05-03,Carolina Hurricanes,New York Islanders,Carolina Hurricanes,New York Islanders,5,2,REG
2019-05-04,St. Louis Blues,Dallas Stars,Dallas Stars,St. Louis Blues,2,1,REG
2019-05-04,Boston Bruins,Columbus Blue Jackets,Boston Bruins,Columbus Blue Jackets,4,3,REG
2019-05-05,San Jose Sharks,Colorado Avalanche,San Jose Sharks,Colorado Avalanche,2,1,REG
2019-05-05,Dallas Stars,St. Louis Blues,St. Louis Blues,Dallas Stars,4,1,REG
2019-05-06,Columbus Blue Jackets,Boston Bruins,Boston Bruins,Columbus Blue Jackets,3,0,REG
2019-05-07,Colorado Avalanche,San Jose Sharks,Colorado Avalanche,San Jose Sharks,4,3,OT
2019-05-08,St. Louis Blues,Dallas Stars,St. Louis Blues,Dallas Stars,2,1,OT
2019-05-09,San Jose Sharks,Colorado Avalanche,San Jose Sharks,Colorado Avalanche,3,2,REG
2019-05-10,Boston Bruins,Carolina Hurricanes,Boston Bruins,Carolina Hurricanes,5,2,REG
2019-05-12,San Jose Sharks,St. Louis Blues,San Jose Sharks,St. Louis Blues,6,3,REG
2019-05-12,Boston Bruins,Carolina Hurricanes,Boston Bruins,Carolina Hurricanes,6,2,REG
2019-05-14,San Jose Sharks,St. Louis Blues,St. Louis Blues,San Jose Sharks,4,2,REG
2019-05-15,Carolina Hurricanes,Boston Bruins,Boston Bruins,Carolina Hurricanes,2,1,REG
2019-05-16,St. Louis Blues,San Jose Sharks,San Jose Sharks,St. Louis Blues,5,4,OT
2019-05-17,Carolina Hurricanes,Boston Bruins,Boston Bruins,Carolina Hurricanes,4,0,REG
2019-05-18,St. Louis Blues,San Jose Sharks,St. Louis Blues,San Jose Sharks,2,1,REG
2019-05-19,San Jose Sharks,St. Louis Blues,St. Louis Blues,San Jose Sharks,4,0,REG
2019-05-22,St. Louis Blues,San Jose Sharks,St. Louis Blues,San Jose Sharks,5,1,REG
2019-05-28,Boston Bruins,St. Louis Blues,Boston Bruins,St. Louis Blues,4,2,REG
2019-05-30,Boston Bruins,St. Louis Blues,St. Louis Blues,Boston Bruins,3,2,OT
2019-06-02,St. Louis Blues,Boston Bruins,Boston Bruins,St. Louis Blues,6,2,REG
2019-06-04,St. Louis Blues,Boston Bruins,St. Louis Blues,Boston Bruins,4,2,REG
2019-06-07,Boston Bruins,St. Louis Blues,St. Louis Blues,Boston Bruins,2,1,REG
2019-06-10,St. Louis Blues,Boston Bruins,Boston Bruins,St. Louis Blues,5,1,REG
2019-06-13,Boston Bruins,St. Louis Blues,St. Louis Blues,Boston Bruins,4,1,REG
