date,home,away,winner,loser,winner_pts,loser_pts,end_type
2025-10-01,Buffalo Sabres,Pittsburgh Penguins,Pittsburgh Penguins,Buffalo Sabres,5,3,REG
2025-10-02,Vegas Golden Knights,Colorado Avalanche,Vegas Golden Knights,Colorado Avalanche,2,1,REG
2025-10-02,Calgary Flames,Vancouver Canucks,Vancouver Canucks,Calgary Flames,5,1,REG
2025-10-02,San Jose Sharks,Anaheim Ducks,Anaheim Ducks,San Jose Sharks,5,2,REG
2025-10-02,Seattle Kraken,Edmonton Oilers,Seattle Kraken,Edmonton Oilers,4,2,REG
2025-10-02,Washington Capitals,Boston Bruins,Boston Bruins,Washington Capitals,3,1,REG
2025-10-02,Toronto Maple Leafs,Detroit Red Wings,Detroit Red Wings,Toronto Maple Leafs,3,1,REG
2025-10-02,Tampa Bay Lightning,Florida Panthers,Tampa Bay Lightning,Florida Panthers,5,2,REG
2025-10-02,New York Rangers,New Jersey Devils,New Jersey Devils,New York Rangers,3,1,REG
2025-10-02,Philadelphia Flyers,New York Islanders,New York Islanders,Philadelphia Flyers,4,3,REG
2025-10-03,St. Louis Blues,Ottawa Senators,St. Louis Blues,Ottawa Senators,5,1,REG
2025-10-03,Pittsburgh Penguins,Buffalo Sabres,Pittsburgh Penguins,Buffalo Sabres,5,4,OT
2025-10-04,Chicago Blackhawks,Minnesota Wild,Minnesota Wild,Chicago Blackhawks,3,2,REG
2025-10-04,Calgary Flames,Winnipeg Jets,Winnipeg Jets,Calgary Flames,5,4,SO
2025-10-04,Vegas Golden Knights,San Jose Sharks,San Jose Sharks,Vegas Golden Knights,4,1,REG
2025-10-04,Vancouver Canucks,Edmonton Oilers,Vancouver Canucks,Edmonton Oilers,3,2,OT
2025-10-04,Philadelphia Flyers,New Jersey Devils,Philadelphia Flyers,New Jersey Devils,4,3,SO
2025-10-04,Boston Bruins,New York Rangers,Boston Bruins,New York Rangers,4,1,REG
2025-10-04,Los Angeles Kings,Anaheim Ducks,Los Angeles Kings,Anaheim Ducks,5,4,OT
2025-10-04,Nashville Predators,Carolina Hurricanes,Nashville Predators,Carolina Hurricanes,3,2,OT
2025-10-04,Dallas Stars,Colorado Avalanche,Dallas Stars,Colorado Avalanche,3,2,REG
2025-10-04,Washington Capitals,Columbus Blue Jackets,Washington Capitals,Columbus Blue Jackets,2,1,REG
2025-10-04,Florida Panthers,Tampa Bay Lightning,Florida Panthers,Tampa Bay Lightning,4,0,REG
2025-10-04,Detroit Red Wings,Toronto Maple Leafs,Detroit Red Wings,Toronto Maple Leafs,6,5,OT
2025-10-04,Montreal Canadiens,Ottawa Senators,Ottawa Senators,Montreal Canadiens,3,1,REG
2025-10-04,Chicago Blackhawks,St. Louis Blues,St. Louis Blues,Chicago Blackhawks,4,0,REG
2025-10-07,Florida Panthers,Chicago Blackhawks,Florida Panthers,Chicago Blackhawks,3,2,REG
2025-10-08,New York Rangers,Pittsburgh Penguins,Pittsburgh Penguins,New York Rangers,3,0,REG
2025-10-08,Los Angeles Kings,Colorado Avalanche,Colorado Avalanche,Los Angeles Kings,4,1,REG
2025-10-08,Toronto Maple Leafs,Montreal Canadiens,Toronto Maple Leafs,Montreal Canadiens,5,2,REG
2025-10-08,Washington Capitals,Boston Bruins,Boston Bruins,Washington Capitals,3,1,REG
2025-10-09,Edmonton Oilers,Calgary Flames,Calgary Flames,Edmonton Oilers,4,3,SO
2025-10-09,Vegas Golden Knights,Los Angeles Kings,Los Angeles Kings,Vegas Golden Knights,6,5,SO
2025-10-09,Boston Bruins,Chicago Blackhawks,Boston Bruins,Chicago Blackhawks,4,3,OT
2025-10-09,Buffalo Sabres,New York Rangers,New York Rangers,Buffalo Sabres,4,0,REG
2025-10-09,Detroit Red Wings,Montreal Canadiens,Montreal Canadiens,Detroit Red Wings,5,1,REG
2025-10-09,Tampa Bay Lightning,Ottawa Senators,Ottawa Senators,Tampa Bay Lightning,5,4,REG
2025-10-09,Florida Panthers,Philadelphia Flyers,Florida Panthers,Philadelphia Flyers,2,1,REG
2025-10-09,Pittsburgh Penguins,New York Islanders,Pittsburgh Penguins,New York Islanders,4,3,REG
2025-10-09,Carolina Hurricanes,New Jersey Devils,Carolina Hurricanes,New Jersey Devils,6,3,REG
2025-10-10,St. Louis Blues,Minnesota Wild,Minnesota Wild,St. Louis Blues,4,0,REG
2025-10-10,Nashville Predators,Columbus Blue Jackets,Nashville Predators,Columbus Blue Jackets,2,1,REG
2025-10-10,Winnipeg Jets,Dallas Stars,Dallas Stars,Winnipeg Jets,5,4,REG
2025-10-10,Vancouver Canucks,Calgary Flames,Vancouver Canucks,Calgary Flames,5,1,REG
2025-10-10,San Jose Sharks,Vegas Golden Knights,Vegas Golden Knights,San Jose Sharks,4,3,OT
2025-10-10,Seattle Kraken,Anaheim Ducks,Seattle Kraken,Anaheim Ducks,3,1,REG
2025-10-11,Winnipeg Jets,Los Angeles Kings,Winnipeg Jets,Los Angeles Kings,3,2,REG
2025-10-11,Calgary Flames,St. Louis Blues,St. Louis Blues,Calgary Flames,4,2,REG
2025-10-11,Boston Bruins,Buffalo Sabres,Boston Bruins,Buffalo Sabres,3,1,REG
2025-10-11,Detroit Red Wings,Toronto Maple Leafs,Detroit Red Wings,Toronto Maple Leafs,6,3,REG
2025-10-11,Tampa Bay Lightning,New Jersey Devils,New Jersey Devils,Tampa Bay Lightning,5,3,REG
2025-10-11,Florida Panthers,Ottawa Senators,Florida Panthers,Ottawa Senators,6,2,REG
2025-10-11,New York Islanders,Washington Capitals,Washington Capitals,New York Islanders,4,2,REG
2025-10-11,Pittsburgh Penguins,New York Rangers,New York Rangers,Pittsburgh Penguins,5,1,REG
2025-10-11,Carolina Hurricanes,Philadelphia Flyers,Carolina Hurricanes,Philadelphia Flyers,4,3,OT
2025-10-11,Chicago Blackhawks,Montreal Canadiens,Montreal Canadiens,Chicago Blackhawks,3,2,REG
2025-10-12,Minnesota Wild,Columbus Blue Jackets,Columbus Blue Jackets,Minnesota Wild,7,4,REG
2025-10-12,Colorado Avalanche,Dallas Stars,Dallas Stars,Colorado Avalanche,5,4,SO
2025-10-12,Edmonton Oilers,Vancouver Canucks,Edmonton Oilers,Vancouver Canucks,3,1,REG
2025-10-12,San Jose Sharks,Anaheim Ducks,Anaheim Ducks,San Jose Sharks,7,6,OT
2025-10-12,Seattle Kraken,Vegas Golden Knights,Seattle Kraken,Vegas Golden Knights,2,1,OT
2025-10-13,Buffalo Sabres,Colorado Avalanche,Colorado Avalanche,Buffalo Sabres,3,1,REG
2025-10-13,Boston Bruins,Tampa Bay Lightning,Tampa Bay Lightning,Boston Bruins,4,3,REG
2025-10-13,Ottawa Senators,Nashville Predators,Nashville Predators,Ottawa Senators,4,1,REG
2025-10-13,New York Islanders,Winnipeg Jets,Winnipeg Jets,New York Islanders,5,2,REG
2025-10-13,Toronto Maple Leafs,Detroit Red Wings,Detroit Red Wings,Toronto Maple Leafs,3,2,REG
2025-10-13,Philadelphia Flyers,Florida Panthers,Philadelphia Flyers,Florida Panthers,5,2,REG
2025-10-13,Columbus Blue Jackets,New Jersey Devils,New Jersey Devils,Columbus Blue Jackets,3,2,REG
2025-10-13,Vancouver Canucks,St. Louis Blues,St. Louis Blues,Vancouver Canucks,5,2,REG
2025-10-14,Minnesota Wild,Los Angeles Kings,Minnesota Wild,Los Angeles Kings,4,3,SO
2025-10-14,Toronto Maple Leafs,Nashville Predators,Toronto Maple Leafs,Nashville Predators,7,4,REG
2025-10-14,Montreal Canadiens,Seattle Kraken,Montreal Canadiens,Seattle Kraken,5,4,OT
2025-10-14,New York Rangers,Edmonton Oilers,Edmonton Oilers,New York Rangers,2,0,REG
2025-10-14,Washington Capitals,Tampa Bay Lightning,Washington Capitals,Tampa Bay Lightning,3,2,OT
2025-10-15,Calgary Flames,Vegas Golden Knights,Vegas Golden Knights,Calgary Flames,4,2,REG
2025-10-15,Dallas Stars,Minnesota Wild,Dallas Stars,Minnesota Wild,5,2,REG
2025-10-15,San Jose Sharks,Carolina Hurricanes,Carolina Hurricanes,San Jose Sharks,5,1,REG
2025-10-15,Anaheim Ducks,Pittsburgh Penguins,Anaheim Ducks,Pittsburgh Penguins,4,3,REG
2025-10-15,Buffalo Sabres,Ottawa Senators,Buffalo Sabres,Ottawa Senators,8,4,REG
2025-10-15,Detroit Red Wings,Florida Panthers,Detroit Red Wings,Florida Panthers,4,1,REG
2025-10-16,St. Louis Blues,Chicago Blackhawks,Chicago Blackhawks,St. Louis Blues,7,3,REG
2025-10-16,Toronto Maple Leafs,New York Rangers,Toronto Maple Leafs,New York Rangers,2,1,OT
2025-10-16,Montreal Canadiens,Nashville Predators,Montreal Canadiens,Nashville Predators,3,2,OT
2025-10-16,Ottawa Senators,Seattle Kraken,Ottawa Senators,Seattle Kraken,4,3,SO
2025-10-16,New Jersey Devils,Florida Panthers,New Jersey Devils,Florida Panthers,3,1,REG
2025-10-16,Philadelphia Flyers,Winnipeg Jets,Winnipeg Jets,Philadelphia Flyers,5,2,REG
2025-10-16,Columbus Blue Jackets,Colorado Avalanche,Colorado Avalanche,Columbus Blue Jackets,4,1,REG
2025-10-16,New York Islanders,Edmonton Oilers,New York Islanders,Edmonton Oilers,4,2,REG
2025-10-17,Dallas Stars,Vancouver Canucks,Vancouver Canucks,Dallas Stars,5,3,REG
2025-10-17,Vegas Golden Knights,Boston Bruins,Vegas Golden Knights,Boston Bruins,6,5,REG
2025-10-17,Anaheim Ducks,Carolina Hurricanes,Carolina Hurricanes,Anaheim Ducks,4,1,REG
2025-10-17,Los Angeles Kings,Pittsburgh Penguins,Pittsburgh Penguins,Los Angeles Kings,4,2,REG
2025-10-17,Detroit Red Wings,Tampa Bay Lightning,Detroit Red Wings,Tampa Bay Lightning,2,1,OT
2025-10-17,Washington Capitals,Minnesota Wild,Washington Capitals,Minnesota Wild,5,1,REG
2025-10-18,Chicago Blackhawks,Vancouver Canucks,Vancouver Canucks,Chicago Blackhawks,3,2,SO
2025-10-18,Buffalo Sabres,Florida Panthers,Buffalo Sabres,Florida Panthers,3,0,REG
2025-10-18,Ottawa Senators,New York Islanders,New York Islanders,Ottawa Senators,5,4,REG
2025-10-18,New Jersey Devils,Edmonton Oilers,New Jersey Devils,Edmonton Oilers,5,3,REG
2025-10-18,Toronto Maple Leafs,Seattle Kraken,Seattle Kraken,Toronto Maple Leafs,4,3,OT
2025-10-18,Montreal Canadiens,New York Rangers,New York Rangers,Montreal Canadiens,4,3,REG
2025-10-18,Philadelphia Flyers,Minnesota Wild,Philadelphia Flyers,Minnesota Wild,2,1,OT
2025-10-18,Columbus Blue Jackets,Tampa Bay Lightning,Columbus Blue Jackets,Tampa Bay Lightning,3,2,REG
2025-10-18,St. Louis Blues,Dallas Stars,St. Louis Blues,Dallas Stars,3,1,REG
2025-10-18,Winnipeg Jets,Nashville Predators,Winnipeg Jets,Nashville Predators,4,1,REG
2025-10-19,Colorado Avalanche,Boston Bruins,Colorado Avalanche,Boston Bruins,4,1,REG
2025-10-19,Los Angeles Kings,Carolina Hurricanes,Carolina Hurricanes,Los Angeles Kings,4,3,OT
2025-10-19,Vegas Golden Knights,Calgary Flames,Vegas Golden Knights,Calgary Flames,5,1,REG
2025-10-19,San Jose Sharks,Pittsburgh Penguins,Pittsburgh Penguins,San Jose Sharks,3,0,REG
2025-10-19,Washington Capitals,Vancouver Canucks,Vancouver Canucks,Washington Capitals,4,3,REG
2025-10-19,Detroit Red Wings,Edmonton Oilers,Detroit Red Wings,Edmonton Oilers,4,2,REG
2025-10-19,Chicago Blackhawks,Anaheim Ducks,Chicago Blackhawks,Anaheim Ducks,2,1,OT
2025-10-20,New York Rangers,Minnesota Wild,Minnesota Wild,New York Rangers,3,1,REG
2025-10-20,Philadelphia Flyers,Seattle Kraken,Philadelphia Flyers,Seattle Kraken,5,2,REG
2025-10-20,Montreal Canadiens,Buffalo Sabres,Montreal Canadiens,Buffalo Sabres,4,2,REG
2025-10-21,Calgary Flames,Winnipeg Jets,Winnipeg Jets,Calgary Flames,2,1,REG
2025-10-21,Vegas Golden Knights,Carolina Hurricanes,Vegas Golden Knights,Carolina Hurricanes,4,1,REG
2025-10-21,Toronto Maple Leafs,New Jersey Devils,New Jersey Devils,Toronto Maple Leafs,5,2,REG
2025-10-21,Ottawa Senators,Edmonton Oilers,Edmonton Oilers,Ottawa Senators,3,2,OT
2025-10-21,New York Islanders,San Jose Sharks,New York Islanders,San Jose Sharks,4,3,REG
2025-10-21,Pittsburgh Penguins,Vancouver Canucks,Pittsburgh Penguins,Vancouver Canucks,5,1,REG
2025-10-21,Washington Capitals,Seattle Kraken,Washington Capitals,Seattle Kraken,4,1,REG
2025-10-21,Boston Bruins,Florida Panthers,Florida Panthers,Boston Bruins,4,3,REG
2025-10-22,St. Louis Blues,Los Angeles Kings,Los Angeles Kings,St. Louis Blues,2,1,OT
2025-10-22,Nashville Predators,Anaheim Ducks,Anaheim Ducks,Nashville Predators,5,2,REG
2025-10-22,Dallas Stars,Columbus Blue Jackets,Columbus Blue Jackets,Dallas Stars,5,1,REG
2025-10-22,New Jersey Devils,Minnesota Wild,New Jersey Devils,Minnesota Wild,4,1,REG
2025-10-22,Buffalo Sabres,Detroit Red Wings,Buffalo Sabres,Detroit Red Wings,4,2,REG
2025-10-23,Calgary Flames,Montreal Canadiens,Montreal Canadiens,Calgary Flames,2,1,OT
2025-10-23,Tampa Bay Lightning,Chicago Blackhawks,Chicago Blackhawks,Tampa Bay Lightning,3,2,REG
2025-10-23,Boston Bruins,Anaheim Ducks,Anaheim Ducks,Boston Bruins,7,5,REG
2025-10-23,Ottawa Senators,Philadelphia Flyers,Ottawa Senators,Philadelphia Flyers,2,1,REG
2025-10-23,Florida Panthers,Pittsburgh Penguins,Pittsburgh Penguins,Florida Panthers,5,3,REG
2025-10-23,New York Islanders,Detroit Red Wings,New York Islanders,Detroit Red Wings,6,2,REG
2025-10-23,New York Rangers,San Jose Sharks,San Jose Sharks,New York Rangers,6,5,OT
2025-10-24,Nashville Predators,Vancouver Canucks,Nashville Predators,Vancouver Canucks,2,1,REG
2025-10-24,Winnipeg Jets,Seattle Kraken,Seattle Kraken,Winnipeg Jets,3,0,REG
2025-10-24,Dallas Stars,Los Angeles Kings,Los Angeles Kings,Dallas Stars,3,2,OT
2025-10-24,Colorado Avalanche,Carolina Hurricanes,Carolina Hurricanes,Colorado Avalanche,5,4,SO
2025-10-24,Edmonton Oilers,Montreal Canadiens,Edmonton Oilers,Montreal Canadiens,6,5,REG
2025-10-24,Buffalo Sabres,Toronto Maple Leafs,Buffalo Sabres,Toronto Maple Leafs,5,3,REG
2025-10-24,New Jersey Devils,San Jose Sharks,New Jersey Devils,San Jose Sharks,3,1,REG
2025-10-24,Columbus Blue Jackets,Washington Capitals,Washington Capitals,Columbus Blue Jackets,5,1,REG
2025-10-25,Winnipeg Jets,Calgary Flames,Winnipeg Jets,Calgary Flames,5,3,REG
2025-10-25,Philadelphia Flyers,New York Islanders,Philadelphia Flyers,New York Islanders,4,3,SO
2025-10-25,Boston Bruins,Colorado Avalanche,Boston Bruins,Colorado Avalanche,3,2,REG
2025-10-25,Tampa Bay Lightning,Anaheim Ducks,Tampa Bay Lightning,Anaheim Ducks,4,3,REG
2025-10-25,Toronto Maple Leafs,Buffalo Sabres,Toronto Maple Leafs,Buffalo Sabres,4,3,OT
2025-10-25,Florida Panthers,Vegas Golden Knights,Florida Panthers,Vegas Golden Knights,3,0,REG
2025-10-25,Detroit Red Wings,St. Louis Blues,Detroit Red Wings,St. Louis Blues,6,4,REG
2025-10-25,Pittsburgh Penguins,Columbus Blue Jackets,Columbus Blue Jackets,Pittsburgh Penguins,5,4,SO
2025-10-25,Washington Capitals,Ottawa Senators,Ottawa Senators,Washington Capitals,5,1,REG
2025-10-25,Vancouver Canucks,Montreal Canadiens,Montreal Canadiens,Vancouver Canucks,4,3,REG
2025-10-26,Nashville Predators,Los Angeles Kings,Nashville Predators,Los Angeles Kings,5,4,SO
2025-10-26,Dallas Stars,Carolina Hurricanes,Dallas Stars,Carolina Hurricanes,3,2,REG
2025-10-26,Seattle Kraken,Edmonton Oilers,Seattle Kraken,Edmonton Oilers,3,2,REG
2025-10-26,New Jersey Devils,Colorado Avalanche,New Jersey Devils,Colorado Avalanche,4,3,OT
2025-10-26,Tampa Bay Lightning,Vegas Golden Knights,Tampa Bay Lightning,Vegas Golden Knights,2,1,OT
2025-10-26,Minnesota Wild,San Jose Sharks,San Jose Sharks,Minnesota Wild,6,5,OT
2025-10-26,Chicago Blackhawks,Los Angeles Kings,Los Angeles Kings,Chicago Blackhawks,3,1,REG
2025-10-26,Nashville Predators,Dallas Stars,Dallas Stars,Nashville Predators,3,2,REG
2025-10-27,Calgary Flames,New York Rangers,Calgary Flames,New York Rangers,5,1,REG
2025-10-27,Vancouver Canucks,Edmonton Oilers,Vancouver Canucks,Edmonton Oilers,4,3,OT
2025-10-27,Pittsburgh Penguins,St. Louis Blues,Pittsburgh Penguins,St. Louis Blues,6,3,REG
2025-10-27,Ottawa Senators,Boston Bruins,Ottawa Senators,Boston Bruins,6,2,REG
2025-10-28,Philadelphia Flyers,Pittsburgh Penguins,Philadelphia Flyers,Pittsburgh Penguins,3,2,SO
2025-10-28,Toronto Maple Leafs,Calgary Flames,Toronto Maple Leafs,Calgary Flames,4,3,REG
2025-10-28,Carolina Hurricanes,Vegas Golden Knights,Vegas Golden Knights,Carolina Hurricanes,6,3,REG
2025-10-28,Buffalo Sabres,Columbus Blue Jackets,Columbus Blue Jackets,Buffalo Sabres,4,3,OT
2025-10-28,Florida Panthers,Anaheim Ducks,Anaheim Ducks,Florida Panthers,3,2,SO
2025-10-28,Boston Bruins,New York Islanders,Boston Bruins,New York Islanders,5,2,REG
2025-10-28,Nashville Predators,Tampa Bay Lightning,Tampa Bay Lightning,Nashville Predators,5,2,REG
2025-10-29,Minnesota Wild,Winnipeg Jets,Winnipeg Jets,Minnesota Wild,4,3,OT
2025-10-29,St. Louis Blues,Detroit Red Wings,Detroit Red Wings,St. Louis Blues,5,2,REG
2025-10-29,Chicago Blackhawks,Ottawa Senators,Chicago Blackhawks,Ottawa Senators,7,3,REG
2025-10-29,Colorado Avalanche,New Jersey Devils,Colorado Avalanche,New Jersey Devils,8,4,REG
2025-10-29,Vancouver Canucks,New York Rangers,New York Rangers,Vancouver Canucks,2,0,REG
2025-10-29,Seattle Kraken,Montreal Canadiens,Montreal Canadiens,Seattle Kraken,4,3,OT
2025-10-29,San Jose Sharks,Los Angeles Kings,Los Angeles Kings,San Jose Sharks,4,3,REG
2025-10-29,Columbus Blue Jackets,Toronto Maple Leafs,Columbus Blue Jackets,Toronto Maple Leafs,6,3,REG
2025-10-30,Boston Bruins,Buffalo Sabres,Boston Bruins,Buffalo Sabres,4,3,OT
2025-10-30,Ottawa Senators,Calgary Flames,Ottawa Senators,Calgary Flames,4,3,SO
2025-10-30,Tampa Bay Lightning,Dallas Stars,Tampa Bay Lightning,Dallas Stars,2,1,OT
2025-10-30,Philadelphia Flyers,Nashville Predators,Philadelphia Flyers,Nashville Predators,4,1,REG
2025-10-30,Carolina Hurricanes,New York Islanders,Carolina Hurricanes,New York Islanders,6,2,REG
2025-10-31,St. Louis Blues,Vancouver Canucks,Vancouver Canucks,St. Louis Blues,4,3,SO
2025-10-31,Minnesota Wild,Pittsburgh Penguins,Pittsburgh Penguins,Minnesota Wild,4,1,REG
2025-10-31,Winnipeg Jets,Chicago Blackhawks,Winnipeg Jets,Chicago Blackhawks,6,3,REG
2025-10-31,Edmonton Oilers,New York Rangers,New York Rangers,Edmonton Oilers,4,3,OT
2025-10-31,San Jose Sharks,New Jersey Devils,San Jose Sharks,New Jersey Devils,5,2,REG
2025-10-31,Los Angeles Kings,Detroit Red Wings,Detroit Red Wings,Los Angeles Kings,4,3,SO
2025-10-31,Vegas Golden Knights,Colorado Avalanche,Colorado Avalanche,Vegas Golden Knights,4,2,REG
2025-10-31,Washington Capitals,New York Islanders,New York Islanders,Washington Capitals,3,1,REG
2025-11-01,Anaheim Ducks,Detroit Red Wings,Anaheim Ducks,Detroit Red Wings,5,2,REG
2025-11-01,Boston Bruins,Carolina Hurricanes,Boston Bruins,Carolina Hurricanes,2,1,REG
2025-11-01,Winnipeg Jets,Pittsburgh Penguins,Winnipeg Jets,Pittsburgh Penguins,5,2,REG
2025-11-01,Nashville Predators,Calgary Flames,Nashville Predators,Calgary Flames,4,2,REG
2025-11-01,San Jose Sharks,Colorado Avalanche,San Jose Sharks,Colorado Avalanche,3,2,OT
2025-11-01,Florida Panthers,Dallas Stars,Florida Panthers,Dallas Stars,4,3,SO
2025-11-01,Buffalo Sabres,Washington Capitals,Buffalo Sabres,Washington Capitals,4,3,SO
2025-11-01,Montreal Canadiens,Ottawa Senators,Montreal Canadiens,Ottawa Senators,4,3,OT
2025-11-01,Philadelphia Flyers,Toronto Maple Leafs,Toronto Maple Leafs,Philadelphia Flyers,5,2,REG
2025-11-01,Columbus Blue Jackets,St. Louis Blues,Columbus Blue Jackets,St. Louis Blues,3,2,REG
2025-11-01,Minnesota Wild,Vancouver Canucks,Minnesota Wild,Vancouver Canucks,5,2,REG
2025-11-02,Los Angeles Kings,New Jersey Devils,New Jersey Devils,Los Angeles Kings,4,1,REG
2025-11-02,Edmonton Oilers,Chicago Blackhawks,Edmonton Oilers,Chicago Blackhawks,3,2,OT
2025-11-02,Seattle Kraken,New York Rangers,New York Rangers,Seattle Kraken,3,2,OT
2025-11-02,New York Islanders,Columbus Blue Jackets,New York Islanders,Columbus Blue Jackets,3,2,REG
2025-11-03,Philadelphia Flyers,Calgary Flames,Calgary Flames,Philadelphia Flyers,2,1,REG
2025-11-03,Anaheim Ducks,New Jersey Devils,Anaheim Ducks,New Jersey Devils,4,1,REG
2025-11-03,San Jose Sharks,Detroit Red Wings,Detroit Red Wings,San Jose Sharks,3,2,SO
2025-11-04,Toronto Maple Leafs,Pittsburgh Penguins,Toronto Maple Leafs,Pittsburgh Penguins,4,3,REG
2025-11-04,St. Louis Blues,Edmonton Oilers,St. Louis Blues,Edmonton Oilers,3,2,REG
2025-11-04,Nashville Predators,Vancouver Canucks,Vancouver Canucks,Nashville Predators,5,4,OT
2025-11-04,Seattle Kraken,Chicago Blackhawks,Seattle Kraken,Chicago Blackhawks,3,1,REG
2025-11-05,Montreal Canadiens,Philadelphia Flyers,Philadelphia Flyers,Montreal Canadiens,5,4,SO
2025-11-05,New York Islanders,Boston Bruins,Boston Bruins,New York Islanders,4,3,SO
2025-11-05,New York Rangers,Carolina Hurricanes,Carolina Hurricanes,New York Rangers,3,0,REG
2025-11-05,Dallas Stars,Edmonton Oilers,Dallas Stars,Edmonton Oilers,4,3,SO
2025-11-05,Minnesota Wild,Nashville Predators,Minnesota Wild,Nashville Predators,3,2,OT
2025-11-05,Colorado Avalanche,Tampa Bay Lightning,Colorado Avalanche,Tampa Bay Lightning,3,2,REG
2025-11-05,Anaheim Ducks,Florida Panthers,Anaheim Ducks,Florida Panthers,7,3,REG
2025-11-05,Los Angeles Kings,Winnipeg Jets,Los Angeles Kings,Winnipeg Jets,3,0,REG
2025-11-06,Washington Capitals,St. Louis Blues,Washington Capitals,St. Louis Blues,5,1,REG
2025-11-06,Calgary Flames,Columbus Blue Jackets,Calgary Flames,Columbus Blue Jackets,5,1,REG
2025-11-06,Vancouver Canucks,Chicago Blackhawks,Chicago Blackhawks,Vancouver Canucks,5,2,REG
2025-11-06,Seattle Kraken,San Jose Sharks,San Jose Sharks,Seattle Kraken,5,1,REG
2025-11-07,Boston Bruins,Ottawa Senators,Boston Bruins,Ottawa Senators,3,2,OT
2025-11-07,Buffalo Sabres,St. Louis Blues,St. Louis Blues,Buffalo Sabres,3,0,REG
2025-11-07,New Jersey Devils,Montreal Canadiens,New Jersey Devils,Montreal Canadiens,4,3,OT
2025-11-07,Carolina Hurricanes,Minnesota Wild,Carolina Hurricanes,Minnesota Wild,4,3,REG
2025-11-07,Pittsburgh Penguins,Washington Capitals,Pittsburgh Penguins,Washington Capitals,5,3,REG
2025-11-07,Nashville Predators,Philadelphia Flyers,Philadelphia Flyers,Nashville Predators,3,1,REG
2025-11-07,Dallas Stars,Anaheim Ducks,Anaheim Ducks,Dallas Stars,7,5,REG
2025-11-07,Vegas Golden Knights,Tampa Bay Lightning,Tampa Bay Lightning,Vegas Golden Knights,6,3,REG
2025-11-07,Los Angeles Kings,Florida Panthers,Florida Panthers,Los Angeles Kings,5,2,REG
2025-11-08,Detroit Red Wings,New York Rangers,New York Rangers,Detroit Red Wings,4,1,REG
2025-11-08,New York Islanders,Minnesota Wild,Minnesota Wild,New York Islanders,5,2,REG
2025-11-08,Calgary Flames,Chicago Blackhawks,Chicago Blackhawks,Calgary Flames,4,0,REG
2025-11-08,San Jose Sharks,Winnipeg Jets,San Jose Sharks,Winnipeg Jets,2,1,REG
2025-11-08,New Jersey Devils,Pittsburgh Penguins,New Jersey Devils,Pittsburgh Penguins,2,1,SO
2025-11-08,Philadelphia Flyers,Ottawa Senators,Ottawa Senators,Philadelphia Flyers,3,2,OT
2025-11-08,Nashville Predators,Dallas Stars,Dallas Stars,Nashville Predators,5,4,REG
2025-11-09,Toronto Maple Leafs,Boston Bruins,Boston Bruins,Toronto Maple Leafs,5,3,REG
2025-11-09,Tampa Bay Lightning,Washington Capitals,Tampa Bay Lightning,Washington Capitals,3,2,REG
2025-11-09,New York Rangers,New York Islanders,New York Islanders,New York Rangers,4,0,REG
2025-11-09,Carolina Hurricanes,Buffalo Sabres,Carolina Hurricanes,Buffalo Sabres,6,3,REG
2025-11-09,St. Louis Blues,Seattle Kraken,Seattle Kraken,St. Louis Blues,4,3,OT
2025-11-09,Edmonton Oilers,Colorado Avalanche,Colorado Avalanche,Edmonton Oilers,5,1,REG
2025-11-09,Vancouver Canucks,Columbus Blue Jackets,Vancouver Canucks,Columbus Blue Jackets,4,3,REG
2025-11-09,Vegas Golden Knights,Anaheim Ducks,Anaheim Ducks,Vegas Golden Knights,4,3,OT
2025-11-09,San Jose Sharks,Florida Panthers,San Jose Sharks,Florida Panthers,3,1,REG
2025-11-09,Detroit Red Wings,Chicago Blackhawks,Chicago Blackhawks,Detroit Red Wings,5,1,REG
2025-11-09,Pittsburgh Penguins,Los Angeles Kings,Los Angeles Kings,Pittsburgh Penguins,3,2,REG
2025-11-10,Toronto Maple Leafs,Carolina Hurricanes,Carolina Hurricanes,Toronto Maple Leafs,5,4,REG
2025-11-10,Dallas Stars,Seattle Kraken,Dallas Stars,Seattle Kraken,2,1,REG
2025-11-10,Minnesota Wild,Calgary Flames,Minnesota Wild,Calgary Flames,2,0,REG
2025-11-10,Vancouver Canucks,Colorado Avalanche,Colorado Avalanche,Vancouver Canucks,5,4,OT
2025-11-10,Anaheim Ducks,Winnipeg Jets,Anaheim Ducks,Winnipeg Jets,4,1,REG
2025-11-11,New Jersey Devils,New York Islanders,New York Islanders,New Jersey Devils,3,2,OT
2025-11-11,New York Rangers,Nashville Predators,New York Rangers,Nashville Predators,6,3,REG
2025-11-11,Edmonton Oilers,Columbus Blue Jackets,Edmonton Oilers,Columbus Blue Jackets,5,4,OT
2025-11-11,Vegas Golden Knights,Florida Panthers,Florida Panthers,Vegas Golden Knights,3,2,REG
2025-11-12,Boston Bruins,Toronto Maple Leafs,Boston Bruins,Toronto Maple Leafs,5,3,REG
2025-11-12,Montreal Canadiens,Los Angeles Kings,Los Angeles Kings,Montreal Canadiens,5,1,REG
2025-11-12,Ottawa Senators,Dallas Stars,Dallas Stars,Ottawa Senators,3,2,OT
2025-11-12,Carolina Hurricanes,Washington Capitals,Washington Capitals,Carolina Hurricanes,4,1,REG
2025-11-12,St. Louis Blues,Calgary Flames,St. Louis Blues,Calgary Flames,3,2,REG
2025-11-12,Minnesota Wild,San Jose Sharks,San Jose Sharks,Minnesota Wild,2,1,OT
2025-11-12,Colorado Avalanche,Anaheim Ducks,Colorado Avalanche,Anaheim Ducks,4,1,REG
2025-11-12,Vancouver Canucks,Winnipeg Jets,Winnipeg Jets,Vancouver Canucks,5,3,REG
2025-11-12,Seattle Kraken,Columbus Blue Jackets,Columbus Blue Jackets,Seattle Kraken,2,1,SO
2025-11-13,Tampa Bay Lightning,New York Rangers,New York Rangers,Tampa Bay Lightning,7,3,REG
2025-11-13,Philadelphia Flyers,Edmonton Oilers,Edmonton Oilers,Philadelphia Flyers,2,1,OT
2025-11-13,Chicago Blackhawks,New Jersey Devils,New Jersey Devils,Chicago Blackhawks,4,3,OT
2025-11-14,Toronto Maple Leafs,Los Angeles Kings,Los Angeles Kings,Toronto Maple Leafs,4,3,OT
2025-11-14,Montreal Canadiens,Dallas Stars,Dallas Stars,Montreal Canadiens,4,0,REG
2025-11-14,Ottawa Senators,Boston Bruins,Ottawa Senators,Boston Bruins,5,3,REG
2025-11-14,Detroit Red Wings,Anaheim Ducks,Detroit Red Wings,Anaheim Ducks,6,3,REG
2025-11-14,Florida Panthers,Washington Capitals,Florida Panthers,Washington Capitals,6,3,REG
2025-11-14,Columbus Blue Jackets,Edmonton Oilers,Columbus Blue Jackets,Edmonton Oilers,5,4,REG
2025-11-14,Colorado Avalanche,Buffalo Sabres,Colorado Avalanche,Buffalo Sabres,6,3,REG
2025-11-14,Calgary Flames,San Jose Sharks,Calgary Flames,San Jose Sharks,2,0,REG
2025-11-14,Vegas Golden Knights,New York Islanders,New York Islanders,Vegas Golden Knights,4,3,OT
2025-11-14,Seattle Kraken,Winnipeg Jets,Seattle Kraken,Winnipeg Jets,5,3,REG
2025-11-14,Nashville Predators,Pittsburgh Penguins,Nashville Predators,Pittsburgh Penguins,2,1,OT
2025-11-15,Carolina Hurricanes,Vancouver Canucks,Carolina Hurricanes,Vancouver Canucks,4,3,OT
2025-11-15,St. Louis Blues,Philadelphia Flyers,Philadelphia Flyers,St. Louis Blues,6,5,SO
2025-11-15,Florida Panthers,Tampa Bay Lightning,Tampa Bay Lightning,Florida Panthers,3,1,REG
2025-11-15,Minnesota Wild,Anaheim Ducks,Minnesota Wild,Anaheim Ducks,2,0,REG
2025-11-16,Montreal Canadiens,Boston Bruins,Boston Bruins,Montreal Canadiens,3,2,REG
2025-11-16,Detroit Red Wings,Buffalo Sabres,Buffalo Sabres,Detroit Red Wings,5,4,OT
2025-11-16,Washington Capitals,New Jersey Devils,New Jersey Devils,Washington Capitals,3,2,SO
2025-11-16,Carolina Hurricanes,Edmonton Oilers,Edmonton Oilers,Carolina Hurricanes,4,3,OT
2025-11-16,Columbus Blue Jackets,New York Rangers,New York Rangers,Columbus Blue Jackets,2,1,SO
2025-11-16,Chicago Blackhawks,Toronto Maple Leafs,Chicago Blackhawks,Toronto Maple Leafs,3,2,REG
2025-11-16,St. Louis Blues,Vegas Golden Knights,Vegas Golden Knights,St. Louis Blues,4,1,REG
2025-11-16,Dallas Stars,Philadelphia Flyers,Dallas Stars,Philadelphia Flyers,5,1,REG
2025-11-16,Calgary Flames,Winnipeg Jets,Winnipeg Jets,Calgary Flames,4,3,SO
2025-11-16,Seattle Kraken,San Jose Sharks,Seattle Kraken,San Jose Sharks,4,1,REG
2025-11-16,Pittsburgh Penguins,Nashville Predators,Pittsburgh Penguins,Nashville Predators,4,0,REG
2025-11-16,Tampa Bay Lightning,Vancouver Canucks,Vancouver Canucks,Tampa Bay Lightning,6,2,REG
2025-11-16,Minnesota Wild,Vegas Golden Knights,Minnesota Wild,Vegas Golden Knights,3,2,OT
2025-11-17,New York Rangers,Detroit Red Wings,Detroit Red Wings,New York Rangers,2,1,REG
2025-11-17,Colorado Avalanche,New York Islanders,Colorado Avalanche,New York Islanders,4,1,REG
2025-11-18,Boston Bruins,Carolina Hurricanes,Carolina Hurricanes,Boston Bruins,3,1,REG
2025-11-18,Buffalo Sabres,Edmonton Oilers,Buffalo Sabres,Edmonton Oilers,5,1,REG
2025-11-18,Florida Panthers,Vancouver Canucks,Florida Panthers,Vancouver Canucks,8,5,REG
2025-11-18,Washington Capitals,Los Angeles Kings,Washington Capitals,Los Angeles Kings,2,1,REG
2025-11-18,Columbus Blue Jackets,Montreal Canadiens,Columbus Blue Jackets,Montreal Canadiens,4,3,SO
2025-11-19,Toronto Maple Leafs,St. Louis Blues,Toronto Maple Leafs,St. Louis Blues,3,2,OT
2025-11-19,Detroit Red Wings,Seattle Kraken,Detroit Red Wings,Seattle Kraken,4,2,REG
2025-11-19,Tampa Bay Lightning,New Jersey Devils,Tampa Bay Lightning,New Jersey Devils,5,1,REG
2025-11-19,Dallas Stars,New York Islanders,New York Islanders,Dallas Stars,3,2,REG
2025-11-19,Winnipeg Jets,Columbus Blue Jackets,Winnipeg Jets,Columbus Blue Jackets,5,2,REG
2025-11-19,Chicago Blackhawks,Calgary Flames,Chicago Blackhawks,Calgary Flames,5,2,REG
2025-11-19,Vegas Golden Knights,New York Rangers,Vegas Golden Knights,New York Rangers,3,2,REG
2025-11-20,Washington Capitals,Edmonton Oilers,Washington Capitals,Edmonton Oilers,7,4,REG
2025-11-20,Buffalo Sabres,Calgary Flames,Calgary Flames,Buffalo Sabres,6,2,REG
2025-11-20,Minnesota Wild,Carolina Hurricanes,Minnesota Wild,Carolina Hurricanes,4,3,SO
2025-11-20,Anaheim Ducks,Boston Bruins,Anaheim Ducks,Boston Bruins,4,3,REG
2025-11-21,Toronto Maple Leafs,Columbus Blue Jackets,Columbus Blue Jackets,Toronto Maple Leafs,3,2,OT
2025-11-21,Montreal Canadiens,Washington Capitals,Washington Capitals,Montreal Canadiens,8,4,REG
2025-11-21,Detroit Red Wings,New York Islanders,New York Islanders,Detroit Red Wings,4,0,REG
2025-11-21,Philadelphia Flyers,St. Louis Blues,Philadelphia Flyers,St. Louis Blues,3,2,OT
2025-11-21,Tampa Bay Lightning,Edmonton Oilers,Tampa Bay Lightning,Edmonton Oilers,2,1,OT
2025-11-21,Chicago Blackhawks,Seattle Kraken,Seattle Kraken,Chicago Blackhawks,3,2,REG
2025-11-21,Colorado Avalanche,New York Rangers,Colorado Avalanche,New York Rangers,6,3,REG
2025-11-21,Vancouver Canucks,Dallas Stars,Dallas Stars,Vancouver Canucks,4,2,REG
2025-11-21,Anaheim Ducks,Ottawa Senators,Ottawa Senators,Anaheim Ducks,3,2,REG
2025-11-21,San Jose Sharks,Los Angeles Kings,San Jose Sharks,Los Angeles Kings,4,3,SO
2025-11-22,Buffalo Sabres,Chicago Blackhawks,Buffalo Sabres,Chicago Blackhawks,7,3,REG
2025-11-22,Pittsburgh Penguins,Minnesota Wild,Minnesota Wild,Pittsburgh Penguins,4,0,REG
2025-11-22,Winnipeg Jets,Carolina Hurricanes,Carolina Hurricanes,Winnipeg Jets,4,3,REG
2025-11-22,Los Angeles Kings,Boston Bruins,Boston Bruins,Los Angeles Kings,2,1,OT
2025-11-22,Detroit Red Wings,Columbus Blue Jackets,Detroit Red Wings,Columbus Blue Jackets,4,3,OT
2025-11-22,New York Islanders,St. Louis Blues,St. Louis Blues,New York Islanders,2,1,REG
2025-11-23,Montreal Canadiens,Toronto Maple Leafs,Montreal Canadiens,Toronto Maple Leafs,5,2,REG
2025-11-23,Florida Panthers,Edmonton Oilers,Edmonton Oilers,Florida Panthers,6,3,REG
2025-11-23,Philadelphia Flyers,New Jersey Devils,Philadelphia Flyers,New Jersey Devils,6,3,REG
2025-11-23,Pittsburgh Penguins,Seattle Kraken,Seattle Kraken,Pittsburgh Penguins,3,2,OT
2025-11-23,Washington Capitals,Tampa Bay Lightning,Tampa Bay Lightning,Washington Capitals,5,3,REG
2025-11-23,San Jose Sharks,Ottawa Senators,Ottawa Senators,San Jose Sharks,3,2,REG
2025-11-23,Nashville Predators,Colorado Avalanche,Colorado Avalanche,Nashville Predators,3,0,REG
2025-11-23,Calgary Flames,Dallas Stars,Calgary Flames,Dallas Stars,3,2,SO
2025-11-23,Anaheim Ducks,Vegas Golden Knights,Anaheim Ducks,Vegas Golden Knights,4,3,OT
2025-11-23,Buffalo Sabres,Carolina Hurricanes,Buffalo Sabres,Carolina Hurricanes,4,1,REG
2025-11-23,Winnipeg Jets,Minnesota Wild,Minnesota Wild,Winnipeg Jets,3,0,REG
2025-11-24,San Jose Sharks,Boston Bruins,San Jose Sharks,Boston Bruins,3,1,REG
2025-11-24,Vancouver Canucks,Calgary Flames,Calgary Flames,Vancouver Canucks,5,2,REG
2025-11-25,Tampa Bay Lightning,Philadelphia Flyers,Tampa Bay Lightning,Philadelphia Flyers,3,0,REG
2025-11-25,New Jersey Devils,Detroit Red Wings,New Jersey Devils,Detroit Red Wings,4,3,REG
2025-11-25,New York Rangers,St. Louis Blues,New York Rangers,St. Louis Blues,3,2,REG
2025-11-25,Washington Capitals,Columbus Blue Jackets,Washington Capitals,Columbus Blue Jackets,5,1,REG
2025-11-25,Nashville Predators,Florida Panthers,Florida Panthers,Nashville Predators,7,3,REG
2025-11-25,Los Angeles Kings,Ottawa Senators,Los Angeles Kings,Ottawa Senators,2,1,REG
2025-11-26,Edmonton Oilers,Dallas Stars,Dallas Stars,Edmonton Oilers,7,3,REG
2025-11-27,Detroit Red Wings,Nashville Predators,Nashville Predators,Detroit Red Wings,6,3,REG
2025-11-27,Tampa Bay Lightning,Calgary Flames,Tampa Bay Lightning,Calgary Flames,5,1,REG
2025-11-27,Florida Panthers,Philadelphia Flyers,Philadelphia Flyers,Florida Panthers,4,2,REG
2025-11-27,New Jersey Devils,St. Louis Blues,New Jersey Devils,St. Louis Blues,3,2,OT
2025-11-27,New York Islanders,Boston Bruins,Boston Bruins,New York Islanders,3,1,REG
2025-11-27,Pittsburgh Penguins,Buffalo Sabres,Pittsburgh Penguins,Buffalo Sabres,4,2,REG
2025-11-27,Washington Capitals,Winnipeg Jets,Washington Capitals,Winnipeg Jets,4,3,REG
2025-11-27,Carolina Hurricanes,New York Rangers,New York Rangers,Carolina Hurricanes,4,2,REG
2025-11-27,Columbus Blue Jackets,Toronto Maple Leafs,Toronto Maple Leafs,Columbus Blue Jackets,2,1,OT
2025-11-27,Chicago Blackhawks,Minnesota Wild,Minnesota Wild,Chicago Blackhawks,4,3,OT
2025-11-27,Colorado Avalanche,San Jose Sharks,Colorado Avalanche,San Jose Sharks,4,0,REG
2025-11-27,Vegas Golden Knights,Ottawa Senators,Ottawa Senators,Vegas Golden Knights,4,3,SO
2025-11-27,Anaheim Ducks,Vancouver Canucks,Vancouver Canucks,Anaheim Ducks,5,4,REG
2025-11-27,Seattle Kraken,Dallas Stars,Dallas Stars,Seattle Kraken,3,2,REG
2025-11-28,Detroit Red Wings,Tampa Bay Lightning,Tampa Bay Lightning,Detroit Red Wings,6,3,REG
2025-11-28,Boston Bruins,New York Rangers,New York Rangers,Boston Bruins,6,2,REG
2025-11-28,Minnesota Wild,Colorado Avalanche,Minnesota Wild,Colorado Avalanche,3,2,SO
2025-11-28,Buffalo Sabres,New Jersey Devils,New Jersey Devils,Buffalo Sabres,4,0,REG
2025-11-28,Florida Panthers,Calgary Flames,Calgary Flames,Florida Panthers,5,3,REG
2025-11-28,New York Islanders,Philadelphia Flyers,Philadelphia Flyers,New York Islanders,4,3,SO
2025-11-28,St. Louis Blues,Ottawa Senators,St. Louis Blues,Ottawa Senators,4,3,REG
2025-11-28,Vegas Golden Knights,Montreal Canadiens,Montreal Canadiens,Vegas Golden Knights,4,1,REG
2025-11-28,Anaheim Ducks,Los Angeles Kings,Anaheim Ducks,Los Angeles Kings,5,4,SO
2025-11-28,San Jose Sharks,Vancouver Canucks,San Jose Sharks,Vancouver Canucks,3,2,REG
2025-11-28,Washington Capitals,Toronto Maple Leafs,Washington Capitals,Toronto Maple Leafs,4,2,REG
2025-11-28,Carolina Hurricanes,Winnipeg Jets,Carolina Hurricanes,Winnipeg Jets,5,1,REG
2025-11-29,Columbus Blue Jackets,Pittsburgh Penguins,Pittsburgh Penguins,Columbus Blue Jackets,4,3,OT
2025-11-29,Chicago Blackhawks,Nashville Predators,Nashville Predators,Chicago Blackhawks,4,3,REG
2025-11-29,New York Rangers,Tampa Bay Lightning,Tampa Bay Lightning,New York Rangers,4,1,REG
2025-11-29,Colorado Avalanche,Montreal Canadiens,Colorado Avalanche,Montreal Canadiens,6,2,REG
2025-11-29,Seattle Kraken,Edmonton Oilers,Edmonton Oilers,Seattle Kraken,4,0,REG
2025-11-30,Boston Bruins,Detroit Red Wings,Boston Bruins,Detroit Red Wings,3,2,SO
2025-11-30,New Jersey Devils,Philadelphia Flyers,Philadelphia Flyers,New Jersey Devils,5,3,REG
2025-11-30,Pittsburgh Penguins,Toronto Maple Leafs,Toronto Maple Leafs,Pittsburgh Penguins,6,2,REG
2025-11-30,Nashville Predators,Winnipeg Jets,Winnipeg Jets,Nashville Predators,5,2,REG
2025-11-30,Minnesota Wild,Buffalo Sabres,Buffalo Sabres,Minnesota Wild,3,2,SO
2025-11-30,Vegas Golden Knights,San Jose Sharks,Vegas Golden Knights,San Jose Sharks,4,3,REG
2025-11-30,Los Angeles Kings,Vancouver Canucks,Los Angeles Kings,Vancouver Canucks,2,1,OT
2025-11-30,New York Islanders,Washington Capitals,Washington Capitals,New York Islanders,4,1,REG
2025-11-30,Chicago Blackhawks,Anaheim Ducks,Chicago Blackhawks,Anaheim Ducks,5,3,REG
2025-11-30,Dallas Stars,Ottawa Senators,Dallas Stars,Ottawa Senators,5,1,REG
2025-12-02,New Jersey Devils,Columbus Blue Jackets,Columbus Blue Jackets,New Jersey Devils,5,3,REG
2025-12-02,Philadelphia Flyers,Pittsburgh Penguins,Pittsburgh Penguins,Philadelphia Flyers,5,1,REG
2025-12-02,Buffalo Sabres,Winnipeg Jets,Buffalo Sabres,Winnipeg Jets,5,1,REG
2025-12-02,St. Louis Blues,Anaheim Ducks,Anaheim Ducks,St. Louis Blues,4,1,REG
2025-12-03,Montreal Canadiens,Ottawa Senators,Ottawa Senators,Montreal Canadiens,5,2,REG
2025-12-03,Detroit Red Wings,Boston Bruins,Detroit Red Wings,Boston Bruins,5,4,REG
2025-12-03,New York Islanders,Tampa Bay Lightning,New York Islanders,Tampa Bay Lightning,2,1,REG
2025-12-03,New York Rangers,Dallas Stars,New York Rangers,Dallas Stars,3,2,OT
2025-12-03,Florida Panthers,Toronto Maple Leafs,Toronto Maple Leafs,Florida Panthers,4,1,REG
2025-12-03,Nashville Predators,Calgary Flames,Nashville Predators,Calgary Flames,5,1,REG
2025-12-03,Colorado Avalanche,Vancouver Canucks,Colorado Avalanche,Vancouver Canucks,3,1,REG
2025-12-03,Vegas Golden Knights,Chicago Blackhawks,Vegas Golden Knights,Chicago Blackhawks,4,3,SO
2025-12-03,Los Angeles Kings,Washington Capitals,Washington Capitals,Los Angeles Kings,3,1,REG
2025-12-04,New Jersey Devils,Dallas Stars,Dallas Stars,New Jersey Devils,3,0,REG
2025-12-04,Montreal Canadiens,Winnipeg Jets,Montreal Canadiens,Winnipeg Jets,3,2,SO
2025-12-04,Philadelphia Flyers,Buffalo Sabres,Philadelphia Flyers,Buffalo Sabres,5,2,REG
2025-12-04,San Jose Sharks,Washington Capitals,Washington Capitals,San Jose Sharks,5,1,REG
2025-12-05,Boston Bruins,St. Louis Blues,Boston Bruins,St. Louis Blues,5,2,REG
2025-12-05,Ottawa Senators,New York Rangers,New York Rangers,Ottawa Senators,4,2,REG
2025-12-05,Tampa Bay Lightning,Pittsburgh Penguins,Pittsburgh Penguins,Tampa Bay Lightning,4,3,REG
2025-12-05,Florida Panthers,Nashville Predators,Nashville Predators,Florida Panthers,2,1,OT
2025-12-05,New York Islanders,Colorado Avalanche,New York Islanders,Colorado Avalanche,6,3,REG
2025-12-05,Carolina Hurricanes,Toronto Maple Leafs,Toronto Maple Leafs,Carolina Hurricanes,5,1,REG
2025-12-05,Columbus Blue Jackets,Detroit Red Wings,Columbus Blue Jackets,Detroit Red Wings,6,5,SO
2025-12-05,Calgary Flames,Minnesota Wild,Calgary Flames,Minnesota Wild,4,1,REG
2025-12-05,Edmonton Oilers,Seattle Kraken,Edmonton Oilers,Seattle Kraken,8,4,REG
2025-12-05,Los Angeles Kings,Chicago Blackhawks,Chicago Blackhawks,Los Angeles Kings,2,1,REG
2025-12-06,New Jersey Devils,Vegas Golden Knights,Vegas Golden Knights,New Jersey Devils,3,0,REG
2025-12-06,Winnipeg Jets,Buffalo Sabres,Winnipeg Jets,Buffalo Sabres,4,1,REG
2025-12-06,Dallas Stars,San Jose Sharks,Dallas Stars,San Jose Sharks,4,1,REG
2025-12-06,Anaheim Ducks,Washington Capitals,Anaheim Ducks,Washington Capitals,4,3,SO
2025-12-06,New York Rangers,Colorado Avalanche,Colorado Avalanche,New York Rangers,3,2,OT
2025-12-06,Florida Panthers,Columbus Blue Jackets,Florida Panthers,Columbus Blue Jackets,7,6,OT
2025-12-07,Boston Bruins,New Jersey Devils,Boston Bruins,New Jersey Devils,4,1,REG
2025-12-07,Toronto Maple Leafs,Montreal Canadiens,Montreal Canadiens,Toronto Maple Leafs,2,1,SO
2025-12-07,Ottawa Senators,St. Louis Blues,St. Louis Blues,Ottawa Senators,2,1,REG
2025-12-07,Tampa Bay Lightning,New York Islanders,New York Islanders,Tampa Bay Lightning,2,0,REG
2025-12-07,Carolina Hurricanes,Nashville Predators,Carolina Hurricanes,Nashville Predators,6,3,REG
2025-12-07,Los Angeles Kings,Chicago Blackhawks,Los Angeles Kings,Chicago Blackhawks,4,0,REG
2025-12-07,Edmonton Oilers,Winnipeg Jets,Edmonton Oilers,Winnipeg Jets,6,2,REG
2025-12-07,Vancouver Canucks,Minnesota Wild,Vancouver Canucks,Minnesota Wild,4,2,REG
2025-12-07,Seattle Kraken,Detroit Red Wings,Detroit Red Wings,Seattle Kraken,4,3,REG
2025-12-07,Philadelphia Flyers,Colorado Avalanche,Colorado Avalanche,Philadelphia Flyers,3,2,REG
2025-12-07,Florida Panthers,New York Islanders,Florida Panthers,New York Islanders,4,1,REG
2025-12-07,Carolina Hurricanes,San Jose Sharks,San Jose Sharks,Carolina Hurricanes,4,1,REG
2025-12-07,Dallas Stars,Pittsburgh Penguins,Dallas Stars,Pittsburgh Penguins,3,2,SO
2025-12-08,Montreal Canadiens,St. Louis Blues,St. Louis Blues,Montreal Canadiens,4,3,REG
2025-12-08,New York Rangers,Vegas Golden Knights,Vegas Golden Knights,New York Rangers,3,2,OT
2025-12-08,Washington Capitals,Columbus Blue Jackets,Washington Capitals,Columbus Blue Jackets,2,0,REG
2025-12-08,Anaheim Ducks,Chicago Blackhawks,Anaheim Ducks,Chicago Blackhawks,5,1,REG
2025-12-09,Toronto Maple Leafs,Tampa Bay Lightning,Toronto Maple Leafs,Tampa Bay Lightning,2,0,REG
2025-12-09,Calgary Flames,Buffalo Sabres,Calgary Flames,Buffalo Sabres,7,4,REG
2025-12-09,Vancouver Canucks,Detroit Red Wings,Detroit Red Wings,Vancouver Canucks,4,0,REG
2025-12-09,Seattle Kraken,Minnesota Wild,Minnesota Wild,Seattle Kraken,4,1,REG
2025-12-10,Montreal Canadiens,Tampa Bay Lightning,Tampa Bay Lightning,Montreal Canadiens,5,1,REG
2025-12-10,Ottawa Senators,New Jersey Devils,New Jersey Devils,Ottawa Senators,4,3,REG
2025-12-10,New York Islanders,Vegas Golden Knights,New York Islanders,Vegas Golden Knights,5,4,SO
2025-12-10,Philadelphia Flyers,San Jose Sharks,Philadelphia Flyers,San Jose Sharks,4,1,REG
2025-12-10,Pittsburgh Penguins,Anaheim Ducks,Anaheim Ducks,Pittsburgh Penguins,4,3,SO
2025-12-10,Carolina Hurricanes,Columbus Blue Jackets,Carolina Hurricanes,Columbus Blue Jackets,4,1,REG
2025-12-10,St. Louis Blues,Boston Bruins,Boston Bruins,St. Louis Blues,5,2,REG
2025-12-10,Winnipeg Jets,Dallas Stars,Dallas Stars,Winnipeg Jets,4,3,REG
2025-12-10,Edmonton Oilers,Buffalo Sabres,Buffalo Sabres,Edmonton Oilers,4,3,OT
2025-12-10,Nashville Predators,Colorado Avalanche,Nashville Predators,Colorado Avalanche,4,3,SO
2025-12-11,Chicago Blackhawks,New York Rangers,Chicago Blackhawks,New York Rangers,3,0,REG
2025-12-11,Calgary Flames,Detroit Red Wings,Detroit Red Wings,Calgary Flames,4,3,REG
2025-12-11,Seattle Kraken,Los Angeles Kings,Seattle Kraken,Los Angeles Kings,3,2,OT
2025-12-12,Toronto Maple Leafs,San Jose Sharks,San Jose Sharks,Toronto Maple Leafs,3,2,OT
2025-12-12,New Jersey Devils,Tampa Bay Lightning,Tampa Bay Lightning,New Jersey Devils,8,4,REG
2025-12-12,New York Islanders,Anaheim Ducks,New York Islanders,Anaheim Ducks,5,2,REG
2025-12-12,Philadelphia Flyers,Vegas Golden Knights,Vegas Golden Knights,Philadelphia Flyers,3,2,OT
2025-12-12,Washington Capitals,Carolina Hurricanes,Carolina Hurricanes,Washington Capitals,3,2,SO
2025-12-12,Columbus Blue Jackets,Ottawa Senators,Ottawa Senators,Columbus Blue Jackets,6,3,REG
2025-12-12,Pittsburgh Penguins,Montreal Canadiens,Montreal Canadiens,Pittsburgh Penguins,4,2,REG
2025-12-12,Nashville Predators,St. Louis Blues,Nashville Predators,St. Louis Blues,6,2,REG
2025-12-12,Minnesota Wild,Dallas Stars,Minnesota Wild,Dallas Stars,5,2,REG
2025-12-12,Winnipeg Jets,Boston Bruins,Boston Bruins,Winnipeg Jets,6,3,REG
2025-12-12,Edmonton Oilers,Detroit Red Wings,Edmonton Oilers,Detroit Red Wings,4,1,REG
2025-12-12,Colorado Avalanche,Florida Panthers,Colorado Avalanche,Florida Panthers,6,2,REG
2025-12-12,Vancouver Canucks,Buffalo Sabres,Buffalo Sabres,Vancouver Canucks,3,2,REG
2025-12-13,St. Louis Blues,Chicago Blackhawks,St. Louis Blues,Chicago Blackhawks,3,2,REG
2025-12-13,New Jersey Devils,Anaheim Ducks,New Jersey Devils,Anaheim Ducks,4,1,REG
2025-12-13,Minnesota Wild,Ottawa Senators,Minnesota Wild,Ottawa Senators,3,2,REG
2025-12-13,Pittsburgh Penguins,San Jose Sharks,San Jose Sharks,Pittsburgh Penguins,6,5,OT
2025-12-13,New York Islanders,Tampa Bay Lightning,New York Islanders,Tampa Bay Lightning,3,2,SO
2025-12-14,Toronto Maple Leafs,Edmonton Oilers,Edmonton Oilers,Toronto Maple Leafs,6,3,REG
2025-12-14,New York Rangers,Montreal Canadiens,New York Rangers,Montreal Canadiens,5,4,OT
2025-12-14,Philadelphia Flyers,Carolina Hurricanes,Carolina Hurricanes,Philadelphia Flyers,4,3,SO
2025-12-14,Columbus Blue Jackets,Vegas Golden Knights,Vegas Golden Knights,Columbus Blue Jackets,3,2,REG
2025-12-14,Winnipeg Jets,Washington Capitals,Winnipeg Jets,Washington Capitals,5,1,REG
2025-12-14,Chicago Blackhawks,Detroit Red Wings,Detroit Red Wings,Chicago Blackhawks,4,0,REG
2025-12-14,Dallas Stars,Florida Panthers,Florida Panthers,Dallas Stars,4,0,REG
2025-12-14,Colorado Avalanche,Nashville Predators,Colorado Avalanche,Nashville Predators,4,2,REG
2025-12-14,Los Angeles Kings,Calgary Flames,Calgary Flames,Los Angeles Kings,2,1,OT
2025-12-14,New Jersey Devils,Vancouver Canucks,Vancouver Canucks,New Jersey Devils,2,1,REG
2025-12-14,Carolina Hurricanes,Philadelphia Flyers,Carolina Hurricanes,Philadelphia Flyers,3,2,SO
2025-12-14,Minnesota Wild,Boston Bruins,Minnesota Wild,Boston Bruins,6,2,REG
2025-12-15,Montreal Canadiens,Edmonton Oilers,Montreal Canadiens,Edmonton Oilers,4,1,REG
2025-12-15,Seattle Kraken,Buffalo Sabres,Buffalo Sabres,Seattle Kraken,3,1,REG
2025-12-16,Tampa Bay Lightning,Florida Panthers,Florida Panthers,Tampa Bay Lightning,5,2,REG
2025-12-16,New York Rangers,Anaheim Ducks,Anaheim Ducks,New York Rangers,4,1,REG
2025-12-16,Winnipeg Jets,Ottawa Senators,Ottawa Senators,Winnipeg Jets,3,2,OT
2025-12-16,St. Louis Blues,Nashville Predators,Nashville Predators,St. Louis Blues,5,2,REG
2025-12-16,Dallas Stars,Los Angeles Kings,Dallas Stars,Los Angeles Kings,4,1,REG
2025-12-17,Toronto Maple Leafs,Chicago Blackhawks,Toronto Maple Leafs,Chicago Blackhawks,3,2,REG
2025-12-17,Montreal Canadiens,Philadelphia Flyers,Philadelphia Flyers,Montreal Canadiens,4,1,REG
2025-12-17,Detroit Red Wings,New York Islanders,Detroit Red Wings,New York Islanders,3,2,REG
2025-12-17,New York Rangers,Vancouver Canucks,Vancouver Canucks,New York Rangers,3,0,REG
2025-12-17,Columbus Blue Jackets,Anaheim Ducks,Columbus Blue Jackets,Anaheim Ducks,4,3,OT
2025-12-17,Pittsburgh Penguins,Edmonton Oilers,Edmonton Oilers,Pittsburgh Penguins,6,4,REG
2025-12-17,Minnesota Wild,Washington Capitals,Minnesota Wild,Washington Capitals,4,0,REG
2025-12-17,San Jose Sharks,Calgary Flames,San Jose Sharks,Calgary Flames,6,3,REG
2025-12-17,Seattle Kraken,Colorado Avalanche,Colorado Avalanche,Seattle Kraken,5,3,REG
2025-12-18,Florida Panthers,Los Angeles Kings,Florida Panthers,Los Angeles Kings,3,2,REG
2025-12-18,Nashville Predators,Carolina Hurricanes,Carolina Hurricanes,Nashville Predators,4,1,REG
2025-12-18,Vegas Golden Knights,New Jersey Devils,New Jersey Devils,Vegas Golden Knights,2,1,SO
2025-12-19,Boston Bruins,Edmonton Oilers,Edmonton Oilers,Boston Bruins,3,1,REG
2025-12-19,Montreal Canadiens,Chicago Blackhawks,Montreal Canadiens,Chicago Blackhawks,4,1,REG
2025-12-19,Ottawa Senators,Pittsburgh Penguins,Ottawa Senators,Pittsburgh Penguins,4,0,REG
2025-12-19,Tampa Bay Lightning,Los Angeles Kings,Los Angeles Kings,Tampa Bay Lightning,2,1,REG
2025-12-19,Washington Capitals,Toronto Maple Leafs,Washington Capitals,Toronto Maple Leafs,4,0,REG
2025-12-19,Columbus Blue Jackets,Minnesota Wild,Minnesota Wild,Columbus Blue Jackets,5,2,REG
2025-12-19,Buffalo Sabres,Philadelphia Flyers,Buffalo Sabres,Philadelphia Flyers,5,3,REG
2025-12-19,St. Louis Blues,New York Rangers,New York Rangers,St. Louis Blues,2,1,OT
2025-12-19,Calgary Flames,Seattle Kraken,Calgary Flames,Seattle Kraken,4,2,REG
2025-12-19,San Jose Sharks,Dallas Stars,Dallas Stars,San Jose Sharks,5,3,REG
2025-12-20,Florida Panthers,Carolina Hurricanes,Florida Panthers,Carolina Hurricanes,4,3,SO
2025-12-20,New York Islanders,Vancouver Canucks,Vancouver Canucks,New York Islanders,4,1,REG
2025-12-20,Colorado Avalanche,Winnipeg Jets,Colorado Avalanche,Winnipeg Jets,3,2,REG
2025-12-20,Anaheim Ducks,Dallas Stars,Dallas Stars,Anaheim Ducks,7,3,REG
2025-12-20,New York Rangers,Philadelphia Flyers,New York Rangers,Philadelphia Flyers,5,4,SO
2025-12-20,Washington Capitals,Detroit Red Wings,Detroit Red Wings,Washington Capitals,5,2,REG
2025-12-20,Ottawa Senators,Chicago Blackhawks,Ottawa Senators,Chicago Blackhawks,6,4,REG
2025-12-20,Minnesota Wild,Edmonton Oilers,Minnesota Wild,Edmonton Oilers,5,2,REG
2025-12-20,Buffalo Sabres,New York Islanders,Buffalo Sabres,New York Islanders,3,2,SO
2025-12-20,Florida Panthers,St. Louis Blues,St. Louis Blues,Florida Panthers,6,2,REG
2025-12-21,Boston Bruins,Vancouver Canucks,Vancouver Canucks,Boston Bruins,5,4,SO
2025-12-21,Montreal Canadiens,Pittsburgh Penguins,Montreal Canadiens,Pittsburgh Penguins,4,0,REG
2025-12-21,Tampa Bay Lightning,Carolina Hurricanes,Tampa Bay Lightning,Carolina Hurricanes,6,4,REG
2025-12-21,Nashville Predators,Toronto Maple Leafs,Nashville Predators,Toronto Maple Leafs,5,3,REG
2025-12-21,Calgary Flames,Vegas Golden Knights,Calgary Flames,Vegas Golden Knights,6,3,REG
2025-12-21,Anaheim Ducks,Columbus Blue Jackets,Anaheim Ducks,Columbus Blue Jackets,4,3,REG
2025-12-21,San Jose Sharks,Seattle Kraken,Seattle Kraken,San Jose Sharks,4,2,REG
2025-12-21,Detroit Red Wings,Washington Capitals,Detroit Red Wings,Washington Capitals,3,2,OT
2025-12-21,Minnesota Wild,Colorado Avalanche,Colorado Avalanche,Minnesota Wild,5,1,REG
2025-12-22,Boston Bruins,Ottawa Senators,Ottawa Senators,Boston Bruins,6,2,REG
2025-12-22,New Jersey Devils,Buffalo Sabres,Buffalo Sabres,New Jersey Devils,3,1,REG
2025-12-22,Pittsburgh Penguins,Montreal Canadiens,Pittsburgh Penguins,Montreal Canadiens,4,3,SO
2025-12-22,Nashville Predators,New York Rangers,Nashville Predators,New York Rangers,2,1,REG
2025-12-22,Dallas Stars,Toronto Maple Leafs,Dallas Stars,Toronto Maple Leafs,5,1,REG
2025-12-22,Edmonton Oilers,Vegas Golden Knights,Edmonton Oilers,Vegas Golden Knights,4,3,REG
2025-12-23,Tampa Bay Lightning,St. Louis Blues,Tampa Bay Lightning,St. Louis Blues,4,1,REG
2025-12-23,Philadelphia Flyers,Vancouver Canucks,Philadelphia Flyers,Vancouver Canucks,5,2,REG
2025-12-23,Anaheim Ducks,Seattle Kraken,Seattle Kraken,Anaheim Ducks,3,1,REG
2025-12-23,Los Angeles Kings,Columbus Blue Jackets,Columbus Blue Jackets,Los Angeles Kings,3,1,REG
2025-12-23,Toronto Maple Leafs,Pittsburgh Penguins,Toronto Maple Leafs,Pittsburgh Penguins,6,3,REG
2025-12-23,Detroit Red Wings,Dallas Stars,Detroit Red Wings,Dallas Stars,4,3,OT
2025-12-24,Washington Capitals,New York Rangers,New York Rangers,Washington Capitals,7,3,REG
2025-12-24,Boston Bruins,Montreal Canadiens,Montreal Canadiens,Boston Bruins,6,2,REG
2025-12-24,Ottawa Senators,Buffalo Sabres,Buffalo Sabres,Ottawa Senators,3,2,OT
2025-12-24,New York Islanders,New Jersey Devils,New York Islanders,New Jersey Devils,2,1,REG
2025-12-24,Carolina Hurricanes,Florida Panthers,Florida Panthers,Carolina Hurricanes,5,2,REG
2025-12-24,Minnesota Wild,Nashville Predators,Nashville Predators,Minnesota Wild,3,2,OT
2025-12-24,Chicago Blackhawks,Philadelphia Flyers,Philadelphia Flyers,Chicago Blackhawks,3,1,REG
2025-12-24,Edmonton Oilers,Calgary Flames,Edmonton Oilers,Calgary Flames,5,1,REG
2025-12-24,Vegas Golden Knights,San Jose Sharks,Vegas Golden Knights,San Jose Sharks,6,2,REG
2025-12-24,Los Angeles Kings,Seattle Kraken,Seattle Kraken,Los Angeles Kings,3,2,REG
2025-12-27,New York Islanders,New York Rangers,New York Islanders,New York Rangers,2,0,REG
2025-12-28,Buffalo Sabres,Boston Bruins,Buffalo Sabres,Boston Bruins,4,1,REG
2025-12-28,Toronto Maple Leafs,Ottawa Senators,Toronto Maple Leafs,Ottawa Senators,7,5,REG
2025-12-28,Florida Panthers,Tampa Bay Lightning,Tampa Bay Lightning,Florida Panthers,4,2,REG
2025-12-28,New Jersey Devils,Washington Capitals,Washington Capitals,New Jersey Devils,4,3,OT
2025-12-28,Carolina Hurricanes,Detroit Red Wings,Carolina Hurricanes,Detroit Red Wings,5,2,REG
2025-12-28,Winnipeg Jets,Minnesota Wild,Minnesota Wild,Winnipeg Jets,4,3,OT
2025-12-28,St. Louis Blues,Nashville Predators,St. Louis Blues,Nashville Predators,3,2,REG
2025-12-28,Dallas Stars,Chicago Blackhawks,Chicago Blackhawks,Dallas Stars,4,3,SO
2025-12-28,Los Angeles Kings,Anaheim Ducks,Los Angeles Kings,Anaheim Ducks,5,1,REG
2025-12-28,Calgary Flames,Edmonton Oilers,Calgary Flames,Edmonton Oilers,3,2,REG
2025-12-28,Vancouver Canucks,San Jose Sharks,San Jose Sharks,Vancouver Canucks,6,3,REG
2025-12-28,Vegas Golden Knights,Colorado Avalanche,Colorado Avalanche,Vegas Golden Knights,6,5,SO
2025-12-28,Tampa Bay Lightning,Montreal Canadiens,Tampa Bay Lightning,Montreal Canadiens,5,4,SO
2025-12-28,Columbus Blue Jackets,New York Islanders,Columbus Blue Jackets,New York Islanders,4,2,REG
2025-12-29,Detroit Red Wings,Toronto Maple Leafs,Detroit Red Wings,Toronto Maple Leafs,3,2,OT
2025-12-29,Chicago Blackhawks,Pittsburgh Penguins,Pittsburgh Penguins,Chicago Blackhawks,7,3,REG
2025-12-29,Seattle Kraken,Philadelphia Flyers,Seattle Kraken,Philadelphia Flyers,4,1,REG
2025-12-30,Florida Panthers,Washington Capitals,Florida Panthers,Washington Capitals,5,3,REG
2025-12-30,Carolina Hurricanes,New York Rangers,Carolina Hurricanes,New York Rangers,3,2,OT
2025-12-30,Ottawa Senators,Columbus Blue Jackets,Columbus Blue Jackets,Ottawa Senators,4,1,REG
2025-12-30,Winnipeg Jets,Edmonton Oilers,Edmonton Oilers,Winnipeg Jets,3,1,REG
2025-12-30,St. Louis Blues,Buffalo Sabres,Buffalo Sabres,St. Louis Blues,4,2,REG
2025-12-30,Colorado Avalanche,Los Angeles Kings,Colorado Avalanche,Los Angeles Kings,5,2,REG
2025-12-30,Calgary Flames,Boston Bruins,Calgary Flames,Boston Bruins,2,1,OT
2025-12-30,Vegas Golden Knights,Minnesota Wild,Minnesota Wild,Vegas Golden Knights,5,2,REG
2025-12-30,Anaheim Ducks,San Jose Sharks,San Jose Sharks,Anaheim Ducks,5,4,REG
2025-12-30,Seattle Kraken,Vancouver Canucks,Vancouver Canucks,Seattle Kraken,3,2,SO
2025-12-31,Toronto Maple Leafs,New Jersey Devils,Toronto Maple Leafs,New Jersey Devils,4,0,REG
2025-12-31,Florida Panthers,Montreal Canadiens,Montreal Canadiens,Florida Panthers,3,2,OT
2025-12-31,Pittsburgh Penguins,Carolina Hurricanes,Pittsburgh Penguins,Carolina Hurricanes,5,1,REG
2025-12-31,Chicago Blackhawks,New York Islanders,New York Islanders,Chicago Blackhawks,3,2,SO
2025-12-31,Vancouver Canucks,Philadelphia Flyers,Philadelphia Flyers,Vancouver Canucks,6,3,REG
2025-12-31,Washington Capitals,New York Rangers,Washington Capitals,New York Rangers,6,3,REG
2025-12-31,Vegas Golden Knights,Nashville Predators,Nashville Predators,Vegas Golden Knights,4,2,REG
2025-12-31,Anaheim Ducks,Tampa Bay Lightning,Tampa Bay Lightning,Anaheim Ducks,4,3,OT
2025-12-31,San Jose Sharks,Minnesota Wild,San Jose Sharks,Minnesota Wild,4,3,SO
2025-12-31,Detroit Red Wings,Winnipeg Jets,Detroit Red Wings,Winnipeg Jets,2,1,REG
2026-01-01,Columbus Blue Jackets,New Jersey Devils,New Jersey Devils,Columbus Blue Jackets,3,2,REG
2026-01-01,Dallas Stars,Buffalo Sabres,Buffalo Sabres,Dallas Stars,4,1,REG
2026-01-01,Colorado Avalanche,St. Louis Blues,Colorado Avalanche,St. Louis Blues,5,1,REG
2026-01-01,Calgary Flames,Philadelphia Flyers,Calgary Flames,Philadelphia Flyers,5,1,REG
2026-01-01,Edmonton Oilers,Boston Bruins,Boston Bruins,Edmonton Oilers,6,2,REG
2026-01-01,Ottawa Senators,Washington Capitals,Ottawa Senators,Washington Capitals,4,3,REG
2026-01-02,Toronto Maple Leafs,Winnipeg Jets,Toronto Maple Leafs,Winnipeg Jets,6,5,REG
2026-01-02,Pittsburgh Penguins,Detroit Red Wings,Pittsburgh Penguins,Detroit Red Wings,4,3,OT
2026-01-02,Carolina Hurricanes,Montreal Canadiens,Montreal Canadiens,Carolina Hurricanes,7,5,REG
2026-01-02,Los Angeles Kings,Tampa Bay Lightning,Tampa Bay Lightning,Los Angeles Kings,5,3,REG
2026-01-02,Chicago Blackhawks,Dallas Stars,Chicago Blackhawks,Dallas Stars,4,3,REG
2026-01-02,Seattle Kraken,Nashville Predators,Seattle Kraken,Nashville Predators,4,1,REG
2026-01-02,St. Louis Blues,Vegas Golden Knights,St. Louis Blues,Vegas Golden Knights,4,3,REG
2026-01-03,Florida Panthers,New York Rangers,New York Rangers,Florida Panthers,5,1,REG
2026-01-03,Vancouver Canucks,Seattle Kraken,Seattle Kraken,Vancouver Canucks,4,3,SO
2026-01-03,Anaheim Ducks,Minnesota Wild,Minnesota Wild,Anaheim Ducks,5,2,REG
2026-01-03,Detroit Red Wings,Pittsburgh Penguins,Pittsburgh Penguins,Detroit Red Wings,4,1,REG
2026-01-03,Columbus Blue Jackets,Buffalo Sabres,Columbus Blue Jackets,Buffalo Sabres,5,1,REG
2026-01-03,Edmonton Oilers,Philadelphia Flyers,Philadelphia Flyers,Edmonton Oilers,5,2,REG
2026-01-03,St. Louis Blues,Montreal Canadiens,St. Louis Blues,Montreal Canadiens,2,0,REG
2026-01-03,San Jose Sharks,Tampa Bay Lightning,Tampa Bay Lightning,San Jose Sharks,7,3,REG
2026-01-04,Ottawa Senators,Winnipeg Jets,Ottawa Senators,Winnipeg Jets,4,2,REG
2026-01-04,New York Islanders,Toronto Maple Leafs,New York Islanders,Toronto Maple Leafs,4,3,OT
2026-01-04,Washington Capitals,Chicago Blackhawks,Chicago Blackhawks,Washington Capitals,3,2,SO
2026-01-04,Carolina Hurricanes,Colorado Avalanche,Colorado Avalanche,Carolina Hurricanes,5,3,REG
2026-01-04,Calgary Flames,Nashville Predators,Nashville Predators,Calgary Flames,4,3,REG
2026-01-04,Los Angeles Kings,Minnesota Wild,Los Angeles Kings,Minnesota Wild,5,4,SO
2026-01-04,Vancouver Canucks,Boston Bruins,Boston Bruins,Vancouver Canucks,3,2,OT
2026-01-04,Dallas Stars,Montreal Canadiens,Montreal Canadiens,Dallas Stars,4,3,OT
2026-01-04,Columbus Blue Jackets,Pittsburgh Penguins,Pittsburgh Penguins,Columbus Blue Jackets,5,4,OT
2026-01-04,Florida Panthers,Colorado Avalanche,Florida Panthers,Colorado Avalanche,2,1,REG
2026-01-05,New Jersey Devils,Carolina Hurricanes,Carolina Hurricanes,New Jersey Devils,3,1,REG
2026-01-05,Chicago Blackhawks,Vegas Golden Knights,Chicago Blackhawks,Vegas Golden Knights,3,2,OT
2026-01-06,Washington Capitals,Anaheim Ducks,Washington Capitals,Anaheim Ducks,7,4,REG
2026-01-06,Ottawa Senators,Detroit Red Wings,Detroit Red Wings,Ottawa Senators,5,3,REG
2026-01-06,Calgary Flames,Seattle Kraken,Seattle Kraken,Calgary Flames,5,1,REG
2026-01-06,Los Angeles Kings,Minnesota Wild,Los Angeles Kings,Minnesota Wild,4,2,REG
2026-01-07,Buffalo Sabres,Vancouver Canucks,Buffalo Sabres,Vancouver Canucks,5,3,REG
2026-01-07,Tampa Bay Lightning,Colorado Avalanche,Tampa Bay Lightning,Colorado Avalanche,4,2,REG
2026-01-07,Philadelphia Flyers,Anaheim Ducks,Philadelphia Flyers,Anaheim Ducks,5,2,REG
2026-01-07,Carolina Hurricanes,Dallas Stars,Carolina Hurricanes,Dallas Stars,6,3,REG
2026-01-07,New York Islanders,New Jersey Devils,New York Islanders,New Jersey Devils,4,0,REG
2026-01-07,Toronto Maple Leafs,Florida Panthers,Toronto Maple Leafs,Florida Panthers,4,1,REG
2026-01-07,Winnipeg Jets,Vegas Golden Knights,Vegas Golden Knights,Winnipeg Jets,4,3,OT
2026-01-07,Edmonton Oilers,Nashville Predators,Edmonton Oilers,Nashville Predators,6,2,REG
2026-01-07,San Jose Sharks,Columbus Blue Jackets,San Jose Sharks,Columbus Blue Jackets,5,2,REG
2026-01-07,Seattle Kraken,Boston Bruins,Seattle Kraken,Boston Bruins,7,4,REG
2026-01-08,Washington Capitals,Dallas Stars,Dallas Stars,Washington Capitals,4,1,REG
2026-01-08,Montreal Canadiens,Calgary Flames,Montreal Canadiens,Calgary Flames,4,1,REG
2026-01-08,Chicago Blackhawks,St. Louis Blues,Chicago Blackhawks,St. Louis Blues,7,3,REG
2026-01-08,Los Angeles Kings,San Jose Sharks,San Jose Sharks,Los Angeles Kings,4,3,OT
2026-01-09,Boston Bruins,Calgary Flames,Boston Bruins,Calgary Flames,4,1,REG
2026-01-09,Montreal Canadiens,Florida Panthers,Montreal Canadiens,Florida Panthers,6,2,REG
2026-01-09,Detroit Red Wings,Vancouver Canucks,Detroit Red Wings,Vancouver Canucks,5,1,REG
2026-01-09,New York Rangers,Buffalo Sabres,Buffalo Sabres,New York Rangers,5,2,REG
2026-01-09,Philadelphia Flyers,Toronto Maple Leafs,Toronto Maple Leafs,Philadelphia Flyers,2,1,OT
2026-01-09,Pittsburgh Penguins,New Jersey Devils,Pittsburgh Penguins,New Jersey Devils,4,1,REG
2026-01-09,Carolina Hurricanes,Anaheim Ducks,Carolina Hurricanes,Anaheim Ducks,5,2,REG
2026-01-09,Nashville Predators,New York Islanders,Nashville Predators,New York Islanders,2,1,SO
2026-01-09,Winnipeg Jets,Edmonton Oilers,Edmonton Oilers,Winnipeg Jets,4,3,REG
2026-01-09,Colorado Avalanche,Ottawa Senators,Colorado Avalanche,Ottawa Senators,6,2,REG
2026-01-09,Vegas Golden Knights,Columbus Blue Jackets,Vegas Golden Knights,Columbus Blue Jackets,5,3,REG
2026-01-09,Seattle Kraken,Minnesota Wild,Minnesota Wild,Seattle Kraken,3,2,OT
2026-01-10,Chicago Blackhawks,Washington Capitals,Washington Capitals,Chicago Blackhawks,5,1,REG
2026-01-10,Winnipeg Jets,Los Angeles Kings,Winnipeg Jets,Los Angeles Kings,5,1,REG
2026-01-10,Boston Bruins,New York Rangers,Boston Bruins,New York Rangers,6,2,REG
2026-01-10,Pittsburgh Penguins,Calgary Flames,Calgary Flames,Pittsburgh Penguins,2,1,REG
2026-01-10,Colorado Avalanche,Columbus Blue Jackets,Colorado Avalanche,Columbus Blue Jackets,4,0,REG
2026-01-10,San Jose Sharks,Dallas Stars,San Jose Sharks,Dallas Stars,5,4,OT
2026-01-11,Buffalo Sabres,Anaheim Ducks,Buffalo Sabres,Anaheim Ducks,5,3,REG
2026-01-11,Toronto Maple Leafs,Vancouver Canucks,Toronto Maple Leafs,Vancouver Canucks,4,0,REG
2026-01-11,Montreal Canadiens,Detroit Red Wings,Detroit Red Wings,Montreal Canadiens,4,0,REG
2026-01-11,Ottawa Senators,Florida Panthers,Florida Panthers,Ottawa Senators,3,2,REG
2026-01-11,Philadelphia Flyers,Tampa Bay Lightning,Tampa Bay Lightning,Philadelphia Flyers,6,2,REG
2026-01-11,Carolina Hurricanes,Seattle Kraken,Carolina Hurricanes,Seattle Kraken,3,2,REG
2026-01-11,Nashville Predators,Chicago Blackhawks,Chicago Blackhawks,Nashville Predators,3,0,REG
2026-01-11,Minnesota Wild,New York Islanders,New York Islanders,Minnesota Wild,4,3,OT
2026-01-11,Edmonton Oilers,Los Angeles Kings,Los Angeles Kings,Edmonton Oilers,4,3,SO
2026-01-11,Vegas Golden Knights,St. Louis Blues,Vegas Golden Knights,St. Louis Blues,4,2,REG
2026-01-11,Winnipeg Jets,New Jersey Devils,Winnipeg Jets,New Jersey Devils,4,3,REG
2026-01-12,Nashville Predators,Washington Capitals,Nashville Predators,Washington Capitals,3,2,REG
2026-01-12,San Jose Sharks,Vegas Golden Knights,Vegas Golden Knights,San Jose Sharks,6,2,REG
2026-01-13,Buffalo Sabres,Florida Panthers,Florida Panthers,Buffalo Sabres,4,3,REG
2026-01-13,Detroit Red Wings,Carolina Hurricanes,Detroit Red Wings,Carolina Hurricanes,4,3,OT
2026-01-13,New York Rangers,Seattle Kraken,Seattle Kraken,New York Rangers,4,2,REG
2026-01-13,Philadelphia Flyers,Tampa Bay Lightning,Tampa Bay Lightning,Philadelphia Flyers,5,1,REG
2026-01-13,Montreal Canadiens,Vancouver Canucks,Montreal Canadiens,Vancouver Canucks,6,3,REG
2026-01-13,Minnesota Wild,New Jersey Devils,New Jersey Devils,Minnesota Wild,5,2,REG
2026-01-13,Chicago Blackhawks,Edmonton Oilers,Edmonton Oilers,Chicago Blackhawks,4,1,REG
2026-01-13,Colorado Avalanche,Toronto Maple Leafs,Toronto Maple Leafs,Colorado Avalanche,4,3,OT
2026-01-13,Los Angeles Kings,Dallas Stars,Dallas Stars,Los Angeles Kings,3,1,REG
2026-01-14,Ottawa Senators,Vancouver Canucks,Ottawa Senators,Vancouver Canucks,2,1,REG
2026-01-14,Pittsburgh Penguins,Tampa Bay Lightning,Tampa Bay Lightning,Pittsburgh Penguins,2,1,SO
2026-01-14,Washington Capitals,Montreal Canadiens,Washington Capitals,Montreal Canadiens,3,2,OT
2026-01-14,Columbus Blue Jackets,Calgary Flames,Columbus Blue Jackets,Calgary Flames,5,3,REG
2026-01-14,Boston Bruins,Detroit Red Wings,Boston Bruins,Detroit Red Wings,3,0,REG
2026-01-14,St. Louis Blues,Carolina Hurricanes,St. Louis Blues,Carolina Hurricanes,3,0,REG
2026-01-14,Nashville Predators,Edmonton Oilers,Nashville Predators,Edmonton Oilers,4,3,OT
2026-01-14,Winnipeg Jets,New York Islanders,Winnipeg Jets,New York Islanders,5,4,REG
2026-01-14,Anaheim Ducks,Dallas Stars,Anaheim Ducks,Dallas Stars,3,1,REG
2026-01-15,New Jersey Devils,Seattle Kraken,New Jersey Devils,Seattle Kraken,3,2,OT
2026-01-15,Buffalo Sabres,Philadelphia Flyers,Buffalo Sabres,Philadelphia Flyers,5,2,REG
2026-01-15,New York Rangers,Ottawa Senators,Ottawa Senators,New York Rangers,8,4,REG
2026-01-15,Los Angeles Kings,Vegas Golden Knights,Vegas Golden Knights,Los Angeles Kings,3,2,OT
2026-01-16,Buffalo Sabres,Montreal Canadiens,Buffalo Sabres,Montreal Canadiens,5,3,REG
2026-01-16,Pittsburgh Penguins,Philadelphia Flyers,Pittsburgh Penguins,Philadelphia Flyers,6,3,REG
2026-01-16,Washington Capitals,San Jose Sharks,San Jose Sharks,Washington Capitals,3,2,REG
2026-01-16,Columbus Blue Jackets,Vancouver Canucks,Columbus Blue Jackets,Vancouver Canucks,4,1,REG
2026-01-16,Boston Bruins,Seattle Kraken,Boston Bruins,Seattle Kraken,4,2,REG
2026-01-16,Minnesota Wild,Winnipeg Jets,Winnipeg Jets,Minnesota Wild,6,2,REG
2026-01-16,Chicago Blackhawks,Calgary Flames,Calgary Flames,Chicago Blackhawks,3,1,REG
2026-01-16,Vegas Golden Knights,Toronto Maple Leafs,Vegas Golden Knights,Toronto Maple Leafs,6,5,OT
2026-01-17,Detroit Red Wings,San Jose Sharks,Detroit Red Wings,San Jose Sharks,4,2,REG
2026-01-17,Carolina Hurricanes,Florida Panthers,Carolina Hurricanes,Florida Panthers,5,1,REG
2026-01-17,St. Louis Blues,Tampa Bay Lightning,St. Louis Blues,Tampa Bay Lightning,3,2,SO
2026-01-17,Colorado Avalanche,Nashville Predators,Nashville Predators,Colorado Avalanche,7,3,REG
2026-01-17,Los Angeles Kings,Anaheim Ducks,Anaheim Ducks,Los Angeles Kings,3,2,SO
2026-01-17,Buffalo Sabres,Minnesota Wild,Minnesota Wild,Buffalo Sabres,5,4,OT
2026-01-17,Philadelphia Flyers,New York Rangers,New York Rangers,Philadelphia Flyers,6,3,REG
2026-01-17,Calgary Flames,New York Islanders,Calgary Flames,New York Islanders,4,2,REG
2026-01-18,Ottawa Senators,Montreal Canadiens,Montreal Canadiens,Ottawa Senators,6,5,OT
2026-01-18,New Jersey Devils,Carolina Hurricanes,Carolina Hurricanes,New Jersey Devils,4,1,REG
2026-01-18,Pittsburgh Penguins,Columbus Blue Jackets,Columbus Blue Jackets,Pittsburgh Penguins,4,3,SO
2026-01-18,Washington Capitals,Florida Panthers,Florida Panthers,Washington Capitals,5,2,REG
2026-01-18,Winnipeg Jets,Toronto Maple Leafs,Toronto Maple Leafs,Winnipeg Jets,4,3,OT
2026-01-18,Chicago Blackhawks,Boston Bruins,Boston Bruins,Chicago Blackhawks,5,2,REG
2026-01-18,Vancouver Canucks,Edmonton Oilers,Edmonton Oilers,Vancouver Canucks,4,0,REG
2026-01-18,Vegas Golden Knights,Nashville Predators,Vegas Golden Knights,Nashville Predators,6,2,REG
2026-01-18,Anaheim Ducks,Los Angeles Kings,Anaheim Ducks,Los Angeles Kings,2,1,OT
2026-01-18,Dallas Stars,Tampa Bay Lightning,Tampa Bay Lightning,Dallas Stars,4,1,REG
2026-01-18,Detroit Red Wings,Ottawa Senators,Detroit Red Wings,Ottawa Senators,4,3,OT
2026-01-19,Edmonton Oilers,St. Louis Blues,Edmonton Oilers,St. Louis Blues,4,0,REG
2026-01-19,Carolina Hurricanes,Buffalo Sabres,Carolina Hurricanes,Buffalo Sabres,2,1,REG
2026-01-19,Colorado Avalanche,Washington Capitals,Colorado Avalanche,Washington Capitals,5,2,REG
2026-01-19,Seattle Kraken,Pittsburgh Penguins,Pittsburgh Penguins,Seattle Kraken,6,3,REG
2026-01-19,Florida Panthers,San Jose Sharks,San Jose Sharks,Florida Panthers,4,1,REG
2026-01-20,Toronto Maple Leafs,Minnesota Wild,Minnesota Wild,Toronto Maple Leafs,6,3,REG
2026-01-20,Vegas Golden Knights,Philadelphia Flyers,Philadelphia Flyers,Vegas Golden Knights,2,1,REG
2026-01-20,Chicago Blackhawks,Winnipeg Jets,Chicago Blackhawks,Winnipeg Jets,2,0,REG
2026-01-20,Calgary Flames,New Jersey Devils,New Jersey Devils,Calgary Flames,2,1,OT
2026-01-20,Vancouver Canucks,New York Islanders,New York Islanders,Vancouver Canucks,4,3,REG
2026-01-20,Anaheim Ducks,New York Rangers,Anaheim Ducks,New York Rangers,5,3,REG
2026-01-21,Montreal Canadiens,Minnesota Wild,Montreal Canadiens,Minnesota Wild,4,3,REG
2026-01-21,Tampa Bay Lightning,San Jose Sharks,Tampa Bay Lightning,San Jose Sharks,4,1,REG
2026-01-21,Columbus Blue Jackets,Ottawa Senators,Ottawa Senators,Columbus Blue Jackets,4,1,REG
2026-01-21,Dallas Stars,Boston Bruins,Dallas Stars,Boston Bruins,6,2,REG
2026-01-21,Nashville Predators,Buffalo Sabres,Buffalo Sabres,Nashville Predators,5,3,REG
2026-01-21,Winnipeg Jets,St. Louis Blues,Winnipeg Jets,St. Louis Blues,3,1,REG
2026-01-21,Edmonton Oilers,New Jersey Devils,New Jersey Devils,Edmonton Oilers,2,1,REG
2026-01-21,Los Angeles Kings,New York Rangers,Los Angeles Kings,New York Rangers,4,3,REG
2026-01-22,Toronto Maple Leafs,Detroit Red Wings,Detroit Red Wings,Toronto Maple Leafs,2,1,OT
2026-01-22,Colorado Avalanche,Anaheim Ducks,Anaheim Ducks,Colorado Avalanche,2,1,SO
2026-01-22,Calgary Flames,Pittsburgh Penguins,Pittsburgh Penguins,Calgary Flames,4,1,REG
2026-01-22,Seattle Kraken,New York Islanders,Seattle Kraken,New York Islanders,4,1,REG
2026-01-22,Vancouver Canucks,Washington Capitals,Vancouver Canucks,Washington Capitals,4,3,REG
2026-01-23,Boston Bruins,Vegas Golden Knights,Boston Bruins,Vegas Golden Knights,4,3,REG
2026-01-23,Montreal Canadiens,Buffalo Sabres,Buffalo Sabres,Montreal Canadiens,4,2,REG
2026-01-23,Carolina Hurricanes,Chicago Blackhawks,Chicago Blackhawks,Carolina Hurricanes,4,3,SO
2026-01-23,Nashville Predators,Ottawa Senators,Nashville Predators,Ottawa Senators,5,3,REG
2026-01-23,Winnipeg Jets,Florida Panthers,Florida Panthers,Winnipeg Jets,2,1,SO
2026-01-23,Edmonton Oilers,Pittsburgh Penguins,Pittsburgh Penguins,Edmonton Oilers,6,2,REG
2026-01-23,Minnesota Wild,Detroit Red Wings,Minnesota Wild,Detroit Red Wings,4,3,OT
2026-01-24,Toronto Maple Leafs,Vegas Golden Knights,Vegas Golden Knights,Toronto Maple Leafs,6,3,REG
2026-01-24,Chicago Blackhawks,Tampa Bay Lightning,Tampa Bay Lightning,Chicago Blackhawks,2,1,SO
2026-01-24,Dallas Stars,St. Louis Blues,Dallas Stars,St. Louis Blues,3,2,REG
2026-01-24,Colorado Avalanche,Philadelphia Flyers,Philadelphia Flyers,Colorado Avalanche,7,3,REG
2026-01-24,Calgary Flames,Washington Capitals,Washington Capitals,Calgary Flames,3,1,REG
2026-01-24,Vancouver Canucks,New Jersey Devils,New Jersey Devils,Vancouver Canucks,5,4,REG
2026-01-24,San Jose Sharks,New York Rangers,San Jose Sharks,New York Rangers,3,1,REG
2026-01-24,Seattle Kraken,Anaheim Ducks,Anaheim Ducks,Seattle Kraken,4,2,REG
2026-01-24,New York Islanders,Buffalo Sabres,Buffalo Sabres,New York Islanders,4,0,REG
2026-01-25,Boston Bruins,Montreal Canadiens,Boston Bruins,Montreal Canadiens,4,3,REG
2026-01-25,Ottawa Senators,Carolina Hurricanes,Carolina Hurricanes,Ottawa Senators,4,1,REG
2026-01-25,Columbus Blue Jackets,Tampa Bay Lightning,Columbus Blue Jackets,Tampa Bay Lightning,8,5,REG
2026-01-25,Winnipeg Jets,Detroit Red Wings,Detroit Red Wings,Winnipeg Jets,5,1,REG
2026-01-25,St. Louis Blues,Los Angeles Kings,Los Angeles Kings,St. Louis Blues,5,4,SO
2026-01-25,Minnesota Wild,Florida Panthers,Florida Panthers,Minnesota Wild,4,3,OT
2026-01-25,Edmonton Oilers,Washington Capitals,Edmonton Oilers,Washington Capitals,6,5,OT
2026-01-25,Toronto Maple Leafs,Colorado Avalanche,Colorado Avalanche,Toronto Maple Leafs,4,1,REG
2026-01-25,Seattle Kraken,New Jersey Devils,Seattle Kraken,New Jersey Devils,4,2,REG
2026-01-25,Ottawa Senators,Vegas Golden Knights,Ottawa Senators,Vegas Golden Knights,5,1,REG
2026-01-25,Vancouver Canucks,Pittsburgh Penguins,Pittsburgh Penguins,Vancouver Canucks,3,2,REG
2026-01-26,Chicago Blackhawks,Florida Panthers,Florida Panthers,Chicago Blackhawks,5,1,REG
2026-01-26,Calgary Flames,Anaheim Ducks,Anaheim Ducks,Calgary Flames,4,3,OT
2026-01-27,New York Rangers,Boston Bruins,New York Rangers,Boston Bruins,4,3,OT
2026-01-27,Philadelphia Flyers,New York Islanders,New York Islanders,Philadelphia Flyers,4,0,REG
2026-01-27,Edmonton Oilers,Anaheim Ducks,Edmonton Oilers,Anaheim Ducks,7,4,REG
2026-01-28,Boston Bruins,Nashville Predators,Boston Bruins,Nashville Predators,3,2,OT
2026-01-28,Toronto Maple Leafs,Buffalo Sabres,Buffalo Sabres,Toronto Maple Leafs,7,4,REG
2026-01-28,Montreal Canadiens,Vegas Golden Knights,Montreal Canadiens,Vegas Golden Knights,3,2,OT
2026-01-28,Detroit Red Wings,Los Angeles Kings,Los Angeles Kings,Detroit Red Wings,3,1,REG
2026-01-28,New Jersey Devils,Winnipeg Jets,Winnipeg Jets,New Jersey Devils,4,3,REG
2026-01-28,St. Louis Blues,Dallas Stars,Dallas Stars,St. Louis Blues,4,3,REG
2026-01-28,Minnesota Wild,Chicago Blackhawks,Minnesota Wild,Chicago Blackhawks,4,3,SO
2026-01-28,Vancouver Canucks,San Jose Sharks,San Jose Sharks,Vancouver Canucks,5,2,REG
2026-01-28,Seattle Kraken,Washington Capitals,Seattle Kraken,Washington Capitals,5,1,REG
2026-01-29,New York Islanders,New York Rangers,New York Islanders,New York Rangers,5,2,REG
2026-01-29,Columbus Blue Jackets,Philadelphia Flyers,Columbus Blue Jackets,Philadelphia Flyers,5,3,REG
2026-01-29,Ottawa Senators,Colorado Avalanche,Ottawa Senators,Colorado Avalanche,5,2,REG
2026-01-30,Boston Bruins,Philadelphia Flyers,Boston Bruins,Philadelphia Flyers,6,3,REG
2026-01-30,Buffalo Sabres,Los Angeles Kings,Buffalo Sabres,Los Angeles Kings,4,1,REG
2026-01-30,Montreal Canadiens,Colorado Avalanche,Montreal Canadiens,Colorado Avalanche,7,3,REG
2026-01-30,Tampa Bay Lightning,Winnipeg Jets,Tampa Bay Lightning,Winnipeg Jets,4,1,REG
2026-01-30,New Jersey Devils,Nashville Predators,New Jersey Devils,Nashville Predators,3,2,OT
2026-01-30,New York Rangers,New York Islanders,New York Islanders,New York Rangers,2,1,REG
2026-01-30,Pittsburgh Penguins,Chicago Blackhawks,Pittsburgh Penguins,Chicago Blackhawks,6,2,REG
2026-01-30,Detroit Red Wings,Washington Capitals,Washington Capitals,Detroit Red Wings,4,3,SO
2026-01-30,St. Louis Blues,Florida Panthers,St. Louis Blues,Florida Panthers,5,4,REG
2026-01-30,Minnesota Wild,Calgary Flames,Minnesota Wild,Calgary Flames,4,1,REG
2026-01-30,Edmonton Oilers,San Jose Sharks,Edmonton Oilers,San Jose Sharks,4,3,OT
2026-01-30,Vancouver Canucks,Anaheim Ducks,Vancouver Canucks,Anaheim Ducks,2,0,REG
2026-01-30,Vegas Golden Knights,Dallas Stars,Dallas Stars,Vegas Golden Knights,5,4,SO
2026-01-30,Seattle Kraken,Toronto Maple Leafs,Seattle Kraken,Toronto Maple Leafs,5,2,REG
2026-01-31,Chicago Blackhawks,Columbus Blue Jackets,Columbus Blue Jackets,Chicago Blackhawks,4,2,REG
2026-01-31,Philadelphia Flyers,Los Angeles Kings,Los Angeles Kings,Philadelphia Flyers,3,2,OT
2026-01-31,Detroit Red Wings,Colorado Avalanche,Colorado Avalanche,Detroit Red Wings,4,0,REG
2026-01-31,Pittsburgh Penguins,New York Rangers,Pittsburgh Penguins,New York Rangers,6,5,REG
2026-01-31,Florida Panthers,Winnipeg Jets,Winnipeg Jets,Florida Panthers,2,1,REG
2026-01-31,Calgary Flames,San Jose Sharks,Calgary Flames,San Jose Sharks,3,2,REG
2026-01-31,Washington Capitals,Carolina Hurricanes,Washington Capitals,Carolina Hurricanes,4,3,OT
2026-02-01,Buffalo Sabres,Montreal Canadiens,Montreal Canadiens,Buffalo Sabres,4,2,REG
2026-02-01,Ottawa Senators,New Jersey Devils,Ottawa Senators,New Jersey Devils,4,1,REG
2026-02-01,New York Islanders,Nashville Predators,Nashville Predators,New York Islanders,4,3,REG
2026-02-01,St. Louis Blues,Columbus Blue Jackets,Columbus Blue Jackets,St. Louis Blues,5,3,REG
2026-02-01,Vancouver Canucks,Toronto Maple Leafs,Toronto Maple Leafs,Vancouver Canucks,3,2,SO
2026-02-01,Edmonton Oilers,Minnesota Wild,Minnesota Wild,Edmonton Oilers,7,3,REG
2026-02-01,Vegas Golden Knights,Seattle Kraken,Seattle Kraken,Vegas Golden Knights,3,2,REG
2026-02-01,Carolina Hurricanes,Los Angeles Kings,Carolina Hurricanes,Los Angeles Kings,3,2,OT
2026-02-01,Tampa Bay Lightning,Boston Bruins,Tampa Bay Lightning,Boston Bruins,6,5,SO
2026-02-02,Anaheim Ducks,Vegas Golden Knights,Anaheim Ducks,Vegas Golden Knights,4,3,REG
2026-02-03,Florida Panthers,Buffalo Sabres,Buffalo Sabres,Florida Panthers,5,3,REG
2026-02-03,Pittsburgh Penguins,Ottawa Senators,Ottawa Senators,Pittsburgh Penguins,3,2,REG
2026-02-03,Washington Capitals,New York Islanders,Washington Capitals,New York Islanders,4,1,REG
2026-02-03,Minnesota Wild,Montreal Canadiens,Minnesota Wild,Montreal Canadiens,4,3,OT
2026-02-03,Nashville Predators,St. Louis Blues,Nashville Predators,St. Louis Blues,6,5,REG
2026-02-03,Chicago Blackhawks,San Jose Sharks,Chicago Blackhawks,San Jose Sharks,6,3,REG
2026-02-03,Dallas Stars,Winnipeg Jets,Dallas Stars,Winnipeg Jets,4,3,OT
2026-02-03,Colorado Avalanche,Detroit Red Wings,Detroit Red Wings,Colorado Avalanche,2,0,REG
2026-02-03,Calgary Flames,Toronto Maple Leafs,Toronto Maple Leafs,Calgary Flames,4,2,REG
2026-02-04,New Jersey Devils,Columbus Blue Jackets,Columbus Blue Jackets,New Jersey Devils,3,0,REG
2026-02-04,Philadelphia Flyers,Washington Capitals,Philadelphia Flyers,Washington Capitals,4,2,REG
2026-02-04,Carolina Hurricanes,Ottawa Senators,Carolina Hurricanes,Ottawa Senators,4,3,REG
2026-02-04,Tampa Bay Lightning,Buffalo Sabres,Tampa Bay Lightning,Buffalo Sabres,4,3,OT
2026-02-04,New York Islanders,Pittsburgh Penguins,New York Islanders,Pittsburgh Penguins,5,4,OT
2026-02-04,Edmonton Oilers,Toronto Maple Leafs,Toronto Maple Leafs,Edmonton Oilers,5,2,REG
2026-02-04,Anaheim Ducks,Seattle Kraken,Anaheim Ducks,Seattle Kraken,4,2,REG
2026-02-05,Florida Panthers,Boston Bruins,Florida Panthers,Boston Bruins,5,4,SO
2026-02-05,Columbus Blue Jackets,Chicago Blackhawks,Columbus Blue Jackets,Chicago Blackhawks,4,0,REG
2026-02-05,Winnipeg Jets,Montreal Canadiens,Montreal Canadiens,Winnipeg Jets,5,1,REG
2026-02-05,Nashville Predators,Minnesota Wild,Minnesota Wild,Nashville Predators,6,5,OT
2026-02-05,Colorado Avalanche,San Jose Sharks,Colorado Avalanche,San Jose Sharks,4,2,REG
2026-02-05,Dallas Stars,St. Louis Blues,Dallas Stars,St. Louis Blues,5,4,REG
2026-02-05,Calgary Flames,Edmonton Oilers,Calgary Flames,Edmonton Oilers,4,3,REG
2026-02-05,Vegas Golden Knights,Vancouver Canucks,Vegas Golden Knights,Vancouver Canucks,5,2,REG
2026-02-05,Los Angeles Kings,Seattle Kraken,Seattle Kraken,Los Angeles Kings,4,2,REG
2026-02-06,Buffalo Sabres,Pittsburgh Penguins,Pittsburgh Penguins,Buffalo Sabres,5,2,REG
2026-02-06,New Jersey Devils,New York Islanders,New York Islanders,New Jersey Devils,3,1,REG
2026-02-06,New York Rangers,Carolina Hurricanes,Carolina Hurricanes,New York Rangers,2,0,REG
2026-02-06,Philadelphia Flyers,Ottawa Senators,Ottawa Senators,Philadelphia Flyers,2,1,OT
2026-02-06,Washington Capitals,Nashville Predators,Washington Capitals,Nashville Predators,4,2,REG
2026-02-06,Tampa Bay Lightning,Florida Panthers,Tampa Bay Lightning,Florida Panthers,5,1,REG
2026-02-06,Vegas Golden Knights,Los Angeles Kings,Vegas Golden Knights,Los Angeles Kings,4,1,REG
2026-02-26,New Jersey Devils,Buffalo Sabres,Buffalo Sabres,New Jersey Devils,2,1,REG
2026-02-26,Washington Capitals,Philadelphia Flyers,Washington Capitals,Philadelphia Flyers,3,1,REG
2026-02-26,Tampa Bay Lightning,Toronto Maple Leafs,Tampa Bay Lightning,Toronto Maple Leafs,4,2,REG
2026-02-26,Dallas Stars,Seattle Kraken,Dallas Stars,Seattle Kraken,4,1,REG
2026-02-26,Vancouver Canucks,Winnipeg Jets,Winnipeg Jets,Vancouver Canucks,3,2,OT
2026-02-26,Los Angeles Kings,Vegas Golden Knights,Vegas Golden Knights,Los Angeles Kings,6,4,REG
2026-02-26,Anaheim Ducks,Edmonton Oilers,Anaheim Ducks,Edmonton Oilers,6,5,REG
2026-02-27,Boston Bruins,Columbus Blue Jackets,Boston Bruins,Columbus Blue Jackets,4,2,REG
2026-02-27,Montreal Canadiens,New York Islanders,New York Islanders,Montreal Canadiens,4,3,OT
2026-02-27,Ottawa Senators,Detroit Red Wings,Detroit Red Wings,Ottawa Senators,2,1,OT
2026-02-27,Florida Panthers,Toronto Maple Leafs,Florida Panthers,Toronto Maple Leafs,5,1,REG
2026-02-27,Pittsburgh Penguins,New Jersey Devils,Pittsburgh Penguins,New Jersey Devils,4,1,REG
2026-02-27,Carolina Hurricanes,Tampa Bay Lightning,Carolina Hurricanes,Tampa Bay Lightning,5,4,REG
2026-02-27,New York Rangers,Philadelphia Flyers,Philadelphia Flyers,New York Rangers,3,2,OT
2026-02-27,St. Louis Blues,Seattle Kraken,St. Louis Blues,Seattle Kraken,5,1,REG
2026-02-27,Nashville Predators,Chicago Blackhawks,Nashville Predators,Chicago Blackhawks,4,2,REG
2026-02-27,Colorado Avalanche,Minnesota Wild,Minnesota Wild,Colorado Avalanche,5,2,REG
2026-02-27,San Jose Sharks,Calgary Flames,Calgary Flames,San Jose Sharks,4,1,REG
2026-02-27,Los Angeles Kings,Edmonton Oilers,Edmonton Oilers,Los Angeles Kings,5,1,REG
2026-02-28,Florida Panthers,Buffalo Sabres,Buffalo Sabres,Florida Panthers,3,2,REG
2026-02-28,Washington Capitals,Vegas Golden Knights,Washington Capitals,Vegas Golden Knights,3,2,REG
2026-02-28,Anaheim Ducks,Winnipeg Jets,Anaheim Ducks,Winnipeg Jets,5,4,OT
2026-02-28,New York Rangers,Pittsburgh Penguins,New York Rangers,Pittsburgh Penguins,3,2,SO
2026-02-28,Philadelphia Flyers,Boston Bruins,Philadelphia Flyers,Boston Bruins,3,1,REG
2026-02-28,San Jose Sharks,Edmonton Oilers,San Jose Sharks,Edmonton Oilers,5,4,REG
2026-02-28,St. Louis Blues,New Jersey Devils,New Jersey Devils,St. Louis Blues,3,1,REG
2026-02-28,Columbus Blue Jackets,New York Islanders,New York Islanders,Columbus Blue Jackets,4,3,OT
2026-02-28,Colorado Avalanche,Chicago Blackhawks,Colorado Avalanche,Chicago Blackhawks,3,1,REG
2026-03-01,Toronto Maple Leafs,Ottawa Senators,Ottawa Senators,Toronto Maple Leafs,5,2,REG
2026-03-01,Montreal Canadiens,Washington Capitals,Montreal Canadiens,Washington Capitals,6,2,REG
2026-03-01,Tampa Bay Lightning,Buffalo Sabres,Buffalo Sabres,Tampa Bay Lightning,6,2,REG
2026-03-01,Carolina Hurricanes,Detroit Red Wings,Carolina Hurricanes,Detroit Red Wings,5,2,REG
2026-03-01,Los Angeles Kings,Calgary Flames,Los Angeles Kings,Calgary Flames,2,0,REG
2026-03-01,Dallas Stars,Nashville Predators,Dallas Stars,Nashville Predators,3,2,OT
2026-03-01,Seattle Kraken,Vancouver Canucks,Seattle Kraken,Vancouver Canucks,5,1,REG
2026-03-01,Pittsburgh Penguins,Vegas Golden Knights,Pittsburgh Penguins,Vegas Golden Knights,4,0,REG
2026-03-01,San Jose Sharks,Winnipeg Jets,San Jose Sharks,Winnipeg Jets,2,1,OT
2026-03-01,Minnesota Wild,St. Louis Blues,St. Louis Blues,Minnesota Wild,3,1,REG
2026-03-01,New York Islanders,Florida Panthers,New York Islanders,Florida Panthers,5,4,REG
2026-03-02,Anaheim Ducks,Calgary Flames,Anaheim Ducks,Calgary Flames,3,2,SO
2026-03-02,Nashville Predators,Detroit Red Wings,Detroit Red Wings,Nashville Predators,4,2,REG
2026-03-03,New York Rangers,Columbus Blue Jackets,Columbus Blue Jackets,New York Rangers,5,4,OT
2026-03-03,Toronto Maple Leafs,Philadelphia Flyers,Philadelphia Flyers,Toronto Maple Leafs,3,2,SO
2026-03-03,Vancouver Canucks,Dallas Stars,Dallas Stars,Vancouver Canucks,5,1,REG
2026-03-03,Seattle Kraken,Carolina Hurricanes,Seattle Kraken,Carolina Hurricanes,2,1,REG
2026-03-03,Los Angeles Kings,Colorado Avalanche,Colorado Avalanche,Los Angeles Kings,4,2,REG
2026-03-04,Boston Bruins,Pittsburgh Penguins,Boston Bruins,Pittsburgh Penguins,2,1,REG
2026-03-04,Buffalo Sabres,Vegas Golden Knights,Buffalo Sabres,Vegas Golden Knights,3,2,REG
2026-03-04,New Jersey Devils,Florida Panthers,New Jersey Devils,Florida Panthers,5,1,REG
2026-03-04,Columbus Blue Jackets,Nashville Predators,Columbus Blue Jackets,Nashville Predators,3,2,REG
2026-03-04,Winnipeg Jets,Chicago Blackhawks,Winnipeg Jets,Chicago Blackhawks,3,2,OT
2026-03-04,Calgary Flames,Dallas Stars,Dallas Stars,Calgary Flames,5,1,REG
2026-03-04,Edmonton Oilers,Ottawa Senators,Edmonton Oilers,Ottawa Senators,5,4,OT
2026-03-04,Minnesota Wild,Tampa Bay Lightning,Minnesota Wild,Tampa Bay Lightning,5,1,REG
2026-03-04,Anaheim Ducks,Colorado Avalanche,Colorado Avalanche,Anaheim Ducks,5,1,REG
2026-03-04,San Jose Sharks,Montreal Canadiens,San Jose Sharks,Montreal Canadiens,7,5,REG
2026-03-05,Detroit Red Wings,Vegas Golden Knights,Vegas Golden Knights,Detroit Red Wings,4,3,OT
2026-03-05,New Jersey Devils,Toronto Maple Leafs,New Jersey Devils,Toronto Maple Leafs,4,3,SO
2026-03-05,Vancouver Canucks,Carolina Hurricanes,Carolina Hurricanes,Vancouver Canucks,6,4,REG
2026-03-05,Anaheim Ducks,New York Islanders,Anaheim Ducks,New York Islanders,5,1,REG
2026-03-05,Seattle Kraken,St. Louis Blues,St. Louis Blues,Seattle Kraken,3,2,REG
2026-03-06,New York Rangers,Toronto Maple Leafs,New York Rangers,Toronto Maple Leafs,6,2,REG
2026-03-06,Pittsburgh Penguins,Buffalo Sabres,Buffalo Sabres,Pittsburgh Penguins,5,1,REG
2026-03-06,Columbus Blue Jackets,Florida Panthers,Columbus Blue Jackets,Florida Panthers,4,2,REG
2026-03-06,Nashville Predators,Boston Bruins,Nashville Predators,Boston Bruins,6,3,REG
2026-03-06,Winnipeg Jets,Tampa Bay Lightning,Winnipeg Jets,Tampa Bay Lightning,4,1,REG
2026-03-06,Calgary Flames,Ottawa Senators,Ottawa Senators,Calgary Flames,4,1,REG
2026-03-06,Los Angeles Kings,New York Islanders,Los Angeles Kings,New York Islanders,5,3,REG
2026-03-07,Detroit Red Wings,Florida Panthers,Florida Panthers,Detroit Red Wings,3,1,REG
2026-03-07,Dallas Stars,Colorado Avalanche,Colorado Avalanche,Dallas Stars,5,4,SO
2026-03-07,Chicago Blackhawks,Vancouver Canucks,Vancouver Canucks,Chicago Blackhawks,6,3,REG
2026-03-07,Edmonton Oilers,Carolina Hurricanes,Carolina Hurricanes,Edmonton Oilers,6,3,REG
2026-03-07,Anaheim Ducks,Montreal Canadiens,Anaheim Ducks,Montreal Canadiens,6,5,SO
2026-03-07,Vegas Golden Knights,Minnesota Wild,Minnesota Wild,Vegas Golden Knights,4,2,REG
2026-03-07,San Jose Sharks,St. Louis Blues,St. Louis Blues,San Jose Sharks,3,2,OT
2026-03-07,Boston Bruins,Washington Capitals,Boston Bruins,Washington Capitals,3,1,REG
2026-03-07,New Jersey Devils,New York Rangers,New Jersey Devils,New York Rangers,6,3,REG
2026-03-07,Buffalo Sabres,Nashville Predators,Buffalo Sabres,Nashville Predators,3,2,REG
2026-03-07,Pittsburgh Penguins,Philadelphia Flyers,Philadelphia Flyers,Pittsburgh Penguins,4,3,SO
2026-03-08,Toronto Maple Leafs,Tampa Bay Lightning,Tampa Bay Lightning,Toronto Maple Leafs,5,2,REG
2026-03-08,Winnipeg Jets,Vancouver Canucks,Winnipeg Jets,Vancouver Canucks,3,2,OT
2026-03-08,Los Angeles Kings,Montreal Canadiens,Montreal Canadiens,Los Angeles Kings,4,3,REG
2026-03-08,Calgary Flames,Carolina Hurricanes,Calgary Flames,Carolina Hurricanes,5,4,REG
2026-03-08,San Jose Sharks,New York Islanders,New York Islanders,San Jose Sharks,2,1,OT
2026-03-08,Seattle Kraken,Ottawa Senators,Ottawa Senators,Seattle Kraken,7,4,REG
2026-03-08,Colorado Avalanche,Minnesota Wild,Colorado Avalanche,Minnesota Wild,3,2,SO
2026-03-08,Pittsburgh Penguins,Boston Bruins,Pittsburgh Penguins,Boston Bruins,5,4,OT
2026-03-08,Buffalo Sabres,Tampa Bay Lightning,Buffalo Sabres,Tampa Bay Lightning,8,7,REG
2026-03-08,Dallas Stars,Chicago Blackhawks,Dallas Stars,Chicago Blackhawks,4,3,OT
2026-03-08,New Jersey Devils,Detroit Red Wings,Detroit Red Wings,New Jersey Devils,3,0,REG
2026-03-09,Anaheim Ducks,St. Louis Blues,St. Louis Blues,Anaheim Ducks,4,0,REG
2026-03-09,Vegas Golden Knights,Edmonton Oilers,Edmonton Oilers,Vegas Golden Knights,4,2,REG
2026-03-09,Columbus Blue Jackets,Los Angeles Kings,Los Angeles Kings,Columbus Blue Jackets,5,4,OT
2026-03-09,Philadelphia Flyers,New York Rangers,New York Rangers,Philadelphia Flyers,6,2,REG
2026-03-09,Washington Capitals,Calgary Flames,Washington Capitals,Calgary Flames,7,3,REG
2026-03-10,Vancouver Canucks,Ottawa Senators,Ottawa Senators,Vancouver Canucks,2,0,REG
2026-03-10,Boston Bruins,Los Angeles Kings,Boston Bruins,Los Angeles Kings,2,1,OT
2026-03-10,Buffalo Sabres,San Jose Sharks,Buffalo Sabres,San Jose Sharks,6,3,REG
2026-03-10,Montreal Canadiens,Toronto Maple Leafs,Montreal Canadiens,Toronto Maple Leafs,3,1,REG
2026-03-10,Tampa Bay Lightning,Columbus Blue Jackets,Columbus Blue Jackets,Tampa Bay Lightning,5,2,REG
2026-03-10,Florida Panthers,Detroit Red Wings,Florida Panthers,Detroit Red Wings,4,3,REG
2026-03-10,New York Rangers,Calgary Flames,New York Rangers,Calgary Flames,4,0,REG
2026-03-10,Carolina Hurricanes,Pittsburgh Penguins,Carolina Hurricanes,Pittsburgh Penguins,5,4,SO
2026-03-10,St. Louis Blues,New York Islanders,New York Islanders,St. Louis Blues,4,3,OT
2026-03-11,Dallas Stars,Vegas Golden Knights,Dallas Stars,Vegas Golden Knights,2,1,REG
2026-03-11,Winnipeg Jets,Anaheim Ducks,Anaheim Ducks,Winnipeg Jets,4,1,REG
2026-03-11,Colorado Avalanche,Edmonton Oilers,Edmonton Oilers,Colorado Avalanche,4,3,REG
2026-03-11,Seattle Kraken,Nashville Predators,Nashville Predators,Seattle Kraken,4,2,REG
2026-03-11,Ottawa Senators,Montreal Canadiens,Montreal Canadiens,Ottawa Senators,3,2,REG
2026-03-11,Philadelphia Flyers,Washington Capitals,Philadelphia Flyers,Washington Capitals,4,1,REG
2026-03-12,Boston Bruins,San Jose Sharks,San Jose Sharks,Boston Bruins,4,2,REG
2026-03-12,Buffalo Sabres,Washington Capitals,Washington Capitals,Buffalo Sabres,2,1,REG
2026-03-12,Toronto Maple Leafs,Anaheim Ducks,Toronto Maple Leafs,Anaheim Ducks,6,4,REG
2026-03-12,Tampa Bay Lightning,Detroit Red Wings,Tampa Bay Lightning,Detroit Red Wings,4,1,REG
2026-03-12,Florida Panthers,Columbus Blue Jackets,Florida Panthers,Columbus Blue Jackets,2,1,OT
2026-03-12,New Jersey Devils,Calgary Flames,Calgary Flames,New Jersey Devils,5,4,REG
2026-03-12,Carolina Hurricanes,St. Louis Blues,St. Louis Blues,Carolina Hurricanes,3,1,REG
2026-03-13,Dallas Stars,Edmonton Oilers,Dallas Stars,Edmonton Oilers,6,2,REG
2026-03-13,Minnesota Wild,Philadelphia Flyers,Philadelphia Flyers,Minnesota Wild,3,2,SO
2026-03-13,Winnipeg Jets,New York Rangers,New York Rangers,Winnipeg Jets,6,3,REG
2026-03-13,Vancouver Canucks,Nashville Predators,Vancouver Canucks,Nashville Predators,4,3,SO
2026-03-13,Vegas Golden Knights,Pittsburgh Penguins,Vegas Golden Knights,Pittsburgh Penguins,6,2,REG
2026-03-13,Seattle Kraken,Colorado Avalanche,Colorado Avalanche,Seattle Kraken,5,1,REG
2026-03-13,New York Islanders,Los Angeles Kings,Los Angeles Kings,New York Islanders,3,2,REG
2026-03-14,St. Louis Blues,Edmonton Oilers,St. Louis Blues,Edmonton Oilers,3,2,OT
2026-03-14,Ottawa Senators,Anaheim Ducks,Ottawa Senators,Anaheim Ducks,2,0,REG
2026-03-14,Washington Capitals,Boston Bruins,Boston Bruins,Washington Capitals,3,2,SO
2026-03-14,Winnipeg Jets,Colorado Avalanche,Winnipeg Jets,Colorado Avalanche,3,1,REG
2026-03-14,Minnesota Wild,New York Rangers,New York Rangers,Minnesota Wild,4,2,REG
2026-03-14,Buffalo Sabres,Toronto Maple Leafs,Buffalo Sabres,Toronto Maple Leafs,3,2,SO
2026-03-14,Montreal Canadiens,San Jose Sharks,San Jose Sharks,Montreal Canadiens,4,2,REG
2026-03-14,Tampa Bay Lightning,Carolina Hurricanes,Carolina Hurricanes,Tampa Bay Lightning,4,2,REG
2026-03-14,New Jersey Devils,Los Angeles Kings,New Jersey Devils,Los Angeles Kings,6,4,REG
2026-03-14,New York Islanders,Calgary Flames,New York Islanders,Calgary Flames,3,2,REG
2026-03-14,Philadelphia Flyers,Columbus Blue Jackets,Columbus Blue Jackets,Philadelphia Flyers,2,1,SO
2026-03-15,Dallas Stars,Detroit Red Wings,Dallas Stars,Detroit Red Wings,3,2,OT
2026-03-15,Vancouver Canucks,Seattle Kraken,Seattle Kraken,Vancouver Canucks,5,2,REG
2026-03-15,Vegas Golden Knights,Chicago Blackhawks,Vegas Golden Knights,Chicago Blackhawks,4,0,REG
2026-03-15,Winnipeg Jets,St. Louis Blues,Winnipeg Jets,St. Louis Blues,3,2,REG
2026-03-15,Ottawa Senators,San Jose Sharks,Ottawa Senators,San Jose Sharks,7,4,REG
2026-03-15,Montreal Canadiens,Anaheim Ducks,Anaheim Ducks,Montreal Canadiens,4,3,REG
2026-03-15,Minnesota Wild,Toronto Maple Leafs,Toronto Maple Leafs,Minnesota Wild,4,2,REG
2026-03-16,Edmonton Oilers,Nashville Predators,Edmonton Oilers,Nashville Predators,3,1,REG
2026-03-16,Seattle Kraken,Florida Panthers,Seattle Kraken,Florida Panthers,6,2,REG
2026-03-16,Detroit Red Wings,Calgary Flames,Detroit Red Wings,Calgary Flames,5,2,REG
2026-03-16,New Jersey Devils,Boston Bruins,New Jersey Devils,Boston Bruins,4,3,OT
2026-03-16,New York Rangers,Los Angeles Kings,Los Angeles Kings,New York Rangers,4,1,REG
2026-03-17,Colorado Avalanche,Pittsburgh Penguins,Pittsburgh Penguins,Colorado Avalanche,6,2,REG
2026-03-17,Toronto Maple Leafs,New York Islanders,New York Islanders,Toronto Maple Leafs,3,1,REG
2026-03-17,Montreal Canadiens,Boston Bruins,Montreal Canadiens,Boston Bruins,3,2,OT
2026-03-17,Columbus Blue Jackets,Carolina Hurricanes,Columbus Blue Jackets,Carolina Hurricanes,5,1,REG
2026-03-17,Chicago Blackhawks,Minnesota Wild,Minnesota Wild,Chicago Blackhawks,4,3,OT
2026-03-18,Winnipeg Jets,Nashville Predators,Nashville Predators,Winnipeg Jets,4,3,SO
2026-03-18,Edmonton Oilers,San Jose Sharks,Edmonton Oilers,San Jose Sharks,5,3,REG
2026-03-18,Vancouver Canucks,Florida Panthers,Vancouver Canucks,Florida Panthers,5,2,REG
2026-03-18,Vegas Golden Knights,Buffalo Sabres,Buffalo Sabres,Vegas Golden Knights,2,0,REG
2026-03-18,Seattle Kraken,Tampa Bay Lightning,Tampa Bay Lightning,Seattle Kraken,6,2,REG
2026-03-18,New York Rangers,New Jersey Devils,New Jersey Devils,New York Rangers,6,3,REG
2026-03-18,Carolina Hurricanes,Pittsburgh Penguins,Carolina Hurricanes,Pittsburgh Penguins,6,5,OT
2026-03-18,Washington Capitals,Ottawa Senators,Washington Capitals,Ottawa Senators,4,1,REG
2026-03-19,Colorado Avalanche,Dallas Stars,Dallas Stars,Colorado Avalanche,2,1,SO
2026-03-19,Calgary Flames,St. Louis Blues,Calgary Flames,St. Louis Blues,2,1,SO
2026-03-19,Anaheim Ducks,Philadelphia Flyers,Philadelphia Flyers,Anaheim Ducks,3,2,OT
2026-03-19,Boston Bruins,Winnipeg Jets,Boston Bruins,Winnipeg Jets,5,1,REG
2026-03-19,Ottawa Senators,New York Islanders,Ottawa Senators,New York Islanders,3,2,REG
2026-03-19,Detroit Red Wings,Montreal Canadiens,Detroit Red Wings,Montreal Canadiens,3,1,REG
2026-03-19,Columbus Blue Jackets,New York Rangers,Columbus Blue Jackets,New York Rangers,6,3,REG
2026-03-19,Minnesota Wild,Chicago Blackhawks,Chicago Blackhawks,Minnesota Wild,2,1,REG
2026-03-20,Nashville Predators,Seattle Kraken,Nashville Predators,Seattle Kraken,3,1,REG
2026-03-20,Edmonton Oilers,Florida Panthers,Florida Panthers,Edmonton Oilers,4,0,REG
2026-03-20,Vancouver Canucks,Tampa Bay Lightning,Tampa Bay Lightning,Vancouver Canucks,6,2,REG
2026-03-20,San Jose Sharks,Buffalo Sabres,Buffalo Sabres,San Jose Sharks,4,0,REG
2026-03-20,Los Angeles Kings,Philadelphia Flyers,Philadelphia Flyers,Los Angeles Kings,4,3,SO
2026-03-20,Toronto Maple Leafs,Carolina Hurricanes,Carolina Hurricanes,Toronto Maple Leafs,4,3,OT
2026-03-20,Washington Capitals,New Jersey Devils,Washington Capitals,New Jersey Devils,2,1,REG
2026-03-21,Chicago Blackhawks,Colorado Avalanche,Colorado Avalanche,Chicago Blackhawks,4,1,REG
2026-03-21,Calgary Flames,Florida Panthers,Calgary Flames,Florida Panthers,4,1,REG
2026-03-21,Pittsburgh Penguins,Winnipeg Jets,Pittsburgh Penguins,Winnipeg Jets,5,4,SO
2026-03-21,Nashville Predators,Vegas Golden Knights,Nashville Predators,Vegas Golden Knights,4,1,REG
2026-03-21,Minnesota Wild,Dallas Stars,Minnesota Wild,Dallas Stars,2,1,OT
2026-03-21,Los Angeles Kings,Buffalo Sabres,Buffalo Sabres,Los Angeles Kings,4,1,REG
2026-03-21,San Jose Sharks,Philadelphia Flyers,Philadelphia Flyers,San Jose Sharks,4,1,REG
2026-03-21,Columbus Blue Jackets,Seattle Kraken,Columbus Blue Jackets,Seattle Kraken,5,2,REG
2026-03-21,Montreal Canadiens,New York Islanders,Montreal Canadiens,New York Islanders,7,3,REG
2026-03-21,Ottawa Senators,Toronto Maple Leafs,Ottawa Senators,Toronto Maple Leafs,5,2,REG
2026-03-21,Vancouver Canucks,St. Louis Blues,St. Louis Blues,Vancouver Canucks,3,1,REG
2026-03-22,Detroit Red Wings,Boston Bruins,Boston Bruins,Detroit Red Wings,4,2,REG
2026-03-22,Edmonton Oilers,Tampa Bay Lightning,Tampa Bay Lightning,Edmonton Oilers,5,2,REG
2026-03-22,New York Rangers,Winnipeg Jets,Winnipeg Jets,New York Rangers,3,2,SO
2026-03-22,Washington Capitals,Colorado Avalanche,Colorado Avalanche,Washington Capitals,3,2,OT
2026-03-22,Pittsburgh Penguins,Carolina Hurricanes,Carolina Hurricanes,Pittsburgh Penguins,5,1,REG
2026-03-22,Chicago Blackhawks,Nashville Predators,Nashville Predators,Chicago Blackhawks,3,2,OT
2026-03-22,Dallas Stars,Vegas Golden Knights,Vegas Golden Knights,Dallas Stars,3,2,REG
2026-03-23,Calgary Flames,Tampa Bay Lightning,Calgary Flames,Tampa Bay Lightning,4,3,OT
2026-03-23,Anaheim Ducks,Buffalo Sabres,Anaheim Ducks,Buffalo Sabres,6,5,OT
2026-03-23,New York Rangers,Ottawa Senators,Ottawa Senators,New York Rangers,2,1,REG
2026-03-24,Boston Bruins,Toronto Maple Leafs,Toronto Maple Leafs,Boston Bruins,4,2,REG
2026-03-24,Montreal Canadiens,Carolina Hurricanes,Montreal Canadiens,Carolina Hurricanes,5,2,REG
2026-03-24,Detroit Red Wings,Ottawa Senators,Ottawa Senators,Detroit Red Wings,3,2,REG
2026-03-24,Florida Panthers,Seattle Kraken,Florida Panthers,Seattle Kraken,5,4,SO
2026-03-24,New York Islanders,Chicago Blackhawks,Chicago Blackhawks,New York Islanders,4,3,REG
2026-03-24,Philadelphia Flyers,Columbus Blue Jackets,Columbus Blue Jackets,Philadelphia Flyers,3,2,REG
2026-03-24,Pittsburgh Penguins,Colorado Avalanche,Colorado Avalanche,Pittsburgh Penguins,6,2,REG
2026-03-24,Tampa Bay Lightning,Minnesota Wild,Tampa Bay Lightning,Minnesota Wild,6,3,REG
2026-03-25,St. Louis Blues,Washington Capitals,St. Louis Blues,Washington Capitals,3,0,REG
2026-03-25,Nashville Predators,San Jose Sharks,Nashville Predators,San Jose Sharks,6,3,REG
2026-03-25,Dallas Stars,New Jersey Devils,New Jersey Devils,Dallas Stars,6,4,REG
2026-03-25,Winnipeg Jets,Vegas Golden Knights,Winnipeg Jets,Vegas Golden Knights,4,1,REG
2026-03-25,Calgary Flames,Los Angeles Kings,Calgary Flames,Los Angeles Kings,3,2,SO
2026-03-25,Vancouver Canucks,Anaheim Ducks,Anaheim Ducks,Vancouver Canucks,5,3,REG
2026-03-25,Buffalo Sabres,Boston Bruins,Boston Bruins,Buffalo Sabres,4,3,OT
2026-03-25,Toronto Maple Leafs,New York Rangers,Toronto Maple Leafs,New York Rangers,4,3,REG
2026-03-26,Montreal Canadiens,Columbus Blue Jackets,Montreal Canadiens,Columbus Blue Jackets,2,1,REG
2026-03-26,Ottawa Senators,Pittsburgh Penguins,Pittsburgh Penguins,Ottawa Senators,4,3,SO
2026-03-26,Tampa Bay Lightning,Seattle Kraken,Seattle Kraken,Tampa Bay Lightning,4,3,OT
2026-03-26,Florida Panthers,Minnesota Wild,Minnesota Wild,Florida Panthers,3,2,REG
2026-03-26,New York Islanders,Dallas Stars,New York Islanders,Dallas Stars,2,1,REG
2026-03-26,Philadelphia Flyers,Chicago Blackhawks,Philadelphia Flyers,Chicago Blackhawks,5,1,REG
2026-03-27,St. Louis Blues,San Jose Sharks,St. Louis Blues,San Jose Sharks,2,1,OT
2026-03-27,Nashville Predators,New Jersey Devils,New Jersey Devils,Nashville Predators,4,2,REG
2026-03-27,Winnipeg Jets,Colorado Avalanche,Colorado Avalanche,Winnipeg Jets,3,2,REG
2026-03-27,Calgary Flames,Anaheim Ducks,Anaheim Ducks,Calgary Flames,3,2,OT
2026-03-27,Vegas Golden Knights,Edmonton Oilers,Edmonton Oilers,Vegas Golden Knights,4,3,OT
2026-03-27,Vancouver Canucks,Los Angeles Kings,Los Angeles Kings,Vancouver Canucks,4,0,REG
2026-03-27,Buffalo Sabres,Detroit Red Wings,Detroit Red Wings,Buffalo Sabres,5,2,REG
2026-03-27,New York Rangers,Chicago Blackhawks,New York Rangers,Chicago Blackhawks,5,1,REG
2026-03-28,Tampa Bay Lightning,Ottawa Senators,Tampa Bay Lightning,Ottawa Senators,4,2,REG
2026-03-28,New York Islanders,Florida Panthers,New York Islanders,Florida Panthers,5,2,REG
2026-03-28,Edmonton Oilers,Anaheim Ducks,Edmonton Oilers,Anaheim Ducks,4,2,REG
2026-03-28,Boston Bruins,Minnesota Wild,Boston Bruins,Minnesota Wild,6,3,REG
2026-03-28,Pittsburgh Penguins,Dallas Stars,Dallas Stars,Pittsburgh Penguins,6,3,REG
2026-03-28,Carolina Hurricanes,New Jersey Devils,Carolina Hurricanes,New Jersey Devils,5,2,REG
2026-03-28,Columbus Blue Jackets,San Jose Sharks,San Jose Sharks,Columbus Blue Jackets,3,2,REG
2026-03-28,Buffalo Sabres,Seattle Kraken,Buffalo Sabres,Seattle Kraken,3,2,SO
2026-03-28,St. Louis Blues,Toronto Maple Leafs,St. Louis Blues,Toronto Maple Leafs,5,1,REG
2026-03-28,Nashville Predators,Montreal Canadiens,Montreal Canadiens,Nashville Predators,4,1,REG
2026-03-28,Colorado Avalanche,Winnipeg Jets,Winnipeg Jets,Colorado Avalanche,4,2,REG
2026-03-29,Detroit Red Wings,Philadelphia Flyers,Philadelphia Flyers,Detroit Red Wings,5,3,REG
2026-03-29,Calgary Flames,Vancouver Canucks,Calgary Flames,Vancouver Canucks,7,3,REG
2026-03-29,Vegas Golden Knights,Washington Capitals,Washington Capitals,Vegas Golden Knights,5,4,SO
2026-03-29,New York Rangers,Florida Panthers,New York Rangers,Florida Panthers,3,1,REG
2026-03-29,Tampa Bay Lightning,Nashville Predators,Tampa Bay Lightning,Nashville Predators,3,2,REG
2026-03-29,Carolina Hurricanes,Montreal Canadiens,Montreal Canadiens,Carolina Hurricanes,3,1,REG
2026-03-29,Columbus Blue Jackets,Boston Bruins,Boston Bruins,Columbus Blue Jackets,4,3,SO
2026-03-29,New Jersey Devils,Chicago Blackhawks,New Jersey Devils,Chicago Blackhawks,5,3,REG
2026-03-29,Philadelphia Flyers,Dallas Stars,Philadelphia Flyers,Dallas Stars,2,1,OT
2026-03-30,New York Islanders,Pittsburgh Penguins,Pittsburgh Penguins,New York Islanders,7,3,REG
2026-03-31,Colorado Avalanche,Calgary Flames,Colorado Avalanche,Calgary Flames,6,2,REG
2026-03-31,Vegas Golden Knights,Vancouver Canucks,Vegas Golden Knights,Vancouver Canucks,4,2,REG
2026-03-31,Anaheim Ducks,Toronto Maple Leafs,Toronto Maple Leafs,Anaheim Ducks,5,4,OT
2026-03-31,San Jose Sharks,St. Louis Blues,San Jose Sharks,St. Louis Blues,5,4,REG
2026-03-31,Boston Bruins,Dallas Stars,Boston Bruins,Dallas Stars,6,3,REG
2026-03-31,Buffalo Sabres,New York Islanders,Buffalo Sabres,New York Islanders,4,3,REG
2026-03-31,Tampa Bay Lightning,Montreal Canadiens,Montreal Canadiens,Tampa Bay Lightning,4,1,REG
2026-03-31,Florida Panthers,Ottawa Senators,Florida Panthers,Ottawa Senators,6,3,REG
2026-03-31,New York Rangers,New Jersey Devils,New York Rangers,New Jersey Devils,4,1,REG
2026-03-31,Pittsburgh Penguins,Detroit Red Wings,Pittsburgh Penguins,Detroit Red Wings,5,1,REG
2026-03-31,Washington Capitals,Philadelphia Flyers,Washington Capitals,Philadelphia Flyers,6,4,REG
2026-03-31,Columbus Blue Jackets,Carolina Hurricanes,Carolina Hurricanes,Columbus Blue Jackets,5,2,REG
2026-04-01,Chicago Blackhawks,Winnipeg Jets,Winnipeg Jets,Chicago Blackhawks,4,3,OT
2026-04-01,Edmonton Oilers,Seattle Kraken,Edmonton Oilers,Seattle Kraken,3,0,REG
2026-04-02,Colorado Avalanche,Vancouver Canucks,Vancouver Canucks,Colorado Avalanche,8,6,REG
2026-04-02,Los Angeles Kings,St. Louis Blues,Los Angeles Kings,St. Louis Blues,2,1,OT
2026-04-02,San Jose Sharks,Anaheim Ducks,San Jose Sharks,Anaheim Ducks,4,3,REG
2026-04-02,Ottawa Senators,Buffalo Sabres,Ottawa Senators,Buffalo Sabres,4,1,REG
2026-04-02,Tampa Bay Lightning,Pittsburgh Penguins,Tampa Bay Lightning,Pittsburgh Penguins,6,3,REG
2026-04-02,Florida Panthers,Boston Bruins,Florida Panthers,Boston Bruins,2,1,REG
2026-04-02,New York Rangers,Montreal Canadiens,Montreal Canadiens,New York Rangers,3,2,REG
2026-04-02,Philadelphia Flyers,Detroit Red Wings,Detroit Red Wings,Philadelphia Flyers,4,2,REG
2026-04-02,Carolina Hurricanes,Columbus Blue Jackets,Carolina Hurricanes,Columbus Blue Jackets,5,1,REG
2026-04-02,New Jersey Devils,Washington Capitals,New Jersey Devils,Washington Capitals,7,3,REG
2026-04-03,Dallas Stars,Winnipeg Jets,Dallas Stars,Winnipeg Jets,3,0,REG
2026-04-03,Minnesota Wild,Vancouver Canucks,Minnesota Wild,Vancouver Canucks,5,2,REG
2026-04-03,Edmonton Oilers,Chicago Blackhawks,Edmonton Oilers,Chicago Blackhawks,3,1,REG
2026-04-03,Vegas Golden Knights,Calgary Flames,Vegas Golden Knights,Calgary Flames,6,3,REG
2026-04-03,San Jose Sharks,Toronto Maple Leafs,San Jose Sharks,Toronto Maple Leafs,4,1,REG
2026-04-03,Los Angeles Kings,Nashville Predators,Nashville Predators,Los Angeles Kings,5,4,SO
2026-04-03,New York Islanders,Philadelphia Flyers,Philadelphia Flyers,New York Islanders,4,1,REG
2026-04-04,Anaheim Ducks,St. Louis Blues,St. Louis Blues,Anaheim Ducks,6,2,REG
2026-04-04,New York Rangers,Detroit Red Wings,New York Rangers,Detroit Red Wings,4,1,REG
2026-04-04,Ottawa Senators,Minnesota Wild,Minnesota Wild,Ottawa Senators,4,1,REG
2026-04-04,Dallas Stars,Colorado Avalanche,Colorado Avalanche,Dallas Stars,2,0,REG
2026-04-04,Tampa Bay Lightning,Boston Bruins,Tampa Bay Lightning,Boston Bruins,3,1,REG
2026-04-04,Pittsburgh Penguins,Florida Panthers,Pittsburgh Penguins,Florida Panthers,8,4,REG
2026-04-04,New Jersey Devils,Montreal Canadiens,Montreal Canadiens,New Jersey Devils,4,3,SO
2026-04-04,Washington Capitals,Buffalo Sabres,Washington Capitals,Buffalo Sabres,6,2,REG
2026-04-04,Carolina Hurricanes,New York Islanders,Carolina Hurricanes,New York Islanders,4,3,REG
2026-04-04,Columbus Blue Jackets,Winnipeg Jets,Winnipeg Jets,Columbus Blue Jackets,2,1,REG
2026-04-04,Los Angeles Kings,Toronto Maple Leafs,Los Angeles Kings,Toronto Maple Leafs,7,6,OT
2026-04-05,Edmonton Oilers,Vegas Golden Knights,Vegas Golden Knights,Edmonton Oilers,5,1,REG
2026-04-05,Anaheim Ducks,Calgary Flames,Calgary Flames,Anaheim Ducks,5,3,REG
2026-04-05,San Jose Sharks,Nashville Predators,Nashville Predators,San Jose Sharks,6,3,REG
2026-04-05,Seattle Kraken,Chicago Blackhawks,Chicago Blackhawks,Seattle Kraken,4,2,REG
2026-04-05,Detroit Red Wings,Minnesota Wild,Minnesota Wild,Detroit Red Wings,5,4,REG
2026-04-05,Pittsburgh Penguins,Florida Panthers,Pittsburgh Penguins,Florida Panthers,5,2,REG
2026-04-05,Philadelphia Flyers,Boston Bruins,Philadelphia Flyers,Boston Bruins,2,1,OT
2026-04-05,Ottawa Senators,Carolina Hurricanes,Ottawa Senators,Carolina Hurricanes,6,3,REG
2026-04-05,Montreal Canadiens,New Jersey Devils,New Jersey Devils,Montreal Canadiens,3,0,REG
2026-04-05,New York Rangers,Washington Capitals,New York Rangers,Washington Capitals,5,1,REG
2026-04-06,Colorado Avalanche,St. Louis Blues,St. Louis Blues,Colorado Avalanche,3,2,REG
2026-04-06,Buffalo Sabres,Tampa Bay Lightning,Buffalo Sabres,Tampa Bay Lightning,4,2,REG
2026-04-06,Winnipeg Jets,Seattle Kraken,Winnipeg Jets,Seattle Kraken,6,2,REG
2026-04-07,San Jose Sharks,Chicago Blackhawks,San Jose Sharks,Chicago Blackhawks,3,2,REG
2026-04-07,Los Angeles Kings,Nashville Predators,Los Angeles Kings,Nashville Predators,3,2,SO
2026-04-07,Montreal Canadiens,Florida Panthers,Montreal Canadiens,Florida Panthers,4,3,SO
2026-04-07,Ottawa Senators,Tampa Bay Lightning,Ottawa Senators,Tampa Bay Lightning,6,2,REG
2026-04-07,Detroit Red Wings,Columbus Blue Jackets,Columbus Blue Jackets,Detroit Red Wings,4,3,SO
2026-04-07,New Jersey Devils,Philadelphia Flyers,Philadelphia Flyers,New Jersey Devils,5,1,REG
2026-04-07,Carolina Hurricanes,Boston Bruins,Carolina Hurricanes,Boston Bruins,6,5,OT
2026-04-08,St. Louis Blues,Colorado Avalanche,Colorado Avalanche,St. Louis Blues,3,1,REG
2026-04-08,Dallas Stars,Calgary Flames,Dallas Stars,Calgary Flames,4,3,OT
2026-04-08,Minnesota Wild,Seattle Kraken,Minnesota Wild,Seattle Kraken,5,2,REG
2026-04-08,Vancouver Canucks,Vegas Golden Knights,Vegas Golden Knights,Vancouver Canucks,2,1,REG
2026-04-08,Anaheim Ducks,Nashville Predators,Nashville Predators,Anaheim Ducks,4,0,REG
2026-04-08,New York Rangers,Buffalo Sabres,Buffalo Sabres,New York Rangers,5,3,REG
2026-04-08,Toronto Maple Leafs,Washington Capitals,Washington Capitals,Toronto Maple Leafs,4,0,REG
2026-04-09,San Jose Sharks,Edmonton Oilers,Edmonton Oilers,San Jose Sharks,5,2,REG
2026-04-09,New York Islanders,Toronto Maple Leafs,New York Islanders,Toronto Maple Leafs,5,3,REG
2026-04-09,Buffalo Sabres,Columbus Blue Jackets,Buffalo Sabres,Columbus Blue Jackets,4,0,REG
2026-04-09,Montreal Canadiens,Tampa Bay Lightning,Montreal Canadiens,Tampa Bay Lightning,2,1,REG
2026-04-09,Ottawa Senators,Florida Panthers,Ottawa Senators,Florida Panthers,5,1,REG
2026-04-09,Detroit Red Wings,Philadelphia Flyers,Detroit Red Wings,Philadelphia Flyers,6,3,REG
2026-04-09,New Jersey Devils,Pittsburgh Penguins,Pittsburgh Penguins,New Jersey Devils,5,2,REG
2026-04-10,St. Louis Blues,Winnipeg Jets,Winnipeg Jets,St. Louis Blues,3,2,REG
2026-04-10,Chicago Blackhawks,Carolina Hurricanes,Carolina Hurricanes,Chicago Blackhawks,6,2,REG
2026-04-10,Dallas Stars,Minnesota Wild,Dallas Stars,Minnesota Wild,5,4,REG
2026-04-10,Colorado Avalanche,Calgary Flames,Colorado Avalanche,Calgary Flames,3,1,REG
2026-04-10,Anaheim Ducks,San Jose Sharks,Anaheim Ducks,San Jose Sharks,5,1,REG
2026-04-10,Seattle Kraken,Vegas Golden Knights,Seattle Kraken,Vegas Golden Knights,4,3,SO
2026-04-10,Los Angeles Kings,Vancouver Canucks,Los Angeles Kings,Vancouver Canucks,4,1,REG
2026-04-11,Boston Bruins,Tampa Bay Lightning,Tampa Bay Lightning,Boston Bruins,2,1,REG
2026-04-11,New York Islanders,Ottawa Senators,Ottawa Senators,New York Islanders,3,0,REG
2026-04-11,Pittsburgh Penguins,Washington Capitals,Washington Capitals,Pittsburgh Penguins,6,3,REG
2026-04-11,Detroit Red Wings,New Jersey Devils,New Jersey Devils,Detroit Red Wings,5,3,REG
2026-04-11,Chicago Blackhawks,St. Louis Blues,St. Louis Blues,Chicago Blackhawks,5,3,REG
2026-04-11,Nashville Predators,Minnesota Wild,Nashville Predators,Minnesota Wild,2,1,REG
2026-04-11,Dallas Stars,New York Rangers,Dallas Stars,New York Rangers,2,0,REG
2026-04-11,Toronto Maple Leafs,Florida Panthers,Florida Panthers,Toronto Maple Leafs,6,2,REG
2026-04-11,Montreal Canadiens,Columbus Blue Jackets,Columbus Blue Jackets,Montreal Canadiens,5,2,REG
2026-04-11,Winnipeg Jets,Philadelphia Flyers,Philadelphia Flyers,Winnipeg Jets,5,1,REG
2026-04-11,Seattle Kraken,Calgary Flames,Seattle Kraken,Calgary Flames,4,1,REG
2026-04-12,Colorado Avalanche,Vegas Golden Knights,Vegas Golden Knights,Colorado Avalanche,3,2,OT
2026-04-12,San Jose Sharks,Vancouver Canucks,Vancouver Canucks,San Jose Sharks,4,3,SO
2026-04-12,Washington Capitals,Pittsburgh Penguins,Washington Capitals,Pittsburgh Penguins,3,0,REG
2026-04-12,New York Islanders,Montreal Canadiens,Montreal Canadiens,New York Islanders,4,1,REG
2026-04-12,Columbus Blue Jackets,Boston Bruins,Boston Bruins,Columbus Blue Jackets,3,2,REG
2026-04-12,New Jersey Devils,Ottawa Senators,New Jersey Devils,Ottawa Senators,4,3,OT
2026-04-13,Anaheim Ducks,Vancouver Canucks,Vancouver Canucks,Anaheim Ducks,4,3,OT
2026-04-13,Tampa Bay Lightning,Detroit Red Wings,Tampa Bay Lightning,Detroit Red Wings,4,3,OT
2026-04-13,Florida Panthers,New York Rangers,Florida Panthers,New York Rangers,3,2,REG
2026-04-13,Philadelphia Flyers,Carolina Hurricanes,Philadelphia Flyers,Carolina Hurricanes,3,2,SO
2026-04-13,Toronto Maple Leafs,Dallas Stars,Dallas Stars,Toronto Maple Leafs,6,5,REG
2026-04-14,St. Louis Blues,Minnesota Wild,St. Louis Blues,Minnesota Wild,6,3,REG
2026-04-14,Nashville Predators,San Jose Sharks,San Jose Sharks,Nashville Predators,3,2,REG
2026-04-14,Chicago Blackhawks,Buffalo Sabres,Buffalo Sabres,Chicago Blackhawks,5,1,REG
2026-04-14,Edmonton Oilers,Colorado Avalanche,Colorado Avalanche,Edmonton Oilers,2,1,SO
2026-04-14,Seattle Kraken,Los Angeles Kings,Los Angeles Kings,Seattle Kraken,5,3,REG
2026-04-14,Vegas Golden Knights,Winnipeg Jets,Vegas Golden Knights,Winnipeg Jets,6,2,REG
2026-04-14,Boston Bruins,New Jersey Devils,Boston Bruins,New Jersey Devils,4,0,REG
2026-04-14,New York Islanders,Carolina Hurricanes,Carolina Hurricanes,New York Islanders,2,1,REG
2026-04-14,Philadelphia Flyers,Montreal Canadiens,Philadelphia Flyers,Montreal Canadiens,4,2,REG
2026-04-14,Columbus Blue Jackets,Washington Capitals,Washington Capitals,Columbus Blue Jackets,2,1,REG
2026-04-15,Minnesota Wild,Anaheim Ducks,Minnesota Wild,Anaheim Ducks,3,2,REG
2026-04-15,Calgary Flames,Colorado Avalanche,Colorado Avalanche,Calgary Flames,3,1,REG
2026-04-15,St. Louis Blues,Pittsburgh Penguins,St. Louis Blues,Pittsburgh Penguins,7,5,REG
2026-04-15,Vancouver Canucks,Los Angeles Kings,Vancouver Canucks,Los Angeles Kings,4,3,OT
2026-04-15,Buffalo Sabres,Dallas Stars,Dallas Stars,Buffalo Sabres,4,3,SO
2026-04-15,Tampa Bay Lightning,New York Rangers,New York Rangers,Tampa Bay Lightning,4,2,REG
2026-04-15,Florida Panthers,Detroit Red Wings,Florida Panthers,Detroit Red Wings,5,1,REG
2026-04-15,Ottawa Senators,Toronto Maple Leafs,Ottawa Senators,Toronto Maple Leafs,3,1,REG
2026-04-16,Chicago Blackhawks,San Jose Sharks,Chicago Blackhawks,San Jose Sharks,5,2,REG
2026-04-16,Vegas Golden Knights,Seattle Kraken,Vegas Golden Knights,Seattle Kraken,4,1,REG
2026-04-17,Nashville Predators,Anaheim Ducks,Anaheim Ducks,Nashville Predators,5,4,REG
2026-04-17,Winnipeg Jets,San Jose Sharks,San Jose Sharks,Winnipeg Jets,5,1,REG
2026-04-17,Calgary Flames,Los Angeles Kings,Calgary Flames,Los Angeles Kings,3,1,REG
2026-04-17,Edmonton Oilers,Vancouver Canucks,Edmonton Oilers,Vancouver Canucks,5,1,REG
2026-04-17,Colorado Avalanche,Seattle Kraken,Colorado Avalanche,Seattle Kraken,2,0,REG
2026-04-18,Carolina Hurricanes,Ottawa Senators,Carolina Hurricanes,Ottawa Senators,2,0,REG
2026-04-18,Dallas Stars,Minnesota Wild,Minnesota Wild,Dallas Stars,5,1,REG
2026-04-19,Pittsburgh Penguins,Philadelphia Flyers,Philadelphia Flyers,Pittsburgh Penguins,3,2,REG
2026-04-19,Colorado Avalanche,Los Angeles Kings,Colorado Avalanche,Los Angeles Kings,2,1,REG
2026-04-19,Tampa Bay Lightning,Montreal Canadiens,Montreal Canadiens,Tampa Bay Lightning,4,3,OT
2026-04-19,Buffalo Sabres,Boston Bruins,Buffalo Sabres,Boston Bruins,4,3,REG
2026-04-20,Pittsburgh Penguins,Philadelphia Flyers,Philadelphia Flyers,Pittsburgh Penguins,3,0,REG
2026-04-20,Carolina Hurricanes,Ottawa Senators,Carolina Hurricanes,Ottawa Senators,3,2,OT
2026-04-21,Dallas Stars,Minnesota Wild,Dallas Stars,Minnesota Wild,4,2,REG
2026-04-21,Edmonton Oilers,Anaheim Ducks,Edmonton Oilers,Anaheim Ducks,4,3,REG
2026-04-21,Tampa Bay Lightning,Montreal Canadiens,Tampa Bay Lightning,Montreal Canadiens,3,2,OT
2026-04-21,Buffalo Sabres,Boston Bruins,Boston Bruins,Buffalo Sabres,4,2,REG
2026-04-22,Colorado Avalanche,Los Angeles Kings,Colorado Avalanche,Los Angeles Kings,2,1,OT
2026-04-22,Philadelphia Flyers,Pittsburgh Penguins,Philadelphia Flyers,Pittsburgh Penguins,5,2,REG
2026-04-23,Minnesota Wild,Dallas Stars,Dallas Stars,Minnesota Wild,4,3,OT
2026-04-23,Edmonton Oilers,Anaheim Ducks,Anaheim Ducks,Edmonton Oilers,6,4,REG
2026-04-23,Boston Bruins,Buffalo Sabres,Buffalo Sabres,Boston Bruins,3,1,REG
2026-04-23,Ottawa Senators,Carolina Hurricanes,Carolina Hurricanes,Ottawa Senators,2,1,REG
2026-04-24,Los Angeles Kings,Colorado Avalanche,Colorado Avalanche,Los Angeles Kings,4,2,REG
2026-04-24,Montreal Canadiens,Tampa Bay Lightning,Montreal Canadiens,Tampa Bay Lightning,3,2,OT
2026-04-25,Anaheim Ducks,Edmonton Oilers,Anaheim Ducks,Edmonton Oilers,6,4,REG
2026-04-25,Ottawa Senators,Carolina Hurricanes,Carolina Hurricanes,Ottawa Senators,4,2,REG
2026-04-25,Minnesota Wild,Dallas Stars,Minnesota Wild,Dallas Stars,3,2,OT
2026-04-26,Philadelphia Flyers,Pittsburgh Penguins,Pittsburgh Penguins,Philadelphia Flyers,4,2,REG
2026-04-26,Boston Bruins,Buffalo Sabres,Buffalo Sabres,Boston Bruins,5,1,REG
2026-04-26,Los Angeles Kings,Colorado Avalanche,Colorado Avalanche,Los Angeles Kings,5,1,REG
2026-04-26,Montreal Canadiens,Tampa Bay Lightning,Tampa Bay Lightning,Montreal Canadiens,3,2,REG
2026-04-27,Anaheim Ducks,Edmonton Oilers,Anaheim Ducks,Edmonton Oilers,4,3,OT
2026-04-27,Pittsburgh Penguins,Philadelphia Flyers,Pittsburgh Penguins,Philadelphia Flyers,3,2,REG
2026-04-28,Buffalo Sabres,Boston Bruins,Boston Bruins,Buffalo Sabres,2,1,OT
2026-04-29,Dallas Stars,Minnesota Wild,Minnesota Wild,Dallas Stars,4,2,REG
2026-04-29,Edmonton Oilers,Anaheim Ducks,Edmonton Oilers,Anaheim Ducks,4,1,REG
2026-04-29,Tampa Bay Lightning,Montreal Canadiens,Montreal Canadiens,Tampa Bay Lightning,3,2,REG
2026-04-30,Minnesota Wild,Dallas Stars,Minnesota Wild,Dallas Stars,5,2,REG
2026-05-01,Anaheim Ducks,Edmonton Oilers,Anaheim Ducks,Edmonton Oilers,5,2,REG
2026-05-01,Boston Bruins,Buffalo Sabres,Buffalo Sabres,Boston Bruins,4,1,REG
2026-05-03,Carolina Hurricanes,Philadelphia Flyers,Carolina Hurricanes,Philadelphia Flyers,3,0,REG
2026-05-03,Tampa Bay Lightning,Montreal Canadiens,Montreal Canadiens,Tampa Bay Lightning,2,1,REG
2026-05-04,Colorado Avalanche,Minnesota Wild,Colorado Avalanche,Minnesota Wild,9,6,REG
2026-05-04,Carolina Hurricanes,Philadelphia Flyers,Carolina Hurricanes,Philadelphia Flyers,3,2,OT
2026-05-05,Vegas Golden Knights,Anaheim Ducks,Vegas Golden Knights,Anaheim Ducks,3,1,REG
2026-05-06,Colorado Avalanche,Minnesota Wild,Colorado Avalanche,Minnesota Wild,5,2,REG
2026-05-06,Buffalo Sabres,Montreal Canadiens,Buffalo Sabres,Montreal Canadiens,4,2,REG
2026-05-07,Vegas Golden Knights,Anaheim Ducks,Anaheim Ducks,Vegas Golden Knights,3,1,REG
2026-05-08,Philadelphia Flyers,Carolina Hurricanes,Carolina Hurricanes,Philadelphia Flyers,4,1,REG
2026-05-08,Buffalo Sabres,Montreal Canadiens,Montreal Canadiens,Buffalo Sabres,5,1,REG
2026-05-09,Anaheim Ducks,Vegas Golden Knights,Vegas Golden Knights,Anaheim Ducks,6,2,REG
2026-05-09,Philadelphia Flyers,Carolina Hurricanes,Carolina Hurricanes,Philadelphia Flyers,3,2,OT
2026-05-10,Minnesota Wild,Colorado Avalanche,Minnesota Wild,Colorado Avalanche,5,1,REG
2026-05-10,Montreal Canadiens,Buffalo Sabres,Montreal Canadiens,Buffalo Sabres,6,2,REG
2026-05-11,Anaheim Ducks,Vegas Golden Knights,Anaheim Ducks,Vegas Golden Knights,4,3,REG
2026-05-12,Minnesota Wild,Colorado Avalanche,Colorado Avalanche,Minnesota Wild,5,2,REG
2026-05-12,Montreal Canadiens,Buffalo Sabres,Buffalo Sabres,Montreal Canadiens,3,2,REG
2026-05-13,Vegas Golden Knights,Anaheim Ducks,Vegas Golden Knights,Anaheim Ducks,3,2,OT
2026-05-14,Colorado Avalanche,Minnesota Wild,Colorado Avalanche,Minnesota Wild,4,3,OT
2026-05-14,Buffalo Sabres,Montreal Canadiens,Montreal Canadiens,Buffalo Sabres,6,3,REG
2026-05-15,Anaheim Ducks,Vegas Golden Knights,Vegas Golden Knights,Anaheim Ducks,5,1,REG
2026-05-17,Montreal Canadiens,Buffalo Sabres,Buffalo Sabres,Montreal Canadiens,7,3,REG
2026-05-18,Buffalo Sabres,Montreal Canadiens,Montreal Canadiens,Buffalo Sabres,3,2,OT
2026-05-21,Colorado Avalanche,Vegas Golden Knights,Vegas Golden Knights,Colorado Avalanche,4,2,REG
2026-05-22,Carolina Hurricanes,Montreal Canadiens,Montreal Canadiens,Carolina Hurricanes,6,2,REG
2026-05-23,Colorado Avalanche,Vegas Golden Knights,Vegas Golden Knights,Colorado Avalanche,3,1,REG
2026-05-23,Carolina Hurricanes,Montreal Canadiens,Carolina Hurricanes,Montreal Canadiens,3,2,OT
2026-05-25,Vegas Golden Knights,Colorado Avalanche,Vegas Golden Knights,Colorado Avalanche,5,3,REG
2026-05-26,Montreal Canadiens,Carolina Hurricanes,Carolina Hurricanes,Montreal Canadiens,3,2,OT
2026-05-27,Vegas Golden Knights,Colorado Avalanche,Vegas Golden Knights,Colorado Avalanche,2,1,REG
2026-05-28,Montreal Canadiens,Carolina Hurricanes,Carolina Hurricanes,Montreal Canadiens,4,0,REG
2026-05-30,Carolina Hurricanes,Montreal Canadiens,Carolina Hurricanes,Montreal Canadiens,5,1,REG
2026-06-03,Carolina Hurricanes,Vegas Golden Knights,Vegas Golden Knights,Carolina Hurricanes,5,4,REG
2026-06-05,Carolina Hurricanes,Vegas Golden Knights,Carolina Hurricanes,Vegas Golden Knights,4,3,OT
2026-06-07,Vegas Golden Knights,Carolina Hurricanes,Vegas Golden Knights,Carolina Hurricanes,5,4,OT
2026-06-10,Vegas Golden Knights,Carolina Hurricanes,Carolina Hurricanes,Vegas Golden Knights,5,3,REG
2026-06-12,Carolina Hurricanes,Vegas Golden Knights,Carolina Hurricanes,Vegas Golden Knights,4,2,REG
2026-06-15,Vegas Golden Knights,Carolina Hurricanes,Carolina Hurricanes,Vegas Golden Knights,3,0,REG
