date,home,away,winner,loser,winner_pts,loser_pts,end_type
2022-10-01,Buffalo Sabres,Pittsburgh Penguins,Buffalo Sabres,Pittsburgh Penguins,3,1,REG
2022-10-01,Boston Bruins,Philadelphia Flyers,Boston Bruins,Philadelphia Flyers,4,0,REG
2022-10-01,Carolina Hurricanes,Florida Panthers,Carolina Hurricanes,Florida Panthers,4,3,REG
2022-10-01,Ottawa Senators,Montreal Canadiens,Ottawa Senators,Montreal Canadiens,5,4,OT
2022-10-01,Columbus Blue Jackets,Washington Capitals,Columbus Blue Jackets,Washington Capitals,2,1,REG
2022-10-02,St. Louis Blues,Dallas Stars,Dallas Stars,St. Louis Blues,5,2,REG
2022-10-02,Winnipeg Jets,Edmonton Oilers,Edmonton Oilers,Winnipeg Jets,3,2,SO
2022-10-02,Chicago Blackhawks,Detroit Red Wings,Detroit Red Wings,Chicago Blackhawks,3,0,REG
2022-10-02,Seattle Kraken,Vancouver Canucks,Seattle Kraken,Vancouver Canucks,4,0,REG
2022-10-02,New York Islanders,Philadelphia Flyers,New York Islanders,Philadelphia Flyers,2,1,REG
2022-10-02,Chicago Blackhawks,Minnesota Wild,Minnesota Wild,Chicago Blackhawks,3,0,REG
2022-10-03,Los Angeles Kings,Anaheim Ducks,Los Angeles Kings,Anaheim Ducks,2,1,REG
2022-10-03,Montreal Canadiens,Toronto Maple Leafs,Toronto Maple Leafs,Montreal Canadiens,5,1,REG
2022-10-03,Carolina Hurricanes,Columbus Blue Jackets,Carolina Hurricanes,Columbus Blue Jackets,5,1,REG
2022-10-03,Detroit Red Wings,Pittsburgh Penguins,Pittsburgh Penguins,Detroit Red Wings,3,2,REG
2022-10-04,Dallas Stars,Colorado Avalanche,Colorado Avalanche,Dallas Stars,3,1,REG
2022-10-04,Edmonton Oilers,Vancouver Canucks,Edmonton Oilers,Vancouver Canucks,6,2,REG
2022-10-04,Calgary Flames,Seattle Kraken,Calgary Flames,Seattle Kraken,4,1,REG
2022-10-04,Philadelphia Flyers,New York Islanders,New York Islanders,Philadelphia Flyers,4,3,OT
2022-10-04,Montreal Canadiens,Ottawa Senators,Ottawa Senators,Montreal Canadiens,5,4,REG
2022-10-04,Buffalo Sabres,Carolina Hurricanes,Buffalo Sabres,Carolina Hurricanes,4,2,REG
2022-10-05,St. Louis Blues,Minnesota Wild,St. Louis Blues,Minnesota Wild,4,2,REG
2022-10-05,Vegas Golden Knights,Arizona Coyotes,Vegas Golden Knights,Arizona Coyotes,4,3,REG
2022-10-05,Anaheim Ducks,Los Angeles Kings,Anaheim Ducks,Los Angeles Kings,5,4,REG
2022-10-05,Washington Capitals,Detroit Red Wings,Washington Capitals,Detroit Red Wings,4,2,REG
2022-10-05,New York Rangers,Boston Bruins,Boston Bruins,New York Rangers,5,4,REG
2022-10-06,Winnipeg Jets,Calgary Flames,Winnipeg Jets,Calgary Flames,4,0,REG
2022-10-06,Colorado Avalanche,Dallas Stars,Colorado Avalanche,Dallas Stars,2,1,REG
2022-10-06,Vancouver Canucks,Edmonton Oilers,Vancouver Canucks,Edmonton Oilers,5,4,REG
2022-10-06,Montreal Canadiens,Ottawa Senators,Ottawa Senators,Montreal Canadiens,4,3,REG
2022-10-06,Florida Panthers,Tampa Bay Lightning,Florida Panthers,Tampa Bay Lightning,3,2,REG
2022-10-06,New York Islanders,New Jersey Devils,New York Islanders,New Jersey Devils,5,2,REG
2022-10-07,Minnesota Wild,Chicago Blackhawks,Minnesota Wild,Chicago Blackhawks,4,1,REG
2022-10-07,Columbus Blue Jackets,St. Louis Blues,Columbus Blue Jackets,St. Louis Blues,4,0,REG
2022-10-07,Los Angeles Kings,Vegas Golden Knights,Vegas Golden Knights,Los Angeles Kings,6,4,REG
2022-10-07,Nashville Predators,San Jose Sharks,Nashville Predators,San Jose Sharks,4,1,REG
2022-10-07,Pittsburgh Penguins,Buffalo Sabres,Pittsburgh Penguins,Buffalo Sabres,5,1,REG
2022-10-07,Detroit Red Wings,Toronto Maple Leafs,Detroit Red Wings,Toronto Maple Leafs,4,2,REG
2022-10-08,Edmonton Oilers,Seattle Kraken,Edmonton Oilers,Seattle Kraken,5,3,REG
2022-10-08,Calgary Flames,Winnipeg Jets,Winnipeg Jets,Calgary Flames,5,3,REG
2022-10-08,Vancouver Canucks,Arizona Coyotes,Vancouver Canucks,Arizona Coyotes,4,0,REG
2022-10-08,San Jose Sharks,Nashville Predators,Nashville Predators,San Jose Sharks,3,2,REG
2022-10-08,St. Louis Blues,Chicago Blackhawks,St. Louis Blues,Chicago Blackhawks,4,0,REG
2022-10-08,Tampa Bay Lightning,Florida Panthers,Tampa Bay Lightning,Florida Panthers,5,2,REG
2022-10-08,Los Angeles Kings,Anaheim Ducks,Los Angeles Kings,Anaheim Ducks,6,3,REG
2022-10-08,Minnesota Wild,Dallas Stars,Minnesota Wild,Dallas Stars,5,1,REG
2022-10-08,Ottawa Senators,Montreal Canadiens,Ottawa Senators,Montreal Canadiens,3,2,OT
2022-10-08,New York Islanders,New York Rangers,New York Islanders,New York Rangers,3,1,REG
2022-10-08,Toronto Maple Leafs,Detroit Red Wings,Toronto Maple Leafs,Detroit Red Wings,5,1,REG
2022-10-08,Boston Bruins,New Jersey Devils,New Jersey Devils,Boston Bruins,5,3,REG
2022-10-08,Washington Capitals,Columbus Blue Jackets,Washington Capitals,Columbus Blue Jackets,4,3,OT
2022-10-09,Vegas Golden Knights,Arizona Coyotes,Vegas Golden Knights,Arizona Coyotes,5,1,REG
2022-10-11,New York Rangers,Tampa Bay Lightning,New York Rangers,Tampa Bay Lightning,3,1,REG
2022-10-12,Los Angeles Kings,Vegas Golden Knights,Vegas Golden Knights,Los Angeles Kings,4,3,REG
2022-10-12,Carolina Hurricanes,Columbus Blue Jackets,Carolina Hurricanes,Columbus Blue Jackets,4,1,REG
2022-10-12,Montreal Canadiens,Toronto Maple Leafs,Montreal Canadiens,Toronto Maple Leafs,4,3,REG
2022-10-12,Washington Capitals,Boston Bruins,Boston Bruins,Washington Capitals,5,2,REG
2022-10-13,Colorado Avalanche,Chicago Blackhawks,Colorado Avalanche,Chicago Blackhawks,5,2,REG
2022-10-13,Anaheim Ducks,Seattle Kraken,Anaheim Ducks,Seattle Kraken,5,4,OT
2022-10-13,Edmonton Oilers,Vancouver Canucks,Edmonton Oilers,Vancouver Canucks,5,3,REG
2022-10-13,Buffalo Sabres,Ottawa Senators,Buffalo Sabres,Ottawa Senators,4,1,REG
2022-10-13,Philadelphia Flyers,New Jersey Devils,Philadelphia Flyers,New Jersey Devils,5,2,REG
2022-10-13,Pittsburgh Penguins,Arizona Coyotes,Pittsburgh Penguins,Arizona Coyotes,6,2,REG
2022-10-13,New York Islanders,Florida Panthers,Florida Panthers,New York Islanders,3,1,REG
2022-10-13,Toronto Maple Leafs,Washington Capitals,Toronto Maple Leafs,Washington Capitals,3,2,REG
2022-10-14,Minnesota Wild,New York Rangers,New York Rangers,Minnesota Wild,7,3,REG
2022-10-14,Nashville Predators,Dallas Stars,Dallas Stars,Nashville Predators,4,1,REG
2022-10-14,Calgary Flames,Colorado Avalanche,Calgary Flames,Colorado Avalanche,5,3,REG
2022-10-14,Los Angeles Kings,Seattle Kraken,Seattle Kraken,Los Angeles Kings,4,1,REG
2022-10-14,Columbus Blue Jackets,Tampa Bay Lightning,Tampa Bay Lightning,Columbus Blue Jackets,5,2,REG
2022-10-14,Detroit Red Wings,Montreal Canadiens,Detroit Red Wings,Montreal Canadiens,3,0,REG
2022-10-15,Winnipeg Jets,New York Rangers,Winnipeg Jets,New York Rangers,4,1,REG
2022-10-15,San Jose Sharks,Carolina Hurricanes,Carolina Hurricanes,San Jose Sharks,2,1,REG
2022-10-15,Buffalo Sabres,Florida Panthers,Florida Panthers,Buffalo Sabres,4,3,REG
2022-10-15,Philadelphia Flyers,Vancouver Canucks,Philadelphia Flyers,Vancouver Canucks,3,2,REG
2022-10-15,Boston Bruins,Arizona Coyotes,Boston Bruins,Arizona Coyotes,6,3,REG
2022-10-15,New Jersey Devils,Detroit Red Wings,Detroit Red Wings,New Jersey Devils,5,2,REG
2022-10-15,Pittsburgh Penguins,Tampa Bay Lightning,Pittsburgh Penguins,Tampa Bay Lightning,6,2,REG
2022-10-15,Toronto Maple Leafs,Ottawa Senators,Toronto Maple Leafs,Ottawa Senators,3,2,REG
2022-10-15,Washington Capitals,Montreal Canadiens,Washington Capitals,Montreal Canadiens,3,1,REG
2022-10-15,New York Islanders,Anaheim Ducks,New York Islanders,Anaheim Ducks,5,1,REG
2022-10-16,Dallas Stars,Nashville Predators,Dallas Stars,Nashville Predators,5,1,REG
2022-10-16,Minnesota Wild,Los Angeles Kings,Los Angeles Kings,Minnesota Wild,7,6,REG
2022-10-16,St. Louis Blues,Columbus Blue Jackets,St. Louis Blues,Columbus Blue Jackets,5,2,REG
2022-10-16,Edmonton Oilers,Calgary Flames,Calgary Flames,Edmonton Oilers,4,3,REG
2022-10-16,San Jose Sharks,Chicago Blackhawks,Chicago Blackhawks,San Jose Sharks,5,2,REG
2022-10-16,Seattle Kraken,Vegas Golden Knights,Vegas Golden Knights,Seattle Kraken,5,2,REG
2022-10-17,Boston Bruins,Florida Panthers,Boston Bruins,Florida Panthers,5,3,REG
2022-10-17,Detroit Red Wings,Los Angeles Kings,Los Angeles Kings,Detroit Red Wings,5,4,OT
2022-10-17,Montreal Canadiens,Pittsburgh Penguins,Montreal Canadiens,Pittsburgh Penguins,3,2,OT
2022-10-17,New York Rangers,Anaheim Ducks,New York Rangers,Anaheim Ducks,6,4,REG
2022-10-17,Toronto Maple Leafs,Arizona Coyotes,Arizona Coyotes,Toronto Maple Leafs,4,2,REG
2022-10-17,Washington Capitals,Vancouver Canucks,Washington Capitals,Vancouver Canucks,6,4,REG
2022-10-18,Minnesota Wild,Colorado Avalanche,Colorado Avalanche,Minnesota Wild,6,3,REG
2022-10-18,Dallas Stars,Winnipeg Jets,Dallas Stars,Winnipeg Jets,4,1,REG
2022-10-18,Seattle Kraken,Carolina Hurricanes,Carolina Hurricanes,Seattle Kraken,5,1,REG
2022-10-18,Columbus Blue Jackets,Vancouver Canucks,Columbus Blue Jackets,Vancouver Canucks,4,3,OT
2022-10-18,New Jersey Devils,Anaheim Ducks,New Jersey Devils,Anaheim Ducks,4,2,REG
2022-10-18,Ottawa Senators,Boston Bruins,Ottawa Senators,Boston Bruins,7,5,REG
2022-10-18,Tampa Bay Lightning,Philadelphia Flyers,Philadelphia Flyers,Tampa Bay Lightning,3,2,REG
2022-10-18,New York Islanders,San Jose Sharks,New York Islanders,San Jose Sharks,5,2,REG
2022-10-19,Calgary Flames,Vegas Golden Knights,Calgary Flames,Vegas Golden Knights,3,2,REG
2022-10-19,Edmonton Oilers,Buffalo Sabres,Buffalo Sabres,Edmonton Oilers,4,2,REG
2022-10-19,Nashville Predators,Los Angeles Kings,Los Angeles Kings,Nashville Predators,4,3,SO
2022-10-19,Florida Panthers,Philadelphia Flyers,Florida Panthers,Philadelphia Flyers,4,3,REG
2022-10-20,Colorado Avalanche,Winnipeg Jets,Winnipeg Jets,Colorado Avalanche,4,3,OT
2022-10-20,Seattle Kraken,St. Louis Blues,St. Louis Blues,Seattle Kraken,4,3,OT
2022-10-20,Boston Bruins,Anaheim Ducks,Boston Bruins,Anaheim Ducks,2,1,SO
2022-10-20,Columbus Blue Jackets,Nashville Predators,Columbus Blue Jackets,Nashville Predators,5,3,REG
2022-10-20,Montreal Canadiens,Arizona Coyotes,Montreal Canadiens,Arizona Coyotes,6,2,REG
2022-10-20,New York Rangers,San Jose Sharks,San Jose Sharks,New York Rangers,3,2,OT
2022-10-20,Ottawa Senators,Washington Capitals,Ottawa Senators,Washington Capitals,5,2,REG
2022-10-20,Pittsburgh Penguins,Los Angeles Kings,Pittsburgh Penguins,Los Angeles Kings,5,1,REG
2022-10-20,Toronto Maple Leafs,Dallas Stars,Toronto Maple Leafs,Dallas Stars,3,2,OT
2022-10-20,New York Islanders,New Jersey Devils,New Jersey Devils,New York Islanders,4,1,REG
2022-10-21,Minnesota Wild,Vancouver Canucks,Minnesota Wild,Vancouver Canucks,4,3,OT
2022-10-21,Edmonton Oilers,Carolina Hurricanes,Edmonton Oilers,Carolina Hurricanes,6,4,REG
2022-10-21,Calgary Flames,Buffalo Sabres,Buffalo Sabres,Calgary Flames,6,3,REG
2022-10-21,Vegas Golden Knights,Winnipeg Jets,Vegas Golden Knights,Winnipeg Jets,5,2,REG
2022-10-21,Florida Panthers,Tampa Bay Lightning,Tampa Bay Lightning,Florida Panthers,3,2,OT
2022-10-22,Chicago Blackhawks,Detroit Red Wings,Chicago Blackhawks,Detroit Red Wings,4,3,OT
2022-10-22,Colorado Avalanche,Seattle Kraken,Seattle Kraken,Colorado Avalanche,3,2,REG
2022-10-22,Boston Bruins,Minnesota Wild,Boston Bruins,Minnesota Wild,4,3,OT
2022-10-22,New Jersey Devils,San Jose Sharks,New Jersey Devils,San Jose Sharks,2,1,REG
2022-10-22,Edmonton Oilers,St. Louis Blues,St. Louis Blues,Edmonton Oilers,2,0,REG
2022-10-22,Ottawa Senators,Arizona Coyotes,Ottawa Senators,Arizona Coyotes,6,2,REG
2022-10-22,Columbus Blue Jackets,Pittsburgh Penguins,Pittsburgh Penguins,Columbus Blue Jackets,6,3,REG
2022-10-22,Montreal Canadiens,Dallas Stars,Dallas Stars,Montreal Canadiens,5,2,REG
2022-10-22,Tampa Bay Lightning,New York Islanders,Tampa Bay Lightning,New York Islanders,5,3,REG
2022-10-22,Washington Capitals,Los Angeles Kings,Washington Capitals,Los Angeles Kings,4,3,REG
2022-10-22,Winnipeg Jets,Toronto Maple Leafs,Toronto Maple Leafs,Winnipeg Jets,4,1,REG
2022-10-23,Nashville Predators,Philadelphia Flyers,Philadelphia Flyers,Nashville Predators,3,1,REG
2022-10-23,Calgary Flames,Carolina Hurricanes,Calgary Flames,Carolina Hurricanes,3,2,OT
2022-10-23,Vancouver Canucks,Buffalo Sabres,Buffalo Sabres,Vancouver Canucks,5,1,REG
2022-10-23,Vegas Golden Knights,Colorado Avalanche,Colorado Avalanche,Vegas Golden Knights,3,2,REG
2022-10-23,Chicago Blackhawks,Seattle Kraken,Chicago Blackhawks,Seattle Kraken,5,4,REG
2022-10-23,Detroit Red Wings,Anaheim Ducks,Detroit Red Wings,Anaheim Ducks,5,1,REG
2022-10-23,Florida Panthers,New York Islanders,Florida Panthers,New York Islanders,3,2,REG
2022-10-23,New York Rangers,Columbus Blue Jackets,Columbus Blue Jackets,New York Rangers,5,1,REG
2022-10-23,Philadelphia Flyers,San Jose Sharks,San Jose Sharks,Philadelphia Flyers,3,0,REG
2022-10-24,New Jersey Devils,Washington Capitals,Washington Capitals,New Jersey Devils,6,3,REG
2022-10-24,Ottawa Senators,Dallas Stars,Ottawa Senators,Dallas Stars,4,2,REG
2022-10-25,Edmonton Oilers,Pittsburgh Penguins,Edmonton Oilers,Pittsburgh Penguins,6,3,REG
2022-10-25,Winnipeg Jets,St. Louis Blues,Winnipeg Jets,St. Louis Blues,4,0,REG
2022-10-25,Vegas Golden Knights,Toronto Maple Leafs,Vegas Golden Knights,Toronto Maple Leafs,3,1,REG
2022-10-25,Vancouver Canucks,Carolina Hurricanes,Carolina Hurricanes,Vancouver Canucks,3,2,REG
2022-10-25,Boston Bruins,Dallas Stars,Boston Bruins,Dallas Stars,3,1,REG
2022-10-25,Columbus Blue Jackets,Arizona Coyotes,Arizona Coyotes,Columbus Blue Jackets,6,3,REG
2022-10-25,Detroit Red Wings,New Jersey Devils,New Jersey Devils,Detroit Red Wings,6,2,REG
2022-10-25,Montreal Canadiens,Minnesota Wild,Minnesota Wild,Montreal Canadiens,3,1,REG
2022-10-26,New York Rangers,Colorado Avalanche,Colorado Avalanche,New York Rangers,3,2,SO
2022-10-26,Chicago Blackhawks,Florida Panthers,Chicago Blackhawks,Florida Panthers,4,2,REG
2022-10-26,Calgary Flames,Pittsburgh Penguins,Calgary Flames,Pittsburgh Penguins,4,1,REG
2022-10-26,Seattle Kraken,Buffalo Sabres,Seattle Kraken,Buffalo Sabres,5,1,REG
2022-10-26,Los Angeles Kings,Tampa Bay Lightning,Los Angeles Kings,Tampa Bay Lightning,4,2,REG
2022-10-26,San Jose Sharks,Vegas Golden Knights,Vegas Golden Knights,San Jose Sharks,4,2,REG
2022-10-26,New York Islanders,New York Rangers,New York Islanders,New York Rangers,3,0,REG
2022-10-27,St. Louis Blues,Edmonton Oilers,Edmonton Oilers,St. Louis Blues,3,1,REG
2022-10-27,Anaheim Ducks,Tampa Bay Lightning,Tampa Bay Lightning,Anaheim Ducks,4,2,REG
2022-10-27,Boston Bruins,Detroit Red Wings,Boston Bruins,Detroit Red Wings,5,1,REG
2022-10-27,Buffalo Sabres,Montreal Canadiens,Montreal Canadiens,Buffalo Sabres,3,2,REG
2022-10-27,Ottawa Senators,Minnesota Wild,Minnesota Wild,Ottawa Senators,4,2,REG
2022-10-27,Philadelphia Flyers,Florida Panthers,Philadelphia Flyers,Florida Panthers,4,3,REG
2022-10-28,Nashville Predators,St. Louis Blues,Nashville Predators,St. Louis Blues,6,2,REG
2022-10-28,Chicago Blackhawks,Edmonton Oilers,Edmonton Oilers,Chicago Blackhawks,6,5,REG
2022-10-28,Dallas Stars,Washington Capitals,Dallas Stars,Washington Capitals,2,0,REG
2022-10-28,Seattle Kraken,Vancouver Canucks,Vancouver Canucks,Seattle Kraken,5,4,REG
2022-10-28,Los Angeles Kings,Winnipeg Jets,Winnipeg Jets,Los Angeles Kings,6,4,REG
2022-10-28,San Jose Sharks,Toronto Maple Leafs,San Jose Sharks,Toronto Maple Leafs,4,3,OT
2022-10-28,Vegas Golden Knights,Anaheim Ducks,Vegas Golden Knights,Anaheim Ducks,4,0,REG
2022-10-28,Carolina Hurricanes,New York Islanders,New York Islanders,Carolina Hurricanes,6,2,REG
2022-10-28,Columbus Blue Jackets,Boston Bruins,Boston Bruins,Columbus Blue Jackets,4,0,REG
2022-10-29,Vancouver Canucks,Pittsburgh Penguins,Vancouver Canucks,Pittsburgh Penguins,5,1,REG
2022-10-29,Arizona Coyotes,Winnipeg Jets,Winnipeg Jets,Arizona Coyotes,3,2,OT
2022-10-29,Dallas Stars,New York Rangers,New York Rangers,Dallas Stars,6,3,REG
2022-10-29,Florida Panthers,Ottawa Senators,Florida Panthers,Ottawa Senators,5,3,REG
2022-10-29,San Jose Sharks,Tampa Bay Lightning,Tampa Bay Lightning,San Jose Sharks,4,3,REG
2022-10-29,Buffalo Sabres,Chicago Blackhawks,Buffalo Sabres,Chicago Blackhawks,4,3,OT
2022-10-29,Detroit Red Wings,Minnesota Wild,Detroit Red Wings,Minnesota Wild,2,1,REG
2022-10-29,Los Angeles Kings,Toronto Maple Leafs,Los Angeles Kings,Toronto Maple Leafs,4,2,REG
2022-10-29,Philadelphia Flyers,Carolina Hurricanes,Carolina Hurricanes,Philadelphia Flyers,4,3,OT
2022-10-29,St. Louis Blues,Montreal Canadiens,Montreal Canadiens,St. Louis Blues,7,4,REG
2022-10-29,New York Islanders,Colorado Avalanche,New York Islanders,Colorado Avalanche,5,4,REG
2022-10-30,Nashville Predators,Washington Capitals,Washington Capitals,Nashville Predators,3,0,REG
2022-10-30,Calgary Flames,Edmonton Oilers,Edmonton Oilers,Calgary Flames,3,2,REG
2022-10-30,Seattle Kraken,Pittsburgh Penguins,Seattle Kraken,Pittsburgh Penguins,3,1,REG
2022-10-30,New Jersey Devils,Columbus Blue Jackets,New Jersey Devils,Columbus Blue Jackets,5,1,REG
2022-10-30,Chicago Blackhawks,Minnesota Wild,Minnesota Wild,Chicago Blackhawks,4,3,SO
2022-10-31,Anaheim Ducks,Toronto Maple Leafs,Anaheim Ducks,Toronto Maple Leafs,4,3,OT
2022-10-31,Arizona Coyotes,New York Rangers,New York Rangers,Arizona Coyotes,3,2,REG
2022-10-31,Vegas Golden Knights,Winnipeg Jets,Vegas Golden Knights,Winnipeg Jets,2,1,OT
2022-10-31,Buffalo Sabres,Detroit Red Wings,Buffalo Sabres,Detroit Red Wings,7,3,REG
2022-10-31,Carolina Hurricanes,Washington Capitals,Carolina Hurricanes,Washington Capitals,3,2,SO
2022-11-01,St. Louis Blues,Los Angeles Kings,Los Angeles Kings,St. Louis Blues,5,1,REG
2022-11-01,Tampa Bay Lightning,Ottawa Senators,Tampa Bay Lightning,Ottawa Senators,4,3,REG
2022-11-01,Washington Capitals,Vegas Golden Knights,Vegas Golden Knights,Washington Capitals,3,2,OT
2022-11-02,Minnesota Wild,Montreal Canadiens,Minnesota Wild,Montreal Canadiens,4,1,REG
2022-11-02,Pittsburgh Penguins,Boston Bruins,Boston Bruins,Pittsburgh Penguins,6,5,OT
2022-11-02,Chicago Blackhawks,New York Islanders,New York Islanders,Chicago Blackhawks,3,1,REG
2022-11-02,Dallas Stars,Los Angeles Kings,Dallas Stars,Los Angeles Kings,5,2,REG
2022-11-02,Calgary Flames,Seattle Kraken,Seattle Kraken,Calgary Flames,5,4,REG
2022-11-02,Edmonton Oilers,Nashville Predators,Edmonton Oilers,Nashville Predators,7,4,REG
2022-11-02,Arizona Coyotes,Florida Panthers,Arizona Coyotes,Florida Panthers,3,1,REG
2022-11-02,Vancouver Canucks,New Jersey Devils,New Jersey Devils,Vancouver Canucks,5,2,REG
2022-11-02,San Jose Sharks,Anaheim Ducks,Anaheim Ducks,San Jose Sharks,6,5,SO
2022-11-02,Toronto Maple Leafs,Philadelphia Flyers,Toronto Maple Leafs,Philadelphia Flyers,5,2,REG
2022-11-02,Buffalo Sabres,Pittsburgh Penguins,Buffalo Sabres,Pittsburgh Penguins,6,3,REG
2022-11-03,Detroit Red Wings,Washington Capitals,Detroit Red Wings,Washington Capitals,3,1,REG
2022-11-03,Ottawa Senators,Vegas Golden Knights,Vegas Golden Knights,Ottawa Senators,5,4,REG
2022-11-03,Tampa Bay Lightning,Carolina Hurricanes,Carolina Hurricanes,Tampa Bay Lightning,4,3,SO
2022-11-03,New York Rangers,Boston Bruins,Boston Bruins,New York Rangers,5,2,REG
2022-11-04,Minnesota Wild,Seattle Kraken,Seattle Kraken,Minnesota Wild,4,0,REG
2022-11-04,St. Louis Blues,New York Islanders,New York Islanders,St. Louis Blues,5,2,REG
2022-11-04,Winnipeg Jets,Montreal Canadiens,Winnipeg Jets,Montreal Canadiens,3,2,OT
2022-11-04,Chicago Blackhawks,Los Angeles Kings,Chicago Blackhawks,Los Angeles Kings,2,1,OT
2022-11-04,Calgary Flames,Nashville Predators,Nashville Predators,Calgary Flames,4,1,REG
2022-11-04,Edmonton Oilers,New Jersey Devils,New Jersey Devils,Edmonton Oilers,4,3,REG
2022-11-04,Arizona Coyotes,Dallas Stars,Dallas Stars,Arizona Coyotes,6,2,REG
2022-11-04,Vancouver Canucks,Anaheim Ducks,Vancouver Canucks,Anaheim Ducks,8,5,REG
2022-11-04,San Jose Sharks,Florida Panthers,Florida Panthers,San Jose Sharks,4,3,SO
2022-11-04,Colorado Avalanche,Columbus Blue Jackets,Colorado Avalanche,Columbus Blue Jackets,6,3,REG
2022-11-04,Carolina Hurricanes,Buffalo Sabres,Carolina Hurricanes,Buffalo Sabres,5,3,REG
2022-11-05,Detroit Red Wings,New York Islanders,Detroit Red Wings,New York Islanders,3,0,REG
2022-11-05,Columbus Blue Jackets,Colorado Avalanche,Colorado Avalanche,Columbus Blue Jackets,5,1,REG
2022-11-05,Winnipeg Jets,Chicago Blackhawks,Winnipeg Jets,Chicago Blackhawks,4,0,REG
2022-11-05,Edmonton Oilers,Dallas Stars,Dallas Stars,Edmonton Oilers,6,2,REG
2022-11-05,Montreal Canadiens,Vegas Golden Knights,Vegas Golden Knights,Montreal Canadiens,6,4,REG
2022-11-05,Ottawa Senators,Philadelphia Flyers,Philadelphia Flyers,Ottawa Senators,2,1,REG
2022-11-05,Pittsburgh Penguins,Seattle Kraken,Seattle Kraken,Pittsburgh Penguins,3,2,REG
2022-11-05,Tampa Bay Lightning,Buffalo Sabres,Tampa Bay Lightning,Buffalo Sabres,5,3,REG
2022-11-05,Toronto Maple Leafs,Boston Bruins,Toronto Maple Leafs,Boston Bruins,2,1,REG
2022-11-05,Washington Capitals,Arizona Coyotes,Arizona Coyotes,Washington Capitals,3,2,REG
2022-11-06,Calgary Flames,New Jersey Devils,New Jersey Devils,Calgary Flames,4,3,OT
2022-11-06,Vancouver Canucks,Nashville Predators,Nashville Predators,Vancouver Canucks,4,3,SO
2022-11-06,Los Angeles Kings,Florida Panthers,Los Angeles Kings,Florida Panthers,5,4,REG
2022-11-06,San Jose Sharks,Anaheim Ducks,Anaheim Ducks,San Jose Sharks,5,4,SO
2022-11-06,Carolina Hurricanes,Toronto Maple Leafs,Toronto Maple Leafs,Carolina Hurricanes,3,1,REG
2022-11-06,New York Rangers,Detroit Red Wings,Detroit Red Wings,New York Rangers,3,2,OT
2022-11-07,Anaheim Ducks,Florida Panthers,Florida Panthers,Anaheim Ducks,5,3,REG
2022-11-08,Boston Bruins,St. Louis Blues,Boston Bruins,St. Louis Blues,3,1,REG
2022-11-08,New York Islanders,Calgary Flames,New York Islanders,Calgary Flames,4,3,OT
2022-11-08,Washington Capitals,Edmonton Oilers,Washington Capitals,Edmonton Oilers,5,4,REG
2022-11-09,Buffalo Sabres,Arizona Coyotes,Arizona Coyotes,Buffalo Sabres,4,1,REG
2022-11-09,Detroit Red Wings,Montreal Canadiens,Montreal Canadiens,Detroit Red Wings,3,2,SO
2022-11-09,New York Rangers,New York Islanders,New York Islanders,New York Rangers,4,3,REG
2022-11-09,New Jersey Devils,Calgary Flames,New Jersey Devils,Calgary Flames,3,2,REG
2022-11-09,Ottawa Senators,Vancouver Canucks,Vancouver Canucks,Ottawa Senators,6,4,REG
2022-11-09,Philadelphia Flyers,St. Louis Blues,Philadelphia Flyers,St. Louis Blues,5,1,REG
2022-11-09,Toronto Maple Leafs,Vegas Golden Knights,Vegas Golden Knights,Toronto Maple Leafs,4,3,OT
2022-11-09,Tampa Bay Lightning,Edmonton Oilers,Edmonton Oilers,Tampa Bay Lightning,3,2,REG
2022-11-09,Winnipeg Jets,Dallas Stars,Winnipeg Jets,Dallas Stars,5,1,REG
2022-11-09,Seattle Kraken,Nashville Predators,Seattle Kraken,Nashville Predators,5,1,REG
2022-11-10,Florida Panthers,Carolina Hurricanes,Florida Panthers,Carolina Hurricanes,3,0,REG
2022-11-10,Montreal Canadiens,Vancouver Canucks,Montreal Canadiens,Vancouver Canucks,5,2,REG
2022-11-10,Washington Capitals,Pittsburgh Penguins,Pittsburgh Penguins,Washington Capitals,4,1,REG
2022-11-10,Anaheim Ducks,Minnesota Wild,Minnesota Wild,Anaheim Ducks,4,1,REG
2022-11-11,Boston Bruins,Calgary Flames,Boston Bruins,Calgary Flames,3,1,REG
2022-11-11,Buffalo Sabres,Vegas Golden Knights,Vegas Golden Knights,Buffalo Sabres,7,4,REG
2022-11-11,Carolina Hurricanes,Edmonton Oilers,Carolina Hurricanes,Edmonton Oilers,6,2,REG
2022-11-11,Columbus Blue Jackets,Philadelphia Flyers,Columbus Blue Jackets,Philadelphia Flyers,5,2,REG
2022-11-11,Detroit Red Wings,New York Rangers,New York Rangers,Detroit Red Wings,6,2,REG
2022-11-11,New Jersey Devils,Ottawa Senators,New Jersey Devils,Ottawa Senators,4,3,OT
2022-11-11,New York Islanders,Arizona Coyotes,Arizona Coyotes,New York Islanders,2,0,REG
2022-11-11,St. Louis Blues,San Jose Sharks,St. Louis Blues,San Jose Sharks,5,3,REG
2022-11-11,Colorado Avalanche,Nashville Predators,Colorado Avalanche,Nashville Predators,5,3,REG
2022-11-11,Los Angeles Kings,Chicago Blackhawks,Los Angeles Kings,Chicago Blackhawks,2,1,OT
2022-11-12,Toronto Maple Leafs,Pittsburgh Penguins,Pittsburgh Penguins,Toronto Maple Leafs,4,2,REG
2022-11-12,Washington Capitals,Tampa Bay Lightning,Washington Capitals,Tampa Bay Lightning,5,1,REG
2022-11-12,Dallas Stars,San Jose Sharks,San Jose Sharks,Dallas Stars,5,4,REG
2022-11-12,Philadelphia Flyers,Ottawa Senators,Ottawa Senators,Philadelphia Flyers,4,1,REG
2022-11-12,Florida Panthers,Edmonton Oilers,Edmonton Oilers,Florida Panthers,4,2,REG
2022-11-13,Buffalo Sabres,Boston Bruins,Boston Bruins,Buffalo Sabres,3,1,REG
2022-11-13,Montreal Canadiens,Pittsburgh Penguins,Montreal Canadiens,Pittsburgh Penguins,5,4,OT
2022-11-13,New Jersey Devils,Arizona Coyotes,New Jersey Devils,Arizona Coyotes,4,2,REG
2022-11-13,Toronto Maple Leafs,Vancouver Canucks,Toronto Maple Leafs,Vancouver Canucks,3,2,REG
2022-11-13,New York Islanders,Columbus Blue Jackets,New York Islanders,Columbus Blue Jackets,4,3,OT
2022-11-13,Nashville Predators,New York Rangers,Nashville Predators,New York Rangers,2,1,REG
2022-11-13,Colorado Avalanche,Carolina Hurricanes,Colorado Avalanche,Carolina Hurricanes,4,1,REG
2022-11-13,Anaheim Ducks,Chicago Blackhawks,Chicago Blackhawks,Anaheim Ducks,3,2,REG
2022-11-13,Calgary Flames,Winnipeg Jets,Calgary Flames,Winnipeg Jets,3,2,REG
2022-11-13,Vegas Golden Knights,St. Louis Blues,St. Louis Blues,Vegas Golden Knights,3,2,REG
2022-11-13,Los Angeles Kings,Detroit Red Wings,Los Angeles Kings,Detroit Red Wings,4,3,REG
2022-11-13,Philadelphia Flyers,Dallas Stars,Dallas Stars,Philadelphia Flyers,5,1,REG
2022-11-13,Boston Bruins,Vancouver Canucks,Boston Bruins,Vancouver Canucks,5,2,REG
2022-11-13,Minnesota Wild,San Jose Sharks,San Jose Sharks,Minnesota Wild,3,2,SO
2022-11-14,New York Rangers,Arizona Coyotes,New York Rangers,Arizona Coyotes,4,1,REG
2022-11-14,Tampa Bay Lightning,Washington Capitals,Tampa Bay Lightning,Washington Capitals,6,3,REG
2022-11-14,Seattle Kraken,Winnipeg Jets,Winnipeg Jets,Seattle Kraken,3,2,OT
2022-11-14,Ottawa Senators,New York Islanders,New York Islanders,Ottawa Senators,4,2,REG
2022-11-15,Calgary Flames,Los Angeles Kings,Calgary Flames,Los Angeles Kings,6,5,REG
2022-11-15,Chicago Blackhawks,Carolina Hurricanes,Carolina Hurricanes,Chicago Blackhawks,3,0,REG
2022-11-15,Colorado Avalanche,St. Louis Blues,St. Louis Blues,Colorado Avalanche,3,2,REG
2022-11-16,Buffalo Sabres,Vancouver Canucks,Vancouver Canucks,Buffalo Sabres,5,4,REG
2022-11-16,Florida Panthers,Washington Capitals,Florida Panthers,Washington Capitals,5,2,REG
2022-11-16,Montreal Canadiens,New Jersey Devils,New Jersey Devils,Montreal Canadiens,5,1,REG
2022-11-16,Pittsburgh Penguins,Toronto Maple Leafs,Toronto Maple Leafs,Pittsburgh Penguins,5,2,REG
2022-11-16,Tampa Bay Lightning,Dallas Stars,Tampa Bay Lightning,Dallas Stars,5,4,OT
2022-11-16,Columbus Blue Jackets,Philadelphia Flyers,Columbus Blue Jackets,Philadelphia Flyers,5,4,OT
2022-11-16,Nashville Predators,Minnesota Wild,Nashville Predators,Minnesota Wild,2,1,REG
2022-11-16,Anaheim Ducks,Detroit Red Wings,Anaheim Ducks,Detroit Red Wings,3,2,OT
2022-11-16,Vegas Golden Knights,San Jose Sharks,San Jose Sharks,Vegas Golden Knights,5,2,REG
2022-11-17,Ottawa Senators,Buffalo Sabres,Ottawa Senators,Buffalo Sabres,4,1,REG
2022-11-17,Chicago Blackhawks,St. Louis Blues,St. Louis Blues,Chicago Blackhawks,5,2,REG
2022-11-17,Edmonton Oilers,Los Angeles Kings,Los Angeles Kings,Edmonton Oilers,3,1,REG
2022-11-18,Boston Bruins,Philadelphia Flyers,Boston Bruins,Philadelphia Flyers,4,1,REG
2022-11-18,Carolina Hurricanes,Colorado Avalanche,Colorado Avalanche,Carolina Hurricanes,3,2,OT
2022-11-18,Columbus Blue Jackets,Montreal Canadiens,Columbus Blue Jackets,Montreal Canadiens,6,4,REG
2022-11-18,Florida Panthers,Dallas Stars,Dallas Stars,Florida Panthers,6,4,REG
2022-11-18,Tampa Bay Lightning,Calgary Flames,Tampa Bay Lightning,Calgary Flames,4,1,REG
2022-11-18,Toronto Maple Leafs,New Jersey Devils,New Jersey Devils,Toronto Maple Leafs,3,2,OT
2022-11-18,Minnesota Wild,Pittsburgh Penguins,Pittsburgh Penguins,Minnesota Wild,6,4,REG
2022-11-18,Nashville Predators,New York Islanders,Nashville Predators,New York Islanders,5,4,REG
2022-11-18,St. Louis Blues,Washington Capitals,St. Louis Blues,Washington Capitals,5,4,SO
2022-11-18,Winnipeg Jets,Anaheim Ducks,Winnipeg Jets,Anaheim Ducks,3,2,REG
2022-11-18,Seattle Kraken,New York Rangers,Seattle Kraken,New York Rangers,3,2,OT
2022-11-18,Vegas Golden Knights,Arizona Coyotes,Vegas Golden Knights,Arizona Coyotes,4,1,REG
2022-11-18,San Jose Sharks,Detroit Red Wings,Detroit Red Wings,San Jose Sharks,7,4,REG
2022-11-19,Vancouver Canucks,Los Angeles Kings,Vancouver Canucks,Los Angeles Kings,4,1,REG
2022-11-19,Ottawa Senators,New Jersey Devils,New Jersey Devils,Ottawa Senators,5,1,REG
2022-11-19,Florida Panthers,Calgary Flames,Calgary Flames,Florida Panthers,5,4,SO
2022-11-20,Boston Bruins,Chicago Blackhawks,Boston Bruins,Chicago Blackhawks,5,1,REG
2022-11-20,Columbus Blue Jackets,Detroit Red Wings,Detroit Red Wings,Columbus Blue Jackets,5,1,REG
2022-11-20,Montreal Canadiens,Philadelphia Flyers,Montreal Canadiens,Philadelphia Flyers,5,4,SO
2022-11-20,Toronto Maple Leafs,Buffalo Sabres,Toronto Maple Leafs,Buffalo Sabres,5,2,REG
2022-11-20,Washington Capitals,Colorado Avalanche,Colorado Avalanche,Washington Capitals,4,0,REG
2022-11-20,Winnipeg Jets,Pittsburgh Penguins,Pittsburgh Penguins,Winnipeg Jets,3,0,REG
2022-11-20,Dallas Stars,New York Islanders,Dallas Stars,New York Islanders,5,2,REG
2022-11-20,Minnesota Wild,Carolina Hurricanes,Minnesota Wild,Carolina Hurricanes,2,1,OT
2022-11-20,Nashville Predators,Tampa Bay Lightning,Tampa Bay Lightning,Nashville Predators,3,2,OT
2022-11-20,St. Louis Blues,Anaheim Ducks,St. Louis Blues,Anaheim Ducks,6,2,REG
2022-11-20,Edmonton Oilers,Vegas Golden Knights,Edmonton Oilers,Vegas Golden Knights,4,3,OT
2022-11-20,Seattle Kraken,Los Angeles Kings,Seattle Kraken,Los Angeles Kings,3,2,OT
2022-11-20,San Jose Sharks,New York Rangers,New York Rangers,San Jose Sharks,2,1,REG
2022-11-20,Columbus Blue Jackets,Florida Panthers,Columbus Blue Jackets,Florida Panthers,5,3,REG
2022-11-21,Chicago Blackhawks,Pittsburgh Penguins,Pittsburgh Penguins,Chicago Blackhawks,5,3,REG
2022-11-22,New Jersey Devils,Edmonton Oilers,New Jersey Devils,Edmonton Oilers,5,2,REG
2022-11-22,Philadelphia Flyers,Calgary Flames,Calgary Flames,Philadelphia Flyers,5,2,REG
2022-11-22,Tampa Bay Lightning,Boston Bruins,Boston Bruins,Tampa Bay Lightning,5,3,REG
2022-11-22,Toronto Maple Leafs,New York Islanders,New York Islanders,Toronto Maple Leafs,3,2,OT
2022-11-22,Winnipeg Jets,Carolina Hurricanes,Winnipeg Jets,Carolina Hurricanes,4,3,OT
2022-11-22,Nashville Predators,Arizona Coyotes,Nashville Predators,Arizona Coyotes,4,3,SO
2022-11-22,St. Louis Blues,Anaheim Ducks,St. Louis Blues,Anaheim Ducks,3,1,REG
2022-11-22,Dallas Stars,Colorado Avalanche,Colorado Avalanche,Dallas Stars,3,2,SO
2022-11-22,San Jose Sharks,Ottawa Senators,San Jose Sharks,Ottawa Senators,5,1,REG
2022-11-22,Vancouver Canucks,Vegas Golden Knights,Vegas Golden Knights,Vancouver Canucks,5,4,REG
2022-11-23,Montreal Canadiens,Buffalo Sabres,Buffalo Sabres,Montreal Canadiens,6,2,REG
2022-11-23,Los Angeles Kings,New York Rangers,New York Rangers,Los Angeles Kings,5,3,REG
2022-11-24,Buffalo Sabres,St. Louis Blues,Buffalo Sabres,St. Louis Blues,6,2,REG
2022-11-24,Carolina Hurricanes,Arizona Coyotes,Arizona Coyotes,Carolina Hurricanes,4,0,REG
2022-11-24,Columbus Blue Jackets,Montreal Canadiens,Montreal Canadiens,Columbus Blue Jackets,3,1,REG
2022-11-24,Detroit Red Wings,Nashville Predators,Detroit Red Wings,Nashville Predators,3,0,REG
2022-11-24,Florida Panthers,Boston Bruins,Florida Panthers,Boston Bruins,5,2,REG
2022-11-24,Minnesota Wild,Winnipeg Jets,Minnesota Wild,Winnipeg Jets,5,1,REG
2022-11-24,New Jersey Devils,Toronto Maple Leafs,Toronto Maple Leafs,New Jersey Devils,2,1,REG
2022-11-24,Pittsburgh Penguins,Calgary Flames,Pittsburgh Penguins,Calgary Flames,2,1,SO
2022-11-24,New York Islanders,Edmonton Oilers,New York Islanders,Edmonton Oilers,3,0,REG
2022-11-24,Washington Capitals,Philadelphia Flyers,Washington Capitals,Philadelphia Flyers,3,2,OT
2022-11-24,Dallas Stars,Chicago Blackhawks,Dallas Stars,Chicago Blackhawks,6,4,REG
2022-11-24,Anaheim Ducks,New York Rangers,Anaheim Ducks,New York Rangers,3,2,REG
2022-11-24,Colorado Avalanche,Vancouver Canucks,Vancouver Canucks,Colorado Avalanche,4,3,REG
2022-11-24,Seattle Kraken,San Jose Sharks,Seattle Kraken,San Jose Sharks,8,5,REG
2022-11-24,Vegas Golden Knights,Ottawa Senators,Vegas Golden Knights,Ottawa Senators,4,1,REG
2022-11-25,Boston Bruins,Carolina Hurricanes,Boston Bruins,Carolina Hurricanes,3,2,OT
2022-11-25,Chicago Blackhawks,Montreal Canadiens,Montreal Canadiens,Chicago Blackhawks,3,2,SO
2022-11-25,Minnesota Wild,Toronto Maple Leafs,Toronto Maple Leafs,Minnesota Wild,4,3,REG
2022-11-25,Washington Capitals,Calgary Flames,Washington Capitals,Calgary Flames,3,0,REG
2022-11-25,Anaheim Ducks,Ottawa Senators,Ottawa Senators,Anaheim Ducks,5,1,REG
2022-11-25,Philadelphia Flyers,Pittsburgh Penguins,Pittsburgh Penguins,Philadelphia Flyers,4,1,REG
2022-11-26,Buffalo Sabres,New Jersey Devils,New Jersey Devils,Buffalo Sabres,3,1,REG
2022-11-26,Columbus Blue Jackets,New York Islanders,New York Islanders,Columbus Blue Jackets,3,2,REG
2022-11-26,Detroit Red Wings,Arizona Coyotes,Detroit Red Wings,Arizona Coyotes,4,3,SO
2022-11-26,Tampa Bay Lightning,St. Louis Blues,Tampa Bay Lightning,St. Louis Blues,5,2,REG
2022-11-26,Vegas Golden Knights,Seattle Kraken,Seattle Kraken,Vegas Golden Knights,4,2,REG
2022-11-26,Dallas Stars,Winnipeg Jets,Winnipeg Jets,Dallas Stars,5,4,OT
2022-11-26,San Jose Sharks,Los Angeles Kings,Los Angeles Kings,San Jose Sharks,5,2,REG
2022-11-26,New York Rangers,Edmonton Oilers,Edmonton Oilers,New York Rangers,4,3,REG
2022-11-26,Carolina Hurricanes,Calgary Flames,Carolina Hurricanes,Calgary Flames,3,2,REG
2022-11-26,Florida Panthers,St. Louis Blues,St. Louis Blues,Florida Panthers,5,4,OT
2022-11-27,New Jersey Devils,Washington Capitals,New Jersey Devils,Washington Capitals,5,1,REG
2022-11-27,Pittsburgh Penguins,Toronto Maple Leafs,Toronto Maple Leafs,Pittsburgh Penguins,4,1,REG
2022-11-27,New York Islanders,Philadelphia Flyers,New York Islanders,Philadelphia Flyers,5,2,REG
2022-11-27,Colorado Avalanche,Dallas Stars,Colorado Avalanche,Dallas Stars,4,1,REG
2022-11-27,Vegas Golden Knights,Vancouver Canucks,Vancouver Canucks,Vegas Golden Knights,5,1,REG
2022-11-27,Minnesota Wild,Arizona Coyotes,Minnesota Wild,Arizona Coyotes,4,3,REG
2022-11-28,Chicago Blackhawks,Winnipeg Jets,Winnipeg Jets,Chicago Blackhawks,6,2,REG
2022-11-28,Anaheim Ducks,Seattle Kraken,Seattle Kraken,Anaheim Ducks,5,4,REG
2022-11-28,San Jose Sharks,Vancouver Canucks,Vancouver Canucks,San Jose Sharks,4,3,OT
2022-11-28,Los Angeles Kings,Ottawa Senators,Ottawa Senators,Los Angeles Kings,3,2,OT
2022-11-29,Buffalo Sabres,Tampa Bay Lightning,Tampa Bay Lightning,Buffalo Sabres,6,5,OT
2022-11-29,Columbus Blue Jackets,Vegas Golden Knights,Vegas Golden Knights,Columbus Blue Jackets,3,2,SO
2022-11-29,Detroit Red Wings,Toronto Maple Leafs,Toronto Maple Leafs,Detroit Red Wings,4,2,REG
2022-11-29,New York Rangers,New Jersey Devils,New Jersey Devils,New York Rangers,5,3,REG
2022-11-29,St. Louis Blues,Dallas Stars,Dallas Stars,St. Louis Blues,4,1,REG
2022-11-29,Edmonton Oilers,Florida Panthers,Edmonton Oilers,Florida Panthers,4,3,OT
2022-11-30,Boston Bruins,Tampa Bay Lightning,Boston Bruins,Tampa Bay Lightning,3,1,REG
2022-11-30,Montreal Canadiens,San Jose Sharks,San Jose Sharks,Montreal Canadiens,4,0,REG
2022-11-30,Pittsburgh Penguins,Carolina Hurricanes,Carolina Hurricanes,Pittsburgh Penguins,3,2,OT
2022-11-30,Philadelphia Flyers,New York Islanders,Philadelphia Flyers,New York Islanders,3,1,REG
2022-11-30,Nashville Predators,Anaheim Ducks,Nashville Predators,Anaheim Ducks,2,1,OT
2022-11-30,Winnipeg Jets,Colorado Avalanche,Winnipeg Jets,Colorado Avalanche,4,0,REG
2022-11-30,Calgary Flames,Florida Panthers,Calgary Flames,Florida Panthers,6,2,REG
2022-11-30,Vancouver Canucks,Washington Capitals,Washington Capitals,Vancouver Canucks,5,1,REG
2022-11-30,Los Angeles Kings,Seattle Kraken,Seattle Kraken,Los Angeles Kings,9,8,OT
2022-12-01,Detroit Red Wings,Buffalo Sabres,Buffalo Sabres,Detroit Red Wings,5,4,SO
2022-12-01,Ottawa Senators,New York Rangers,New York Rangers,Ottawa Senators,3,1,REG
2022-12-01,Toronto Maple Leafs,San Jose Sharks,Toronto Maple Leafs,San Jose Sharks,3,1,REG
2022-12-01,Chicago Blackhawks,Edmonton Oilers,Edmonton Oilers,Chicago Blackhawks,5,4,REG
2022-12-02,Buffalo Sabres,Colorado Avalanche,Colorado Avalanche,Buffalo Sabres,6,4,REG
2022-12-02,New Jersey Devils,Nashville Predators,Nashville Predators,New Jersey Devils,4,3,OT
2022-12-02,Philadelphia Flyers,Tampa Bay Lightning,Tampa Bay Lightning,Philadelphia Flyers,4,1,REG
2022-12-02,Pittsburgh Penguins,Vegas Golden Knights,Pittsburgh Penguins,Vegas Golden Knights,4,3,REG
2022-12-02,Minnesota Wild,Edmonton Oilers,Minnesota Wild,Edmonton Oilers,5,3,REG
2022-12-02,St. Louis Blues,Carolina Hurricanes,Carolina Hurricanes,St. Louis Blues,6,4,REG
2022-12-02,Dallas Stars,Anaheim Ducks,Dallas Stars,Anaheim Ducks,4,0,REG
2022-12-02,Calgary Flames,Montreal Canadiens,Montreal Canadiens,Calgary Flames,2,1,REG
2022-12-02,Seattle Kraken,Washington Capitals,Seattle Kraken,Washington Capitals,3,2,OT
2022-12-02,Vancouver Canucks,Florida Panthers,Florida Panthers,Vancouver Canucks,5,1,REG
2022-12-02,Los Angeles Kings,Arizona Coyotes,Los Angeles Kings,Arizona Coyotes,5,3,REG
2022-12-03,New York Rangers,Ottawa Senators,Ottawa Senators,New York Rangers,3,2,OT
2022-12-03,New York Islanders,Nashville Predators,Nashville Predators,New York Islanders,4,1,REG
2022-12-03,Winnipeg Jets,Columbus Blue Jackets,Columbus Blue Jackets,Winnipeg Jets,4,1,REG
2022-12-03,Minnesota Wild,Anaheim Ducks,Minnesota Wild,Anaheim Ducks,5,4,SO
2022-12-04,Boston Bruins,Colorado Avalanche,Boston Bruins,Colorado Avalanche,5,1,REG
2022-12-04,Detroit Red Wings,Vegas Golden Knights,Vegas Golden Knights,Detroit Red Wings,4,1,REG
2022-12-04,Edmonton Oilers,Montreal Canadiens,Edmonton Oilers,Montreal Canadiens,5,3,REG
2022-12-04,Ottawa Senators,San Jose Sharks,Ottawa Senators,San Jose Sharks,5,2,REG
2022-12-04,Philadelphia Flyers,New Jersey Devils,New Jersey Devils,Philadelphia Flyers,3,2,REG
2022-12-04,Pittsburgh Penguins,St. Louis Blues,Pittsburgh Penguins,St. Louis Blues,6,2,REG
2022-12-04,Tampa Bay Lightning,Toronto Maple Leafs,Tampa Bay Lightning,Toronto Maple Leafs,4,3,OT
2022-12-04,New York Rangers,Chicago Blackhawks,Chicago Blackhawks,New York Rangers,5,2,REG
2022-12-04,Calgary Flames,Washington Capitals,Calgary Flames,Washington Capitals,5,2,REG
2022-12-04,Seattle Kraken,Florida Panthers,Florida Panthers,Seattle Kraken,5,1,REG
2022-12-04,Vancouver Canucks,Arizona Coyotes,Vancouver Canucks,Arizona Coyotes,3,2,OT
2022-12-04,Los Angeles Kings,Carolina Hurricanes,Carolina Hurricanes,Los Angeles Kings,4,2,REG
2022-12-04,Dallas Stars,Minnesota Wild,Minnesota Wild,Dallas Stars,6,5,SO
2022-12-04,Winnipeg Jets,Anaheim Ducks,Winnipeg Jets,Anaheim Ducks,5,2,REG
2022-12-04,Columbus Blue Jackets,Detroit Red Wings,Detroit Red Wings,Columbus Blue Jackets,4,2,REG
2022-12-05,Buffalo Sabres,San Jose Sharks,Buffalo Sabres,San Jose Sharks,6,3,REG
2022-12-05,New York Islanders,Chicago Blackhawks,New York Islanders,Chicago Blackhawks,3,0,REG
2022-12-06,Boston Bruins,Vegas Golden Knights,Vegas Golden Knights,Boston Bruins,4,3,SO
2022-12-06,New York Rangers,St. Louis Blues,New York Rangers,St. Louis Blues,6,4,REG
2022-12-06,Philadelphia Flyers,Colorado Avalanche,Philadelphia Flyers,Colorado Avalanche,5,3,REG
2022-12-06,Edmonton Oilers,Washington Capitals,Washington Capitals,Edmonton Oilers,3,2,REG
2022-12-06,Calgary Flames,Arizona Coyotes,Calgary Flames,Arizona Coyotes,3,2,REG
2022-12-06,Vancouver Canucks,Montreal Canadiens,Vancouver Canucks,Montreal Canadiens,7,6,OT
2022-12-07,New Jersey Devils,Chicago Blackhawks,New Jersey Devils,Chicago Blackhawks,3,0,REG
2022-12-07,Ottawa Senators,Los Angeles Kings,Los Angeles Kings,Ottawa Senators,5,2,REG
2022-12-07,Pittsburgh Penguins,Columbus Blue Jackets,Pittsburgh Penguins,Columbus Blue Jackets,4,1,REG
2022-12-07,Tampa Bay Lightning,Detroit Red Wings,Detroit Red Wings,Tampa Bay Lightning,4,2,REG
2022-12-07,New York Islanders,St. Louis Blues,St. Louis Blues,New York Islanders,7,4,REG
2022-12-07,Winnipeg Jets,Florida Panthers,Winnipeg Jets,Florida Panthers,5,2,REG
2022-12-07,Dallas Stars,Toronto Maple Leafs,Toronto Maple Leafs,Dallas Stars,4,0,REG
2022-12-07,Anaheim Ducks,Carolina Hurricanes,Anaheim Ducks,Carolina Hurricanes,4,3,OT
2022-12-07,Seattle Kraken,Montreal Canadiens,Montreal Canadiens,Seattle Kraken,4,2,REG
2022-12-08,Philadelphia Flyers,Washington Capitals,Washington Capitals,Philadelphia Flyers,4,1,REG
2022-12-08,Columbus Blue Jackets,Buffalo Sabres,Buffalo Sabres,Columbus Blue Jackets,8,4,REG
2022-12-08,Calgary Flames,Minnesota Wild,Calgary Flames,Minnesota Wild,5,3,REG
2022-12-08,Colorado Avalanche,Boston Bruins,Boston Bruins,Colorado Avalanche,4,0,REG
2022-12-08,Edmonton Oilers,Arizona Coyotes,Edmonton Oilers,Arizona Coyotes,6,2,REG
2022-12-08,Vegas Golden Knights,New York Rangers,New York Rangers,Vegas Golden Knights,5,1,REG
2022-12-08,San Jose Sharks,Vancouver Canucks,Vancouver Canucks,San Jose Sharks,6,5,OT
2022-12-09,Tampa Bay Lightning,Nashville Predators,Tampa Bay Lightning,Nashville Predators,5,2,REG
2022-12-09,Toronto Maple Leafs,Los Angeles Kings,Toronto Maple Leafs,Los Angeles Kings,4,0,REG
2022-12-09,Florida Panthers,Detroit Red Wings,Florida Panthers,Detroit Red Wings,5,1,REG
2022-12-09,St. Louis Blues,Winnipeg Jets,Winnipeg Jets,St. Louis Blues,5,2,REG
2022-12-09,Dallas Stars,Ottawa Senators,Dallas Stars,Ottawa Senators,4,3,OT
2022-12-10,Buffalo Sabres,Pittsburgh Penguins,Pittsburgh Penguins,Buffalo Sabres,4,3,OT
2022-12-10,Columbus Blue Jackets,Calgary Flames,Columbus Blue Jackets,Calgary Flames,3,1,REG
2022-12-10,New Jersey Devils,New York Islanders,New York Islanders,New Jersey Devils,6,4,REG
2022-12-10,Washington Capitals,Seattle Kraken,Washington Capitals,Seattle Kraken,4,1,REG
2022-12-10,Chicago Blackhawks,Winnipeg Jets,Winnipeg Jets,Chicago Blackhawks,3,1,REG
2022-12-10,Colorado Avalanche,New York Rangers,New York Rangers,Colorado Avalanche,2,1,SO
2022-12-10,Edmonton Oilers,Minnesota Wild,Edmonton Oilers,Minnesota Wild,5,2,REG
2022-12-10,Arizona Coyotes,Boston Bruins,Arizona Coyotes,Boston Bruins,4,3,REG
2022-12-10,Anaheim Ducks,San Jose Sharks,San Jose Sharks,Anaheim Ducks,5,1,REG
2022-12-10,Vegas Golden Knights,Philadelphia Flyers,Vegas Golden Knights,Philadelphia Flyers,2,1,OT
2022-12-10,Nashville Predators,Ottawa Senators,Ottawa Senators,Nashville Predators,3,2,REG
2022-12-10,Dallas Stars,Detroit Red Wings,Dallas Stars,Detroit Red Wings,3,2,OT
2022-12-10,Tampa Bay Lightning,Florida Panthers,Tampa Bay Lightning,Florida Panthers,4,1,REG
2022-12-11,Montreal Canadiens,Los Angeles Kings,Los Angeles Kings,Montreal Canadiens,4,2,REG
2022-12-11,Pittsburgh Penguins,Buffalo Sabres,Pittsburgh Penguins,Buffalo Sabres,3,1,REG
2022-12-11,Toronto Maple Leafs,Calgary Flames,Toronto Maple Leafs,Calgary Flames,5,4,OT
2022-12-11,New York Islanders,Carolina Hurricanes,Carolina Hurricanes,New York Islanders,3,0,REG
2022-12-11,Vancouver Canucks,Minnesota Wild,Minnesota Wild,Vancouver Canucks,3,0,REG
2022-12-11,St. Louis Blues,Colorado Avalanche,Colorado Avalanche,St. Louis Blues,3,2,OT
2022-12-11,Columbus Blue Jackets,Los Angeles Kings,Columbus Blue Jackets,Los Angeles Kings,6,5,OT
2022-12-11,Florida Panthers,Seattle Kraken,Seattle Kraken,Florida Panthers,5,2,REG
2022-12-12,Arizona Coyotes,Philadelphia Flyers,Arizona Coyotes,Philadelphia Flyers,5,4,OT
2022-12-12,Winnipeg Jets,Washington Capitals,Washington Capitals,Winnipeg Jets,5,2,REG
2022-12-12,Vegas Golden Knights,Boston Bruins,Boston Bruins,Vegas Golden Knights,3,1,REG
2022-12-13,Montreal Canadiens,Calgary Flames,Montreal Canadiens,Calgary Flames,2,1,SO
2022-12-13,New York Rangers,New Jersey Devils,New York Rangers,New Jersey Devils,4,3,OT
2022-12-13,Pittsburgh Penguins,Dallas Stars,Pittsburgh Penguins,Dallas Stars,2,1,REG
2022-12-13,Ottawa Senators,Anaheim Ducks,Ottawa Senators,Anaheim Ducks,3,0,REG
2022-12-13,Minnesota Wild,Edmonton Oilers,Minnesota Wild,Edmonton Oilers,2,1,REG
2022-12-14,Boston Bruins,New York Islanders,Boston Bruins,New York Islanders,4,3,SO
2022-12-14,Buffalo Sabres,Los Angeles Kings,Buffalo Sabres,Los Angeles Kings,4,0,REG
2022-12-14,Florida Panthers,Columbus Blue Jackets,Florida Panthers,Columbus Blue Jackets,4,0,REG
2022-12-14,New Jersey Devils,Dallas Stars,Dallas Stars,New Jersey Devils,4,1,REG
2022-12-14,Tampa Bay Lightning,Seattle Kraken,Tampa Bay Lightning,Seattle Kraken,6,2,REG
2022-12-14,Toronto Maple Leafs,Anaheim Ducks,Toronto Maple Leafs,Anaheim Ducks,4,0,REG
2022-12-14,Nashville Predators,Edmonton Oilers,Edmonton Oilers,Nashville Predators,6,3,REG
2022-12-14,Winnipeg Jets,Vegas Golden Knights,Vegas Golden Knights,Winnipeg Jets,6,5,REG
2022-12-14,Chicago Blackhawks,Washington Capitals,Washington Capitals,Chicago Blackhawks,7,3,REG
2022-12-14,Colorado Avalanche,Philadelphia Flyers,Colorado Avalanche,Philadelphia Flyers,3,2,REG
2022-12-14,San Jose Sharks,Arizona Coyotes,San Jose Sharks,Arizona Coyotes,3,2,REG
2022-12-15,Ottawa Senators,Montreal Canadiens,Ottawa Senators,Montreal Canadiens,3,2,REG
2022-12-15,Minnesota Wild,Detroit Red Wings,Minnesota Wild,Detroit Red Wings,4,1,REG
2022-12-15,Calgary Flames,Vancouver Canucks,Vancouver Canucks,Calgary Flames,4,3,SO
2022-12-16,Boston Bruins,Los Angeles Kings,Los Angeles Kings,Boston Bruins,3,2,SO
2022-12-16,Carolina Hurricanes,Seattle Kraken,Carolina Hurricanes,Seattle Kraken,3,2,REG
2022-12-16,Florida Panthers,Pittsburgh Penguins,Pittsburgh Penguins,Florida Panthers,4,2,REG
2022-12-16,Montreal Canadiens,Anaheim Ducks,Anaheim Ducks,Montreal Canadiens,5,2,REG
2022-12-16,New York Rangers,Toronto Maple Leafs,New York Rangers,Toronto Maple Leafs,3,1,REG
2022-12-16,New Jersey Devils,Philadelphia Flyers,Philadelphia Flyers,New Jersey Devils,2,1,REG
2022-12-16,Tampa Bay Lightning,Columbus Blue Jackets,Tampa Bay Lightning,Columbus Blue Jackets,4,1,REG
2022-12-16,Washington Capitals,Dallas Stars,Dallas Stars,Washington Capitals,2,1,REG
2022-12-16,Winnipeg Jets,Nashville Predators,Winnipeg Jets,Nashville Predators,2,1,OT
2022-12-16,Chicago Blackhawks,Vegas Golden Knights,Vegas Golden Knights,Chicago Blackhawks,4,1,REG
2022-12-16,Colorado Avalanche,Buffalo Sabres,Buffalo Sabres,Colorado Avalanche,4,2,REG
2022-12-16,Edmonton Oilers,St. Louis Blues,St. Louis Blues,Edmonton Oilers,4,3,SO
2022-12-17,Minnesota Wild,Chicago Blackhawks,Minnesota Wild,Chicago Blackhawks,4,1,REG
2022-12-17,Calgary Flames,St. Louis Blues,St. Louis Blues,Calgary Flames,5,2,REG
2022-12-17,Arizona Coyotes,New York Islanders,Arizona Coyotes,New York Islanders,5,4,REG
2022-12-17,Boston Bruins,Columbus Blue Jackets,Boston Bruins,Columbus Blue Jackets,4,2,REG
2022-12-17,Detroit Red Wings,Ottawa Senators,Ottawa Senators,Detroit Red Wings,6,3,REG
2022-12-17,Edmonton Oilers,Anaheim Ducks,Anaheim Ducks,Edmonton Oilers,4,3,REG
2022-12-18,Carolina Hurricanes,Dallas Stars,Carolina Hurricanes,Dallas Stars,5,4,OT
2022-12-18,Montreal Canadiens,Tampa Bay Lightning,Tampa Bay Lightning,Montreal Canadiens,5,1,REG
2022-12-18,Philadelphia Flyers,New York Rangers,New York Rangers,Philadelphia Flyers,6,3,REG
2022-12-18,Washington Capitals,Toronto Maple Leafs,Washington Capitals,Toronto Maple Leafs,5,2,REG
2022-12-18,New Jersey Devils,Florida Panthers,Florida Panthers,New Jersey Devils,4,2,REG
2022-12-18,Arizona Coyotes,Buffalo Sabres,Buffalo Sabres,Arizona Coyotes,5,2,REG
2022-12-18,Colorado Avalanche,Nashville Predators,Colorado Avalanche,Nashville Predators,3,1,REG
2022-12-18,Vancouver Canucks,Winnipeg Jets,Winnipeg Jets,Vancouver Canucks,5,1,REG
2022-12-18,Vegas Golden Knights,New York Islanders,New York Islanders,Vegas Golden Knights,5,2,REG
2022-12-18,Los Angeles Kings,San Jose Sharks,Los Angeles Kings,San Jose Sharks,3,2,SO
2022-12-18,Minnesota Wild,Ottawa Senators,Minnesota Wild,Ottawa Senators,4,2,REG
2022-12-18,Carolina Hurricanes,Pittsburgh Penguins,Carolina Hurricanes,Pittsburgh Penguins,3,2,REG
2022-12-19,Chicago Blackhawks,New York Rangers,New York Rangers,Chicago Blackhawks,5,1,REG
2022-12-19,Seattle Kraken,Winnipeg Jets,Seattle Kraken,Winnipeg Jets,3,2,REG
2022-12-19,San Jose Sharks,Calgary Flames,Calgary Flames,San Jose Sharks,5,2,REG
2022-12-20,Boston Bruins,Florida Panthers,Boston Bruins,Florida Panthers,7,3,REG
2022-12-20,Columbus Blue Jackets,Dallas Stars,Dallas Stars,Columbus Blue Jackets,2,1,REG
2022-12-20,Washington Capitals,Detroit Red Wings,Washington Capitals,Detroit Red Wings,4,3,OT
2022-12-20,Nashville Predators,Edmonton Oilers,Nashville Predators,Edmonton Oilers,4,3,OT
2022-12-20,Arizona Coyotes,Montreal Canadiens,Montreal Canadiens,Arizona Coyotes,3,2,OT
2022-12-20,Vegas Golden Knights,Buffalo Sabres,Buffalo Sabres,Vegas Golden Knights,3,2,REG
2022-12-20,Vancouver Canucks,St. Louis Blues,St. Louis Blues,Vancouver Canucks,5,1,REG
2022-12-21,Carolina Hurricanes,New Jersey Devils,Carolina Hurricanes,New Jersey Devils,4,1,REG
2022-12-21,Philadelphia Flyers,Columbus Blue Jackets,Philadelphia Flyers,Columbus Blue Jackets,5,3,REG
2022-12-21,Pittsburgh Penguins,New York Rangers,Pittsburgh Penguins,New York Rangers,3,2,REG
2022-12-21,Toronto Maple Leafs,Tampa Bay Lightning,Toronto Maple Leafs,Tampa Bay Lightning,4,1,REG
2022-12-21,Winnipeg Jets,Ottawa Senators,Winnipeg Jets,Ottawa Senators,5,1,REG
2022-12-21,Seattle Kraken,St. Louis Blues,Seattle Kraken,St. Louis Blues,5,2,REG
2022-12-21,Los Angeles Kings,Anaheim Ducks,Los Angeles Kings,Anaheim Ducks,4,1,REG
2022-12-21,San Jose Sharks,Calgary Flames,Calgary Flames,San Jose Sharks,7,3,REG
2022-12-22,Detroit Red Wings,Tampa Bay Lightning,Detroit Red Wings,Tampa Bay Lightning,7,4,REG
2022-12-22,Florida Panthers,New Jersey Devils,New Jersey Devils,Florida Panthers,4,2,REG
2022-12-22,Colorado Avalanche,Montreal Canadiens,Colorado Avalanche,Montreal Canadiens,2,1,OT
2022-12-22,Chicago Blackhawks,Nashville Predators,Nashville Predators,Chicago Blackhawks,4,2,REG
2022-12-22,Dallas Stars,Edmonton Oilers,Edmonton Oilers,Dallas Stars,6,3,REG
2022-12-22,Anaheim Ducks,Minnesota Wild,Minnesota Wild,Anaheim Ducks,4,1,REG
2022-12-22,Vegas Golden Knights,Arizona Coyotes,Vegas Golden Knights,Arizona Coyotes,5,2,REG
2022-12-22,Toronto Maple Leafs,Philadelphia Flyers,Toronto Maple Leafs,Philadelphia Flyers,4,3,REG
2022-12-23,Boston Bruins,Winnipeg Jets,Boston Bruins,Winnipeg Jets,3,2,REG
2022-12-23,New York Rangers,New York Islanders,New York Rangers,New York Islanders,5,3,REG
2022-12-23,Ottawa Senators,Washington Capitals,Washington Capitals,Ottawa Senators,3,2,OT
2022-12-23,Pittsburgh Penguins,Carolina Hurricanes,Carolina Hurricanes,Pittsburgh Penguins,4,3,OT
2022-12-23,Vancouver Canucks,Seattle Kraken,Vancouver Canucks,Seattle Kraken,6,5,SO
2022-12-23,Los Angeles Kings,Calgary Flames,Los Angeles Kings,Calgary Flames,4,3,OT
2022-12-23,San Jose Sharks,Minnesota Wild,San Jose Sharks,Minnesota Wild,5,2,REG
2022-12-24,Carolina Hurricanes,Philadelphia Flyers,Carolina Hurricanes,Philadelphia Flyers,6,5,REG
2022-12-24,New Jersey Devils,Boston Bruins,Boston Bruins,New Jersey Devils,4,3,REG
2022-12-24,Washington Capitals,Winnipeg Jets,Washington Capitals,Winnipeg Jets,4,1,REG
2022-12-24,New York Islanders,Florida Panthers,New York Islanders,Florida Panthers,5,1,REG
2022-12-24,Dallas Stars,Montreal Canadiens,Dallas Stars,Montreal Canadiens,4,2,REG
2022-12-24,Nashville Predators,Colorado Avalanche,Colorado Avalanche,Nashville Predators,3,2,OT
2022-12-24,Chicago Blackhawks,Columbus Blue Jackets,Chicago Blackhawks,Columbus Blue Jackets,5,2,REG
2022-12-24,Edmonton Oilers,Vancouver Canucks,Vancouver Canucks,Edmonton Oilers,5,2,REG
2022-12-24,Arizona Coyotes,Los Angeles Kings,Arizona Coyotes,Los Angeles Kings,2,1,SO
2022-12-24,Vegas Golden Knights,St. Louis Blues,Vegas Golden Knights,St. Louis Blues,5,4,SO
2022-12-24,Anaheim Ducks,Calgary Flames,Calgary Flames,Anaheim Ducks,3,2,OT
2022-12-28,Carolina Hurricanes,Chicago Blackhawks,Carolina Hurricanes,Chicago Blackhawks,3,0,REG
2022-12-28,New York Rangers,Washington Capitals,Washington Capitals,New York Rangers,4,0,REG
2022-12-28,Ottawa Senators,Boston Bruins,Ottawa Senators,Boston Bruins,3,2,SO
2022-12-28,New York Islanders,Pittsburgh Penguins,New York Islanders,Pittsburgh Penguins,5,1,REG
2022-12-28,Nashville Predators,Dallas Stars,Dallas Stars,Nashville Predators,3,2,REG
2022-12-28,St. Louis Blues,Toronto Maple Leafs,Toronto Maple Leafs,St. Louis Blues,5,4,OT
2022-12-28,Winnipeg Jets,Minnesota Wild,Minnesota Wild,Winnipeg Jets,4,1,REG
2022-12-28,Arizona Coyotes,Colorado Avalanche,Arizona Coyotes,Colorado Avalanche,6,3,REG
2022-12-28,Calgary Flames,Edmonton Oilers,Edmonton Oilers,Calgary Flames,2,1,REG
2022-12-28,Vancouver Canucks,San Jose Sharks,Vancouver Canucks,San Jose Sharks,6,2,REG
2022-12-28,Los Angeles Kings,Vegas Golden Knights,Los Angeles Kings,Vegas Golden Knights,4,2,REG
2022-12-29,Tampa Bay Lightning,Montreal Canadiens,Tampa Bay Lightning,Montreal Canadiens,4,1,REG
2022-12-29,New Jersey Devils,Boston Bruins,Boston Bruins,New Jersey Devils,3,1,REG
2022-12-29,Pittsburgh Penguins,Detroit Red Wings,Detroit Red Wings,Pittsburgh Penguins,5,4,OT
2022-12-29,Anaheim Ducks,Vegas Golden Knights,Anaheim Ducks,Vegas Golden Knights,3,2,SO
2022-12-29,Seattle Kraken,Calgary Flames,Calgary Flames,Seattle Kraken,3,2,REG
2022-12-30,Buffalo Sabres,Detroit Red Wings,Buffalo Sabres,Detroit Red Wings,6,3,REG
2022-12-30,Florida Panthers,Montreal Canadiens,Florida Panthers,Montreal Canadiens,6,2,REG
2022-12-30,Tampa Bay Lightning,New York Rangers,Tampa Bay Lightning,New York Rangers,2,1,SO
2022-12-30,Washington Capitals,Ottawa Senators,Ottawa Senators,Washington Capitals,4,3,OT
2022-12-30,New York Islanders,Columbus Blue Jackets,New York Islanders,Columbus Blue Jackets,2,1,REG
2022-12-30,Minnesota Wild,Dallas Stars,Dallas Stars,Minnesota Wild,4,1,REG
2022-12-30,St. Louis Blues,Chicago Blackhawks,St. Louis Blues,Chicago Blackhawks,3,1,REG
2022-12-30,Winnipeg Jets,Vancouver Canucks,Winnipeg Jets,Vancouver Canucks,4,2,REG
2022-12-30,Arizona Coyotes,Toronto Maple Leafs,Arizona Coyotes,Toronto Maple Leafs,6,3,REG
2022-12-30,Colorado Avalanche,Los Angeles Kings,Los Angeles Kings,Colorado Avalanche,5,4,SO
2022-12-30,San Jose Sharks,Philadelphia Flyers,Philadelphia Flyers,San Jose Sharks,4,3,OT
2022-12-30,Anaheim Ducks,Nashville Predators,Nashville Predators,Anaheim Ducks,5,1,REG
2022-12-31,Pittsburgh Penguins,New Jersey Devils,New Jersey Devils,Pittsburgh Penguins,4,2,REG
2022-12-31,Carolina Hurricanes,Florida Panthers,Carolina Hurricanes,Florida Panthers,4,0,REG
2022-12-31,Seattle Kraken,Edmonton Oilers,Edmonton Oilers,Seattle Kraken,6,2,REG
2022-12-31,Boston Bruins,Buffalo Sabres,Buffalo Sabres,Boston Bruins,4,3,OT
2022-12-31,Columbus Blue Jackets,Chicago Blackhawks,Columbus Blue Jackets,Chicago Blackhawks,4,1,REG
2022-12-31,Vegas Golden Knights,Nashville Predators,Vegas Golden Knights,Nashville Predators,5,4,OT
2022-12-31,Los Angeles Kings,Philadelphia Flyers,Philadelphia Flyers,Los Angeles Kings,4,2,REG
2022-12-31,Washington Capitals,Montreal Canadiens,Washington Capitals,Montreal Canadiens,6,2,REG
2022-12-31,Tampa Bay Lightning,Arizona Coyotes,Tampa Bay Lightning,Arizona Coyotes,5,3,REG
2022-12-31,St. Louis Blues,Minnesota Wild,Minnesota Wild,St. Louis Blues,5,2,REG
2023-01-01,Colorado Avalanche,Toronto Maple Leafs,Toronto Maple Leafs,Colorado Avalanche,6,2,REG
2023-01-01,Detroit Red Wings,Ottawa Senators,Detroit Red Wings,Ottawa Senators,4,2,REG
2023-01-01,Dallas Stars,San Jose Sharks,Dallas Stars,San Jose Sharks,5,2,REG
2023-01-01,Calgary Flames,Vancouver Canucks,Calgary Flames,Vancouver Canucks,3,2,REG
2023-01-01,Edmonton Oilers,Winnipeg Jets,Winnipeg Jets,Edmonton Oilers,2,1,REG
2023-01-01,New Jersey Devils,Carolina Hurricanes,Carolina Hurricanes,New Jersey Devils,5,4,SO
2023-01-01,Florida Panthers,New York Rangers,New York Rangers,Florida Panthers,5,3,REG
2023-01-02,Chicago Blackhawks,San Jose Sharks,San Jose Sharks,Chicago Blackhawks,5,2,REG
2023-01-02,Ottawa Senators,Buffalo Sabres,Ottawa Senators,Buffalo Sabres,3,1,REG
2023-01-02,Seattle Kraken,New York Islanders,Seattle Kraken,New York Islanders,4,1,REG
2023-01-02,Boston Bruins,Pittsburgh Penguins,Boston Bruins,Pittsburgh Penguins,2,1,REG
2023-01-03,Colorado Avalanche,Vegas Golden Knights,Vegas Golden Knights,Colorado Avalanche,3,2,REG
2023-01-03,Anaheim Ducks,Philadelphia Flyers,Philadelphia Flyers,Anaheim Ducks,4,1,REG
2023-01-04,Florida Panthers,Arizona Coyotes,Florida Panthers,Arizona Coyotes,5,3,REG
2023-01-04,New York Rangers,Carolina Hurricanes,New York Rangers,Carolina Hurricanes,5,3,REG
2023-01-04,Ottawa Senators,Columbus Blue Jackets,Ottawa Senators,Columbus Blue Jackets,4,0,REG
2023-01-04,Toronto Maple Leafs,St. Louis Blues,St. Louis Blues,Toronto Maple Leafs,6,5,SO
2023-01-04,Washington Capitals,Buffalo Sabres,Buffalo Sabres,Washington Capitals,5,4,OT
2023-01-04,Nashville Predators,Montreal Canadiens,Nashville Predators,Montreal Canadiens,6,3,REG
2023-01-04,Winnipeg Jets,Calgary Flames,Winnipeg Jets,Calgary Flames,3,2,REG
2023-01-04,Chicago Blackhawks,Tampa Bay Lightning,Tampa Bay Lightning,Chicago Blackhawks,4,1,REG
2023-01-04,Edmonton Oilers,Seattle Kraken,Seattle Kraken,Edmonton Oilers,5,2,REG
2023-01-04,Los Angeles Kings,Dallas Stars,Los Angeles Kings,Dallas Stars,3,2,REG
2023-01-04,Vancouver Canucks,New York Islanders,New York Islanders,Vancouver Canucks,6,2,REG
2023-01-05,Detroit Red Wings,New Jersey Devils,New Jersey Devils,Detroit Red Wings,5,1,REG
2023-01-05,Minnesota Wild,Tampa Bay Lightning,Minnesota Wild,Tampa Bay Lightning,5,1,REG
2023-01-05,Anaheim Ducks,Dallas Stars,Anaheim Ducks,Dallas Stars,2,0,REG
2023-01-06,Carolina Hurricanes,Nashville Predators,Nashville Predators,Carolina Hurricanes,5,3,REG
2023-01-06,Columbus Blue Jackets,Washington Capitals,Washington Capitals,Columbus Blue Jackets,6,2,REG
2023-01-06,Montreal Canadiens,New York Rangers,New York Rangers,Montreal Canadiens,4,1,REG
2023-01-06,New Jersey Devils,St. Louis Blues,St. Louis Blues,New Jersey Devils,5,3,REG
2023-01-06,Philadelphia Flyers,Arizona Coyotes,Philadelphia Flyers,Arizona Coyotes,6,2,REG
2023-01-06,Toronto Maple Leafs,Seattle Kraken,Seattle Kraken,Toronto Maple Leafs,5,1,REG
2023-01-06,Edmonton Oilers,New York Islanders,Edmonton Oilers,New York Islanders,4,2,REG
2023-01-06,Vancouver Canucks,Colorado Avalanche,Vancouver Canucks,Colorado Avalanche,4,2,REG
2023-01-06,Vegas Golden Knights,Pittsburgh Penguins,Vegas Golden Knights,Pittsburgh Penguins,5,2,REG
2023-01-06,Los Angeles Kings,Boston Bruins,Boston Bruins,Los Angeles Kings,5,2,REG
2023-01-07,Detroit Red Wings,Florida Panthers,Florida Panthers,Detroit Red Wings,3,2,REG
2023-01-07,Washington Capitals,Nashville Predators,Nashville Predators,Washington Capitals,3,2,REG
2023-01-07,Winnipeg Jets,Tampa Bay Lightning,Winnipeg Jets,Tampa Bay Lightning,4,2,REG
2023-01-07,Chicago Blackhawks,Arizona Coyotes,Chicago Blackhawks,Arizona Coyotes,2,0,REG
2023-01-07,Calgary Flames,New York Islanders,Calgary Flames,New York Islanders,4,1,REG
2023-01-07,Anaheim Ducks,San Jose Sharks,Anaheim Ducks,San Jose Sharks,5,4,OT
2023-01-07,New Jersey Devils,New York Rangers,New Jersey Devils,New York Rangers,4,3,OT
2023-01-07,Columbus Blue Jackets,Carolina Hurricanes,Columbus Blue Jackets,Carolina Hurricanes,4,3,SO
2023-01-08,Buffalo Sabres,Minnesota Wild,Buffalo Sabres,Minnesota Wild,6,5,OT
2023-01-08,Montreal Canadiens,St. Louis Blues,Montreal Canadiens,St. Louis Blues,5,4,REG
2023-01-08,Ottawa Senators,Seattle Kraken,Seattle Kraken,Ottawa Senators,8,4,REG
2023-01-08,Toronto Maple Leafs,Detroit Red Wings,Toronto Maple Leafs,Detroit Red Wings,4,1,REG
2023-01-08,Edmonton Oilers,Colorado Avalanche,Colorado Avalanche,Edmonton Oilers,3,2,OT
2023-01-08,Vegas Golden Knights,Los Angeles Kings,Los Angeles Kings,Vegas Golden Knights,5,1,REG
2023-01-08,San Jose Sharks,Boston Bruins,Boston Bruins,San Jose Sharks,4,2,REG
2023-01-08,Winnipeg Jets,Vancouver Canucks,Winnipeg Jets,Vancouver Canucks,7,4,REG
2023-01-08,Dallas Stars,Florida Panthers,Dallas Stars,Florida Panthers,5,1,REG
2023-01-09,Arizona Coyotes,Pittsburgh Penguins,Pittsburgh Penguins,Arizona Coyotes,4,1,REG
2023-01-09,Chicago Blackhawks,Calgary Flames,Chicago Blackhawks,Calgary Flames,4,3,OT
2023-01-09,Minnesota Wild,St. Louis Blues,St. Louis Blues,Minnesota Wild,3,0,REG
2023-01-09,Philadelphia Flyers,Toronto Maple Leafs,Toronto Maple Leafs,Philadelphia Flyers,6,2,REG
2023-01-09,Anaheim Ducks,Boston Bruins,Boston Bruins,Anaheim Ducks,5,1,REG
2023-01-10,Buffalo Sabres,Philadelphia Flyers,Philadelphia Flyers,Buffalo Sabres,4,0,REG
2023-01-10,Montreal Canadiens,Seattle Kraken,Seattle Kraken,Montreal Canadiens,4,0,REG
2023-01-10,Ottawa Senators,Nashville Predators,Nashville Predators,Ottawa Senators,3,0,REG
2023-01-10,Los Angeles Kings,Edmonton Oilers,Los Angeles Kings,Edmonton Oilers,6,3,REG
2023-01-11,Buffalo Sabres,Seattle Kraken,Seattle Kraken,Buffalo Sabres,4,3,REG
2023-01-11,Carolina Hurricanes,New Jersey Devils,New Jersey Devils,Carolina Hurricanes,5,3,REG
2023-01-11,Detroit Red Wings,Winnipeg Jets,Detroit Red Wings,Winnipeg Jets,7,5,REG
2023-01-11,New York Rangers,Minnesota Wild,New York Rangers,Minnesota Wild,4,3,SO
2023-01-11,Pittsburgh Penguins,Vancouver Canucks,Pittsburgh Penguins,Vancouver Canucks,5,4,REG
2023-01-11,Tampa Bay Lightning,Columbus Blue Jackets,Tampa Bay Lightning,Columbus Blue Jackets,6,3,REG
2023-01-11,New York Islanders,Dallas Stars,Dallas Stars,New York Islanders,2,1,SO
2023-01-11,St. Louis Blues,Calgary Flames,St. Louis Blues,Calgary Flames,4,3,OT
2023-01-11,Arizona Coyotes,San Jose Sharks,San Jose Sharks,Arizona Coyotes,4,2,REG
2023-01-11,Colorado Avalanche,Florida Panthers,Florida Panthers,Colorado Avalanche,5,4,REG
2023-01-12,Philadelphia Flyers,Washington Capitals,Philadelphia Flyers,Washington Capitals,5,3,REG
2023-01-12,Toronto Maple Leafs,Nashville Predators,Toronto Maple Leafs,Nashville Predators,2,1,REG
2023-01-12,Anaheim Ducks,Edmonton Oilers,Edmonton Oilers,Anaheim Ducks,6,2,REG
2023-01-12,Los Angeles Kings,San Jose Sharks,Los Angeles Kings,San Jose Sharks,4,3,REG
2023-01-13,Boston Bruins,Seattle Kraken,Seattle Kraken,Boston Bruins,3,0,REG
2023-01-13,Buffalo Sabres,Winnipeg Jets,Winnipeg Jets,Buffalo Sabres,4,2,REG
2023-01-13,Columbus Blue Jackets,Carolina Hurricanes,Carolina Hurricanes,Columbus Blue Jackets,6,2,REG
2023-01-13,Detroit Red Wings,Toronto Maple Leafs,Detroit Red Wings,Toronto Maple Leafs,4,1,REG
2023-01-13,Montreal Canadiens,Nashville Predators,Montreal Canadiens,Nashville Predators,4,3,REG
2023-01-13,New York Rangers,Dallas Stars,New York Rangers,Dallas Stars,2,1,OT
2023-01-13,Tampa Bay Lightning,Vancouver Canucks,Tampa Bay Lightning,Vancouver Canucks,5,4,REG
2023-01-13,New York Islanders,Minnesota Wild,Minnesota Wild,New York Islanders,3,1,REG
2023-01-13,St. Louis Blues,Calgary Flames,Calgary Flames,St. Louis Blues,4,1,REG
2023-01-13,Chicago Blackhawks,Colorado Avalanche,Chicago Blackhawks,Colorado Avalanche,3,2,REG
2023-01-13,Arizona Coyotes,Ottawa Senators,Ottawa Senators,Arizona Coyotes,5,3,REG
2023-01-13,Vegas Golden Knights,Florida Panthers,Vegas Golden Knights,Florida Panthers,4,2,REG
2023-01-14,Pittsburgh Penguins,Winnipeg Jets,Winnipeg Jets,Pittsburgh Penguins,4,1,REG
2023-01-14,Anaheim Ducks,New Jersey Devils,New Jersey Devils,Anaheim Ducks,6,2,REG
2023-01-14,San Jose Sharks,Edmonton Oilers,Edmonton Oilers,San Jose Sharks,5,1,REG
2023-01-14,Dallas Stars,Calgary Flames,Calgary Flames,Dallas Stars,6,5,REG
2023-01-15,Boston Bruins,Toronto Maple Leafs,Boston Bruins,Toronto Maple Leafs,4,3,REG
2023-01-15,Carolina Hurricanes,Pittsburgh Penguins,Carolina Hurricanes,Pittsburgh Penguins,2,1,REG
2023-01-15,Colorado Avalanche,Ottawa Senators,Colorado Avalanche,Ottawa Senators,4,0,REG
2023-01-15,Detroit Red Wings,Columbus Blue Jackets,Columbus Blue Jackets,Detroit Red Wings,4,3,REG
2023-01-15,Florida Panthers,Vancouver Canucks,Florida Panthers,Vancouver Canucks,4,3,REG
2023-01-15,New York Islanders,Montreal Canadiens,New York Islanders,Montreal Canadiens,2,1,REG
2023-01-15,Washington Capitals,Philadelphia Flyers,Philadelphia Flyers,Washington Capitals,3,1,REG
2023-01-15,Chicago Blackhawks,Seattle Kraken,Seattle Kraken,Chicago Blackhawks,8,5,REG
2023-01-15,Minnesota Wild,Arizona Coyotes,Minnesota Wild,Arizona Coyotes,2,1,REG
2023-01-15,Nashville Predators,Buffalo Sabres,Buffalo Sabres,Nashville Predators,5,3,REG
2023-01-15,St. Louis Blues,Tampa Bay Lightning,Tampa Bay Lightning,St. Louis Blues,4,2,REG
2023-01-15,Vegas Golden Knights,Edmonton Oilers,Edmonton Oilers,Vegas Golden Knights,4,3,REG
2023-01-15,Los Angeles Kings,New Jersey Devils,New Jersey Devils,Los Angeles Kings,5,2,REG
2023-01-15,Carolina Hurricanes,Vancouver Canucks,Vancouver Canucks,Carolina Hurricanes,4,3,SO
2023-01-15,New York Rangers,Montreal Canadiens,Montreal Canadiens,New York Rangers,2,1,REG
2023-01-16,Winnipeg Jets,Arizona Coyotes,Winnipeg Jets,Arizona Coyotes,2,1,REG
2023-01-16,Boston Bruins,Philadelphia Flyers,Boston Bruins,Philadelphia Flyers,4,0,REG
2023-01-16,Buffalo Sabres,Florida Panthers,Florida Panthers,Buffalo Sabres,4,1,REG
2023-01-16,Colorado Avalanche,Detroit Red Wings,Colorado Avalanche,Detroit Red Wings,6,3,REG
2023-01-16,San Jose Sharks,New Jersey Devils,New Jersey Devils,San Jose Sharks,4,3,SO
2023-01-16,Seattle Kraken,Tampa Bay Lightning,Tampa Bay Lightning,Seattle Kraken,4,1,REG
2023-01-16,Vegas Golden Knights,Dallas Stars,Dallas Stars,Vegas Golden Knights,4,0,REG
2023-01-17,Columbus Blue Jackets,New York Rangers,New York Rangers,Columbus Blue Jackets,3,1,REG
2023-01-17,Pittsburgh Penguins,Anaheim Ducks,Pittsburgh Penguins,Anaheim Ducks,4,3,OT
2023-01-17,New York Islanders,Washington Capitals,Washington Capitals,New York Islanders,4,3,OT
2023-01-17,Nashville Predators,Calgary Flames,Nashville Predators,Calgary Flames,2,1,REG
2023-01-17,St. Louis Blues,Ottawa Senators,St. Louis Blues,Ottawa Senators,2,1,REG
2023-01-18,Montreal Canadiens,Winnipeg Jets,Montreal Canadiens,Winnipeg Jets,4,1,REG
2023-01-18,Philadelphia Flyers,Anaheim Ducks,Philadelphia Flyers,Anaheim Ducks,5,2,REG
2023-01-18,Toronto Maple Leafs,Florida Panthers,Toronto Maple Leafs,Florida Panthers,5,4,OT
2023-01-18,Washington Capitals,Minnesota Wild,Minnesota Wild,Washington Capitals,4,2,REG
2023-01-18,Nashville Predators,Columbus Blue Jackets,Nashville Predators,Columbus Blue Jackets,2,1,REG
2023-01-18,Chicago Blackhawks,Buffalo Sabres,Chicago Blackhawks,Buffalo Sabres,4,3,OT
2023-01-18,Arizona Coyotes,Detroit Red Wings,Arizona Coyotes,Detroit Red Wings,4,3,SO
2023-01-18,Edmonton Oilers,Seattle Kraken,Edmonton Oilers,Seattle Kraken,5,2,REG
2023-01-19,Ottawa Senators,Pittsburgh Penguins,Ottawa Senators,Pittsburgh Penguins,5,4,OT
2023-01-19,New York Islanders,Boston Bruins,Boston Bruins,New York Islanders,4,1,REG
2023-01-19,Calgary Flames,Colorado Avalanche,Colorado Avalanche,Calgary Flames,4,1,REG
2023-01-19,San Jose Sharks,Dallas Stars,San Jose Sharks,Dallas Stars,5,3,REG
2023-01-19,Vancouver Canucks,Tampa Bay Lightning,Tampa Bay Lightning,Vancouver Canucks,5,2,REG
2023-01-20,Carolina Hurricanes,Minnesota Wild,Carolina Hurricanes,Minnesota Wild,5,2,REG
2023-01-20,Columbus Blue Jackets,Anaheim Ducks,Anaheim Ducks,Columbus Blue Jackets,5,3,REG
2023-01-20,Montreal Canadiens,Florida Panthers,Florida Panthers,Montreal Canadiens,6,2,REG
2023-01-20,New York Rangers,Boston Bruins,Boston Bruins,New York Rangers,3,1,REG
2023-01-20,Philadelphia Flyers,Chicago Blackhawks,Chicago Blackhawks,Philadelphia Flyers,4,1,REG
2023-01-20,Toronto Maple Leafs,Winnipeg Jets,Toronto Maple Leafs,Winnipeg Jets,4,1,REG
2023-01-20,Buffalo Sabres,New York Islanders,Buffalo Sabres,New York Islanders,3,2,OT
2023-01-20,St. Louis Blues,Nashville Predators,St. Louis Blues,Nashville Predators,5,2,REG
2023-01-20,Arizona Coyotes,Washington Capitals,Washington Capitals,Arizona Coyotes,4,0,REG
2023-01-20,Edmonton Oilers,Tampa Bay Lightning,Edmonton Oilers,Tampa Bay Lightning,5,3,REG
2023-01-20,Seattle Kraken,New Jersey Devils,Seattle Kraken,New Jersey Devils,4,3,OT
2023-01-20,Vegas Golden Knights,Detroit Red Wings,Detroit Red Wings,Vegas Golden Knights,3,2,REG
2023-01-20,Los Angeles Kings,Dallas Stars,Dallas Stars,Los Angeles Kings,4,0,REG
2023-01-21,Pittsburgh Penguins,Ottawa Senators,Pittsburgh Penguins,Ottawa Senators,4,1,REG
2023-01-21,Vancouver Canucks,Colorado Avalanche,Colorado Avalanche,Vancouver Canucks,4,1,REG
2023-01-21,Buffalo Sabres,Anaheim Ducks,Buffalo Sabres,Anaheim Ducks,6,3,REG
2023-01-21,Calgary Flames,Tampa Bay Lightning,Calgary Flames,Tampa Bay Lightning,6,3,REG
2023-01-21,Florida Panthers,Minnesota Wild,Florida Panthers,Minnesota Wild,5,3,REG
2023-01-22,Columbus Blue Jackets,San Jose Sharks,Columbus Blue Jackets,San Jose Sharks,5,3,REG
2023-01-22,Detroit Red Wings,Philadelphia Flyers,Philadelphia Flyers,Detroit Red Wings,2,1,REG
2023-01-22,Montreal Canadiens,Toronto Maple Leafs,Montreal Canadiens,Toronto Maple Leafs,3,2,OT
2023-01-22,Ottawa Senators,Winnipeg Jets,Winnipeg Jets,Ottawa Senators,5,1,REG
2023-01-22,New York Islanders,Carolina Hurricanes,Carolina Hurricanes,New York Islanders,5,2,REG
2023-01-22,Dallas Stars,Arizona Coyotes,Dallas Stars,Arizona Coyotes,4,0,REG
2023-01-22,Nashville Predators,Los Angeles Kings,Nashville Predators,Los Angeles Kings,5,3,REG
2023-01-22,St. Louis Blues,Chicago Blackhawks,Chicago Blackhawks,St. Louis Blues,5,3,REG
2023-01-22,Seattle Kraken,Colorado Avalanche,Colorado Avalanche,Seattle Kraken,2,1,SO
2023-01-22,Vancouver Canucks,Edmonton Oilers,Edmonton Oilers,Vancouver Canucks,4,2,REG
2023-01-22,Vegas Golden Knights,Washington Capitals,Vegas Golden Knights,Washington Capitals,6,2,REG
2023-01-22,New Jersey Devils,Pittsburgh Penguins,New Jersey Devils,Pittsburgh Penguins,2,1,OT
2023-01-23,Boston Bruins,San Jose Sharks,Boston Bruins,San Jose Sharks,4,0,REG
2023-01-23,Chicago Blackhawks,Los Angeles Kings,Los Angeles Kings,Chicago Blackhawks,2,1,REG
2023-01-23,Philadelphia Flyers,Winnipeg Jets,Winnipeg Jets,Philadelphia Flyers,5,3,REG
2023-01-23,Arizona Coyotes,Vegas Golden Knights,Arizona Coyotes,Vegas Golden Knights,4,1,REG
2023-01-24,New York Rangers,Florida Panthers,New York Rangers,Florida Panthers,6,2,REG
2023-01-24,Toronto Maple Leafs,New York Islanders,Toronto Maple Leafs,New York Islanders,5,2,REG
2023-01-24,Dallas Stars,Buffalo Sabres,Buffalo Sabres,Dallas Stars,3,2,OT
2023-01-24,Calgary Flames,Columbus Blue Jackets,Calgary Flames,Columbus Blue Jackets,4,3,OT
2023-01-25,Detroit Red Wings,San Jose Sharks,Detroit Red Wings,San Jose Sharks,3,2,OT
2023-01-25,Montreal Canadiens,Boston Bruins,Boston Bruins,Montreal Canadiens,4,2,REG
2023-01-25,Philadelphia Flyers,Los Angeles Kings,Los Angeles Kings,Philadelphia Flyers,4,3,OT
2023-01-25,Pittsburgh Penguins,Florida Panthers,Pittsburgh Penguins,Florida Panthers,7,6,OT
2023-01-25,Tampa Bay Lightning,Minnesota Wild,Tampa Bay Lightning,Minnesota Wild,4,2,REG
2023-01-25,New Jersey Devils,Vegas Golden Knights,New Jersey Devils,Vegas Golden Knights,3,2,OT
2023-01-25,Nashville Predators,Winnipeg Jets,Nashville Predators,Winnipeg Jets,2,1,REG
2023-01-25,St. Louis Blues,Buffalo Sabres,Buffalo Sabres,St. Louis Blues,5,3,REG
2023-01-25,Arizona Coyotes,Anaheim Ducks,Anaheim Ducks,Arizona Coyotes,5,2,REG
2023-01-25,Colorado Avalanche,Washington Capitals,Colorado Avalanche,Washington Capitals,3,2,REG
2023-01-25,Vancouver Canucks,Chicago Blackhawks,Vancouver Canucks,Chicago Blackhawks,5,2,REG
2023-01-26,Ottawa Senators,New York Islanders,Ottawa Senators,New York Islanders,2,1,REG
2023-01-26,Toronto Maple Leafs,New York Rangers,Toronto Maple Leafs,New York Rangers,3,2,OT
2023-01-26,Dallas Stars,Carolina Hurricanes,Carolina Hurricanes,Dallas Stars,3,2,OT
2023-01-26,Edmonton Oilers,Columbus Blue Jackets,Columbus Blue Jackets,Edmonton Oilers,3,2,OT
2023-01-26,Seattle Kraken,Vancouver Canucks,Seattle Kraken,Vancouver Canucks,5,1,REG
2023-01-27,Montreal Canadiens,Detroit Red Wings,Detroit Red Wings,Montreal Canadiens,4,3,OT
2023-01-27,Tampa Bay Lightning,Boston Bruins,Tampa Bay Lightning,Boston Bruins,3,2,REG
2023-01-27,Washington Capitals,Pittsburgh Penguins,Washington Capitals,Pittsburgh Penguins,3,2,SO
2023-01-27,Minnesota Wild,Philadelphia Flyers,Minnesota Wild,Philadelphia Flyers,3,2,OT
2023-01-27,Nashville Predators,New Jersey Devils,Nashville Predators,New Jersey Devils,6,4,REG
2023-01-27,Winnipeg Jets,Buffalo Sabres,Buffalo Sabres,Winnipeg Jets,3,2,REG
2023-01-27,Arizona Coyotes,St. Louis Blues,Arizona Coyotes,St. Louis Blues,4,0,REG
2023-01-27,Calgary Flames,Chicago Blackhawks,Chicago Blackhawks,Calgary Flames,5,1,REG
2023-01-27,Colorado Avalanche,Anaheim Ducks,Anaheim Ducks,Colorado Avalanche,5,3,REG
2023-01-28,Carolina Hurricanes,San Jose Sharks,Carolina Hurricanes,San Jose Sharks,5,4,OT
2023-01-28,Florida Panthers,Los Angeles Kings,Los Angeles Kings,Florida Panthers,4,3,REG
2023-01-28,New York Islanders,Detroit Red Wings,New York Islanders,Detroit Red Wings,2,0,REG
2023-01-28,New York Rangers,Vegas Golden Knights,New York Rangers,Vegas Golden Knights,4,1,REG
2023-01-28,Toronto Maple Leafs,Ottawa Senators,Ottawa Senators,Toronto Maple Leafs,6,2,REG
2023-01-28,Dallas Stars,New Jersey Devils,New Jersey Devils,Dallas Stars,3,2,OT
2023-01-28,Seattle Kraken,Calgary Flames,Calgary Flames,Seattle Kraken,5,2,REG
2023-01-28,Vancouver Canucks,Columbus Blue Jackets,Vancouver Canucks,Columbus Blue Jackets,5,2,REG
2023-01-28,Colorado Avalanche,St. Louis Blues,Colorado Avalanche,St. Louis Blues,4,2,REG
2023-01-28,Florida Panthers,Boston Bruins,Florida Panthers,Boston Bruins,4,3,OT
2023-01-29,Ottawa Senators,Montreal Canadiens,Ottawa Senators,Montreal Canadiens,4,0,REG
2023-01-29,Pittsburgh Penguins,San Jose Sharks,San Jose Sharks,Pittsburgh Penguins,6,4,REG
2023-01-29,Tampa Bay Lightning,Los Angeles Kings,Tampa Bay Lightning,Los Angeles Kings,5,2,REG
2023-01-29,Winnipeg Jets,Philadelphia Flyers,Philadelphia Flyers,Winnipeg Jets,4,0,REG
2023-01-29,New York Islanders,Vegas Golden Knights,New York Islanders,Vegas Golden Knights,2,1,OT
2023-01-29,Minnesota Wild,Buffalo Sabres,Minnesota Wild,Buffalo Sabres,3,2,SO
2023-01-29,Edmonton Oilers,Chicago Blackhawks,Edmonton Oilers,Chicago Blackhawks,7,3,REG
2023-01-29,Seattle Kraken,Columbus Blue Jackets,Seattle Kraken,Columbus Blue Jackets,3,1,REG
2023-01-29,Anaheim Ducks,Arizona Coyotes,Anaheim Ducks,Arizona Coyotes,2,1,OT
2023-01-29,Carolina Hurricanes,Boston Bruins,Carolina Hurricanes,Boston Bruins,4,1,REG
2023-01-29,Toronto Maple Leafs,Washington Capitals,Toronto Maple Leafs,Washington Capitals,5,1,REG
2023-01-31,Winnipeg Jets,St. Louis Blues,Winnipeg Jets,St. Louis Blues,4,2,REG
2023-02-01,Carolina Hurricanes,Los Angeles Kings,Carolina Hurricanes,Los Angeles Kings,5,4,OT
2023-02-01,Columbus Blue Jackets,Washington Capitals,Washington Capitals,Columbus Blue Jackets,4,3,OT
2023-02-01,Montreal Canadiens,Ottawa Senators,Ottawa Senators,Montreal Canadiens,5,4,REG
2023-02-02,Buffalo Sabres,Carolina Hurricanes,Carolina Hurricanes,Buffalo Sabres,5,1,REG
2023-02-02,Toronto Maple Leafs,Boston Bruins,Boston Bruins,Toronto Maple Leafs,5,2,REG
2023-02-07,Florida Panthers,Tampa Bay Lightning,Florida Panthers,Tampa Bay Lightning,5,1,REG
2023-02-07,Philadelphia Flyers,New York Islanders,New York Islanders,Philadelphia Flyers,2,1,REG
2023-02-07,New York Rangers,Calgary Flames,New York Rangers,Calgary Flames,5,4,OT
2023-02-07,New Jersey Devils,Vancouver Canucks,New Jersey Devils,Vancouver Canucks,5,4,OT
2023-02-07,Dallas Stars,Anaheim Ducks,Dallas Stars,Anaheim Ducks,3,2,SO
2023-02-07,Arizona Coyotes,Minnesota Wild,Arizona Coyotes,Minnesota Wild,3,2,REG
2023-02-08,Pittsburgh Penguins,Colorado Avalanche,Pittsburgh Penguins,Colorado Avalanche,2,1,OT
2023-02-08,Tampa Bay Lightning,San Jose Sharks,San Jose Sharks,Tampa Bay Lightning,4,3,OT
2023-02-08,Detroit Red Wings,Edmonton Oilers,Edmonton Oilers,Detroit Red Wings,5,2,REG
2023-02-08,New York Islanders,Seattle Kraken,New York Islanders,Seattle Kraken,4,0,REG
2023-02-08,Nashville Predators,Vegas Golden Knights,Vegas Golden Knights,Nashville Predators,5,1,REG
2023-02-08,Chicago Blackhawks,Anaheim Ducks,Anaheim Ducks,Chicago Blackhawks,3,2,OT
2023-02-09,New York Rangers,Vancouver Canucks,New York Rangers,Vancouver Canucks,4,3,REG
2023-02-09,Dallas Stars,Minnesota Wild,Dallas Stars,Minnesota Wild,4,1,REG
2023-02-10,Detroit Red Wings,Calgary Flames,Detroit Red Wings,Calgary Flames,2,1,REG
2023-02-10,Florida Panthers,San Jose Sharks,Florida Panthers,San Jose Sharks,4,1,REG
2023-02-10,New Jersey Devils,Seattle Kraken,New Jersey Devils,Seattle Kraken,3,1,REG
2023-02-10,Philadelphia Flyers,Edmonton Oilers,Philadelphia Flyers,Edmonton Oilers,2,1,SO
2023-02-10,Tampa Bay Lightning,Colorado Avalanche,Tampa Bay Lightning,Colorado Avalanche,4,0,REG
2023-02-10,New York Islanders,Vancouver Canucks,Vancouver Canucks,New York Islanders,6,5,REG
2023-02-10,Minnesota Wild,Vegas Golden Knights,Vegas Golden Knights,Minnesota Wild,5,1,REG
2023-02-11,Columbus Blue Jackets,Toronto Maple Leafs,Toronto Maple Leafs,Columbus Blue Jackets,3,0,REG
2023-02-11,New York Rangers,Seattle Kraken,New York Rangers,Seattle Kraken,6,3,REG
2023-02-11,Chicago Blackhawks,Arizona Coyotes,Chicago Blackhawks,Arizona Coyotes,4,3,OT
2023-02-11,Anaheim Ducks,Pittsburgh Penguins,Pittsburgh Penguins,Anaheim Ducks,6,3,REG
2023-02-11,Detroit Red Wings,Vancouver Canucks,Detroit Red Wings,Vancouver Canucks,5,2,REG
2023-02-11,Buffalo Sabres,Calgary Flames,Calgary Flames,Buffalo Sabres,6,2,REG
2023-02-11,Montreal Canadiens,New York Islanders,Montreal Canadiens,New York Islanders,4,3,OT
2023-02-11,Ottawa Senators,Edmonton Oilers,Edmonton Oilers,Ottawa Senators,6,3,REG
2023-02-11,Philadelphia Flyers,Nashville Predators,Nashville Predators,Philadelphia Flyers,2,1,OT
2023-02-11,Dallas Stars,Tampa Bay Lightning,Tampa Bay Lightning,Dallas Stars,3,1,REG
2023-02-11,Boston Bruins,Washington Capitals,Washington Capitals,Boston Bruins,2,1,REG
2023-02-11,Florida Panthers,Colorado Avalanche,Colorado Avalanche,Florida Panthers,5,3,REG
2023-02-12,Carolina Hurricanes,New York Rangers,New York Rangers,Carolina Hurricanes,6,2,REG
2023-02-12,Toronto Maple Leafs,Columbus Blue Jackets,Columbus Blue Jackets,Toronto Maple Leafs,4,3,REG
2023-02-12,Minnesota Wild,New Jersey Devils,Minnesota Wild,New Jersey Devils,3,2,SO
2023-02-12,St. Louis Blues,Arizona Coyotes,St. Louis Blues,Arizona Coyotes,6,5,OT
2023-02-12,Winnipeg Jets,Chicago Blackhawks,Winnipeg Jets,Chicago Blackhawks,4,1,REG
2023-02-12,Los Angeles Kings,Pittsburgh Penguins,Los Angeles Kings,Pittsburgh Penguins,4,0,REG
2023-02-12,Montreal Canadiens,Edmonton Oilers,Montreal Canadiens,Edmonton Oilers,6,2,REG
2023-02-12,Philadelphia Flyers,Seattle Kraken,Seattle Kraken,Philadelphia Flyers,4,3,REG
2023-02-12,Washington Capitals,San Jose Sharks,San Jose Sharks,Washington Capitals,4,1,REG
2023-02-12,Vegas Golden Knights,Anaheim Ducks,Vegas Golden Knights,Anaheim Ducks,6,2,REG
2023-02-14,Ottawa Senators,Calgary Flames,Ottawa Senators,Calgary Flames,4,3,OT
2023-02-14,Minnesota Wild,Florida Panthers,Florida Panthers,Minnesota Wild,2,1,SO
2023-02-14,Nashville Predators,Arizona Coyotes,Arizona Coyotes,Nashville Predators,4,2,REG
2023-02-14,Vancouver Canucks,Detroit Red Wings,Detroit Red Wings,Vancouver Canucks,5,1,REG
2023-02-14,Los Angeles Kings,Buffalo Sabres,Los Angeles Kings,Buffalo Sabres,5,2,REG
2023-02-15,Montreal Canadiens,Chicago Blackhawks,Montreal Canadiens,Chicago Blackhawks,4,0,REG
2023-02-15,Washington Capitals,Carolina Hurricanes,Carolina Hurricanes,Washington Capitals,3,2,REG
2023-02-15,Columbus Blue Jackets,New Jersey Devils,New Jersey Devils,Columbus Blue Jackets,3,2,REG
2023-02-15,New York Islanders,Ottawa Senators,Ottawa Senators,New York Islanders,3,2,SO
2023-02-15,St. Louis Blues,Florida Panthers,St. Louis Blues,Florida Panthers,6,2,REG
2023-02-15,Winnipeg Jets,Seattle Kraken,Winnipeg Jets,Seattle Kraken,3,2,SO
2023-02-15,Dallas Stars,Boston Bruins,Boston Bruins,Dallas Stars,3,2,OT
2023-02-15,Colorado Avalanche,Tampa Bay Lightning,Tampa Bay Lightning,Colorado Avalanche,4,3,SO
2023-02-15,San Jose Sharks,Pittsburgh Penguins,Pittsburgh Penguins,San Jose Sharks,3,1,REG
2023-02-16,Toronto Maple Leafs,Chicago Blackhawks,Toronto Maple Leafs,Chicago Blackhawks,5,2,REG
2023-02-16,Edmonton Oilers,Detroit Red Wings,Detroit Red Wings,Edmonton Oilers,5,4,SO
2023-02-16,Minnesota Wild,Colorado Avalanche,Colorado Avalanche,Minnesota Wild,3,2,REG
2023-02-16,Anaheim Ducks,Buffalo Sabres,Buffalo Sabres,Anaheim Ducks,7,3,REG
2023-02-16,Vancouver Canucks,New York Rangers,New York Rangers,Vancouver Canucks,6,4,REG
2023-02-17,Carolina Hurricanes,Montreal Canadiens,Carolina Hurricanes,Montreal Canadiens,6,2,REG
2023-02-17,Columbus Blue Jackets,Winnipeg Jets,Columbus Blue Jackets,Winnipeg Jets,3,1,REG
2023-02-17,Washington Capitals,Florida Panthers,Florida Panthers,Washington Capitals,6,3,REG
2023-02-17,Nashville Predators,Boston Bruins,Boston Bruins,Nashville Predators,4,0,REG
2023-02-17,Calgary Flames,Detroit Red Wings,Detroit Red Wings,Calgary Flames,5,2,REG
2023-02-17,St. Louis Blues,New Jersey Devils,St. Louis Blues,New Jersey Devils,4,2,REG
2023-02-17,Seattle Kraken,Philadelphia Flyers,Seattle Kraken,Philadelphia Flyers,6,2,REG
2023-02-17,Vegas Golden Knights,San Jose Sharks,Vegas Golden Knights,San Jose Sharks,2,1,REG
2023-02-18,New York Islanders,Pittsburgh Penguins,New York Islanders,Pittsburgh Penguins,5,4,REG
2023-02-18,Ottawa Senators,Chicago Blackhawks,Chicago Blackhawks,Ottawa Senators,4,3,OT
2023-02-18,Minnesota Wild,Dallas Stars,Minnesota Wild,Dallas Stars,2,1,SO
2023-02-18,Anaheim Ducks,Los Angeles Kings,Los Angeles Kings,Anaheim Ducks,6,3,REG
2023-02-18,Edmonton Oilers,New York Rangers,New York Rangers,Edmonton Oilers,5,4,SO
2023-02-18,Nashville Predators,Florida Panthers,Nashville Predators,Florida Panthers,7,3,REG
2023-02-18,St. Louis Blues,Colorado Avalanche,Colorado Avalanche,St. Louis Blues,4,1,REG
2023-02-18,Boston Bruins,New York Islanders,Boston Bruins,New York Islanders,6,2,REG
2023-02-18,Pittsburgh Penguins,New Jersey Devils,New Jersey Devils,Pittsburgh Penguins,5,2,REG
2023-02-18,Dallas Stars,Columbus Blue Jackets,Columbus Blue Jackets,Dallas Stars,4,1,REG
2023-02-19,Toronto Maple Leafs,Montreal Canadiens,Toronto Maple Leafs,Montreal Canadiens,5,1,REG
2023-02-19,Carolina Hurricanes,Washington Capitals,Carolina Hurricanes,Washington Capitals,4,1,REG
2023-02-19,Calgary Flames,New York Rangers,Calgary Flames,New York Rangers,3,2,OT
2023-02-19,Vancouver Canucks,Philadelphia Flyers,Vancouver Canucks,Philadelphia Flyers,6,2,REG
2023-02-19,Los Angeles Kings,Arizona Coyotes,Los Angeles Kings,Arizona Coyotes,6,5,SO
2023-02-19,San Jose Sharks,Buffalo Sabres,Buffalo Sabres,San Jose Sharks,4,2,REG
2023-02-19,Seattle Kraken,Detroit Red Wings,Seattle Kraken,Detroit Red Wings,4,2,REG
2023-02-19,Vegas Golden Knights,Tampa Bay Lightning,Vegas Golden Knights,Tampa Bay Lightning,5,4,REG
2023-02-19,Minnesota Wild,Nashville Predators,Minnesota Wild,Nashville Predators,4,3,REG
2023-02-19,Ottawa Senators,St. Louis Blues,Ottawa Senators,St. Louis Blues,6,2,REG
2023-02-19,Colorado Avalanche,Edmonton Oilers,Colorado Avalanche,Edmonton Oilers,6,5,OT
2023-02-19,Chicago Blackhawks,Toronto Maple Leafs,Chicago Blackhawks,Toronto Maple Leafs,5,3,REG
2023-02-20,New Jersey Devils,Winnipeg Jets,New Jersey Devils,Winnipeg Jets,4,2,REG
2023-02-20,Arizona Coyotes,Columbus Blue Jackets,Arizona Coyotes,Columbus Blue Jackets,3,2,OT
2023-02-20,Boston Bruins,Ottawa Senators,Boston Bruins,Ottawa Senators,3,1,REG
2023-02-20,Florida Panthers,Anaheim Ducks,Florida Panthers,Anaheim Ducks,4,3,OT
2023-02-20,Calgary Flames,Philadelphia Flyers,Philadelphia Flyers,Calgary Flames,4,3,REG
2023-02-20,San Jose Sharks,Seattle Kraken,San Jose Sharks,Seattle Kraken,4,0,REG
2023-02-21,New York Rangers,Winnipeg Jets,Winnipeg Jets,New York Rangers,4,1,REG
2023-02-21,Pittsburgh Penguins,New York Islanders,New York Islanders,Pittsburgh Penguins,4,2,REG
2023-02-22,Carolina Hurricanes,St. Louis Blues,Carolina Hurricanes,St. Louis Blues,4,1,REG
2023-02-22,New Jersey Devils,Montreal Canadiens,Montreal Canadiens,New Jersey Devils,5,2,REG
2023-02-22,Tampa Bay Lightning,Anaheim Ducks,Tampa Bay Lightning,Anaheim Ducks,5,1,REG
2023-02-22,Washington Capitals,Detroit Red Wings,Detroit Red Wings,Washington Capitals,3,1,REG
2023-02-22,Buffalo Sabres,Toronto Maple Leafs,Toronto Maple Leafs,Buffalo Sabres,6,3,REG
2023-02-22,Minnesota Wild,Los Angeles Kings,Minnesota Wild,Los Angeles Kings,2,1,REG
2023-02-22,Nashville Predators,Vancouver Canucks,Nashville Predators,Vancouver Canucks,5,4,SO
2023-02-22,Chicago Blackhawks,Vegas Golden Knights,Chicago Blackhawks,Vegas Golden Knights,3,2,SO
2023-02-22,Edmonton Oilers,Philadelphia Flyers,Edmonton Oilers,Philadelphia Flyers,4,2,REG
2023-02-23,New York Islanders,Winnipeg Jets,New York Islanders,Winnipeg Jets,2,1,REG
2023-02-23,Arizona Coyotes,Calgary Flames,Calgary Flames,Arizona Coyotes,6,3,REG
2023-02-23,Dallas Stars,Chicago Blackhawks,Chicago Blackhawks,Dallas Stars,4,3,REG
2023-02-24,Columbus Blue Jackets,Minnesota Wild,Minnesota Wild,Columbus Blue Jackets,2,0,REG
2023-02-24,Detroit Red Wings,New York Rangers,Detroit Red Wings,New York Rangers,4,1,REG
2023-02-24,New Jersey Devils,Los Angeles Kings,New Jersey Devils,Los Angeles Kings,4,3,OT
2023-02-24,Pittsburgh Penguins,Edmonton Oilers,Edmonton Oilers,Pittsburgh Penguins,6,2,REG
2023-02-24,Tampa Bay Lightning,Buffalo Sabres,Buffalo Sabres,Tampa Bay Lightning,6,5,OT
2023-02-24,Washington Capitals,Anaheim Ducks,Anaheim Ducks,Washington Capitals,4,2,REG
2023-02-24,St. Louis Blues,Vancouver Canucks,Vancouver Canucks,St. Louis Blues,3,2,OT
2023-02-24,Vegas Golden Knights,Calgary Flames,Vegas Golden Knights,Calgary Flames,4,3,OT
2023-02-24,Seattle Kraken,Boston Bruins,Boston Bruins,Seattle Kraken,6,5,REG
2023-02-24,San Jose Sharks,Nashville Predators,Nashville Predators,San Jose Sharks,6,2,REG
2023-02-25,Carolina Hurricanes,Ottawa Senators,Carolina Hurricanes,Ottawa Senators,4,0,REG
2023-02-25,Florida Panthers,Buffalo Sabres,Buffalo Sabres,Florida Panthers,3,1,REG
2023-02-25,Philadelphia Flyers,Montreal Canadiens,Montreal Canadiens,Philadelphia Flyers,5,2,REG
2023-02-25,Toronto Maple Leafs,Minnesota Wild,Toronto Maple Leafs,Minnesota Wild,2,1,OT
2023-02-25,New York Islanders,Los Angeles Kings,Los Angeles Kings,New York Islanders,3,2,REG
2023-02-25,Winnipeg Jets,Colorado Avalanche,Colorado Avalanche,Winnipeg Jets,5,1,REG
2023-02-25,Columbus Blue Jackets,Edmonton Oilers,Columbus Blue Jackets,Edmonton Oilers,6,5,REG
2023-02-25,Washington Capitals,New York Rangers,Washington Capitals,New York Rangers,6,3,REG
2023-02-25,St. Louis Blues,Pittsburgh Penguins,Pittsburgh Penguins,St. Louis Blues,3,2,OT
2023-02-26,Carolina Hurricanes,Anaheim Ducks,Anaheim Ducks,Carolina Hurricanes,3,2,REG
2023-02-26,Montreal Canadiens,Ottawa Senators,Ottawa Senators,Montreal Canadiens,5,2,REG
2023-02-26,New Jersey Devils,Philadelphia Flyers,New Jersey Devils,Philadelphia Flyers,4,0,REG
2023-02-26,Vancouver Canucks,Boston Bruins,Boston Bruins,Vancouver Canucks,3,1,REG
2023-02-26,Detroit Red Wings,Tampa Bay Lightning,Tampa Bay Lightning,Detroit Red Wings,3,0,REG
2023-02-26,Colorado Avalanche,Calgary Flames,Colorado Avalanche,Calgary Flames,4,1,REG
2023-02-26,San Jose Sharks,Chicago Blackhawks,Chicago Blackhawks,San Jose Sharks,4,3,SO
2023-02-26,Vegas Golden Knights,Dallas Stars,Dallas Stars,Vegas Golden Knights,3,2,SO
2023-02-26,Buffalo Sabres,Washington Capitals,Buffalo Sabres,Washington Capitals,7,4,REG
2023-02-26,Minnesota Wild,Columbus Blue Jackets,Minnesota Wild,Columbus Blue Jackets,3,2,OT
2023-02-26,Winnipeg Jets,New York Islanders,New York Islanders,Winnipeg Jets,4,0,REG
2023-02-26,New York Rangers,Los Angeles Kings,New York Rangers,Los Angeles Kings,5,2,REG
2023-02-26,Pittsburgh Penguins,Tampa Bay Lightning,Pittsburgh Penguins,Tampa Bay Lightning,7,3,REG
2023-02-27,Arizona Coyotes,Nashville Predators,Nashville Predators,Arizona Coyotes,6,2,REG
2023-02-27,Seattle Kraken,Toronto Maple Leafs,Toronto Maple Leafs,Seattle Kraken,5,1,REG
2023-02-28,Ottawa Senators,Detroit Red Wings,Ottawa Senators,Detroit Red Wings,6,2,REG
2023-02-28,Dallas Stars,Vancouver Canucks,Vancouver Canucks,Dallas Stars,5,4,OT
2023-02-28,Edmonton Oilers,Boston Bruins,Boston Bruins,Edmonton Oilers,3,2,REG
2023-02-28,Colorado Avalanche,Vegas Golden Knights,Colorado Avalanche,Vegas Golden Knights,3,0,REG
2023-02-28,Anaheim Ducks,Chicago Blackhawks,Anaheim Ducks,Chicago Blackhawks,4,2,REG
2023-03-01,Ottawa Senators,Detroit Red Wings,Ottawa Senators,Detroit Red Wings,5,1,REG
2023-03-01,Tampa Bay Lightning,Florida Panthers,Florida Panthers,Tampa Bay Lightning,4,1,REG
2023-03-01,Buffalo Sabres,Columbus Blue Jackets,Columbus Blue Jackets,Buffalo Sabres,5,3,REG
2023-03-01,Minnesota Wild,New York Islanders,Minnesota Wild,New York Islanders,2,1,SO
2023-03-01,Nashville Predators,Pittsburgh Penguins,Pittsburgh Penguins,Nashville Predators,3,1,REG
2023-03-01,St. Louis Blues,Seattle Kraken,Seattle Kraken,St. Louis Blues,5,3,REG
2023-03-01,Winnipeg Jets,Los Angeles Kings,Los Angeles Kings,Winnipeg Jets,6,5,SO
2023-03-01,Arizona Coyotes,Chicago Blackhawks,Arizona Coyotes,Chicago Blackhawks,4,1,REG
2023-03-01,Calgary Flames,Boston Bruins,Boston Bruins,Calgary Flames,4,3,OT
2023-03-01,San Jose Sharks,Montreal Canadiens,Montreal Canadiens,San Jose Sharks,3,1,REG
2023-03-02,Philadelphia Flyers,New York Rangers,New York Rangers,Philadelphia Flyers,3,2,OT
2023-03-02,Edmonton Oilers,Toronto Maple Leafs,Edmonton Oilers,Toronto Maple Leafs,5,2,REG
2023-03-02,Dallas Stars,Arizona Coyotes,Dallas Stars,Arizona Coyotes,4,2,REG
2023-03-02,Colorado Avalanche,New Jersey Devils,New Jersey Devils,Colorado Avalanche,7,5,REG
2023-03-02,Anaheim Ducks,Washington Capitals,Washington Capitals,Anaheim Ducks,3,2,OT
2023-03-02,Vegas Golden Knights,Carolina Hurricanes,Vegas Golden Knights,Carolina Hurricanes,3,2,REG
2023-03-03,Boston Bruins,Buffalo Sabres,Boston Bruins,Buffalo Sabres,5,1,REG
2023-03-03,Detroit Red Wings,Seattle Kraken,Seattle Kraken,Detroit Red Wings,5,4,OT
2023-03-03,Florida Panthers,Nashville Predators,Nashville Predators,Florida Panthers,2,1,REG
2023-03-03,New York Rangers,Ottawa Senators,Ottawa Senators,New York Rangers,5,3,REG
2023-03-03,Tampa Bay Lightning,Pittsburgh Penguins,Pittsburgh Penguins,Tampa Bay Lightning,5,4,OT
2023-03-03,Chicago Blackhawks,Dallas Stars,Dallas Stars,Chicago Blackhawks,5,2,REG
2023-03-03,Calgary Flames,Toronto Maple Leafs,Toronto Maple Leafs,Calgary Flames,2,1,REG
2023-03-03,Vancouver Canucks,Minnesota Wild,Minnesota Wild,Vancouver Canucks,2,1,REG
2023-03-03,Los Angeles Kings,Montreal Canadiens,Los Angeles Kings,Montreal Canadiens,3,2,REG
2023-03-03,San Jose Sharks,St. Louis Blues,St. Louis Blues,San Jose Sharks,6,3,REG
2023-03-04,Columbus Blue Jackets,Seattle Kraken,Seattle Kraken,Columbus Blue Jackets,4,2,REG
2023-03-04,Edmonton Oilers,Winnipeg Jets,Edmonton Oilers,Winnipeg Jets,6,3,REG
2023-03-04,Arizona Coyotes,Carolina Hurricanes,Carolina Hurricanes,Arizona Coyotes,5,1,REG
2023-03-04,Anaheim Ducks,Montreal Canadiens,Anaheim Ducks,Montreal Canadiens,3,2,REG
2023-03-04,Vegas Golden Knights,New Jersey Devils,Vegas Golden Knights,New Jersey Devils,4,3,SO
2023-03-04,New York Islanders,Detroit Red Wings,New York Islanders,Detroit Red Wings,4,1,REG
2023-03-04,Buffalo Sabres,Tampa Bay Lightning,Buffalo Sabres,Tampa Bay Lightning,5,3,REG
2023-03-04,Boston Bruins,New York Rangers,Boston Bruins,New York Rangers,4,2,REG
2023-03-04,Dallas Stars,Colorado Avalanche,Dallas Stars,Colorado Avalanche,7,3,REG
2023-03-04,Florida Panthers,Pittsburgh Penguins,Florida Panthers,Pittsburgh Penguins,4,1,REG
2023-03-04,San Jose Sharks,Washington Capitals,Washington Capitals,San Jose Sharks,7,3,REG
2023-03-05,Ottawa Senators,Columbus Blue Jackets,Ottawa Senators,Columbus Blue Jackets,5,2,REG
2023-03-05,Vancouver Canucks,Toronto Maple Leafs,Vancouver Canucks,Toronto Maple Leafs,4,1,REG
2023-03-05,Winnipeg Jets,Edmonton Oilers,Winnipeg Jets,Edmonton Oilers,7,5,REG
2023-03-05,Chicago Blackhawks,Nashville Predators,Nashville Predators,Chicago Blackhawks,3,1,REG
2023-03-05,Calgary Flames,Minnesota Wild,Minnesota Wild,Calgary Flames,3,0,REG
2023-03-05,Los Angeles Kings,St. Louis Blues,Los Angeles Kings,St. Louis Blues,4,2,REG
2023-03-05,Carolina Hurricanes,Tampa Bay Lightning,Carolina Hurricanes,Tampa Bay Lightning,4,0,REG
2023-03-05,Philadelphia Flyers,Detroit Red Wings,Philadelphia Flyers,Detroit Red Wings,3,1,REG
2023-03-05,Vegas Golden Knights,Montreal Canadiens,Vegas Golden Knights,Montreal Canadiens,4,3,REG
2023-03-06,Arizona Coyotes,New Jersey Devils,New Jersey Devils,Arizona Coyotes,5,4,OT
2023-03-06,Colorado Avalanche,Seattle Kraken,Seattle Kraken,Colorado Avalanche,3,2,OT
2023-03-07,Buffalo Sabres,Edmonton Oilers,Edmonton Oilers,Buffalo Sabres,3,2,REG
2023-03-07,Winnipeg Jets,San Jose Sharks,San Jose Sharks,Winnipeg Jets,3,2,OT
2023-03-07,Dallas Stars,Calgary Flames,Calgary Flames,Dallas Stars,5,4,REG
2023-03-07,Chicago Blackhawks,Ottawa Senators,Chicago Blackhawks,Ottawa Senators,4,0,REG
2023-03-07,Los Angeles Kings,Washington Capitals,Los Angeles Kings,Washington Capitals,4,2,REG
2023-03-07,Vancouver Canucks,Nashville Predators,Vancouver Canucks,Nashville Predators,4,3,SO
2023-03-08,Florida Panthers,Vegas Golden Knights,Florida Panthers,Vegas Golden Knights,2,1,REG
2023-03-08,Montreal Canadiens,Carolina Hurricanes,Carolina Hurricanes,Montreal Canadiens,4,3,SO
2023-03-08,New Jersey Devils,Toronto Maple Leafs,Toronto Maple Leafs,New Jersey Devils,4,3,REG
2023-03-08,Pittsburgh Penguins,Columbus Blue Jackets,Pittsburgh Penguins,Columbus Blue Jackets,5,4,OT
2023-03-08,Tampa Bay Lightning,Philadelphia Flyers,Tampa Bay Lightning,Philadelphia Flyers,5,2,REG
2023-03-08,New York Islanders,Buffalo Sabres,New York Islanders,Buffalo Sabres,3,2,REG
2023-03-08,Arizona Coyotes,St. Louis Blues,Arizona Coyotes,St. Louis Blues,6,2,REG
2023-03-08,Colorado Avalanche,San Jose Sharks,Colorado Avalanche,San Jose Sharks,4,0,REG
2023-03-08,Seattle Kraken,Anaheim Ducks,Seattle Kraken,Anaheim Ducks,5,2,REG
2023-03-09,Detroit Red Wings,Chicago Blackhawks,Detroit Red Wings,Chicago Blackhawks,4,3,REG
2023-03-09,Winnipeg Jets,Minnesota Wild,Minnesota Wild,Winnipeg Jets,4,2,REG
2023-03-09,Vancouver Canucks,Anaheim Ducks,Vancouver Canucks,Anaheim Ducks,3,2,OT
2023-03-10,Buffalo Sabres,Dallas Stars,Dallas Stars,Buffalo Sabres,8,4,REG
2023-03-10,Montreal Canadiens,New York Rangers,New York Rangers,Montreal Canadiens,4,3,SO
2023-03-10,Pittsburgh Penguins,New York Islanders,New York Islanders,Pittsburgh Penguins,4,3,OT
2023-03-10,Tampa Bay Lightning,Vegas Golden Knights,Vegas Golden Knights,Tampa Bay Lightning,4,3,OT
2023-03-10,Washington Capitals,New Jersey Devils,New Jersey Devils,Washington Capitals,3,2,SO
2023-03-10,Boston Bruins,Edmonton Oilers,Edmonton Oilers,Boston Bruins,3,2,REG
2023-03-10,St. Louis Blues,San Jose Sharks,St. Louis Blues,San Jose Sharks,4,2,REG
2023-03-10,Arizona Coyotes,Nashville Predators,Arizona Coyotes,Nashville Predators,4,1,REG
2023-03-10,Colorado Avalanche,Los Angeles Kings,Los Angeles Kings,Colorado Avalanche,5,2,REG
2023-03-10,Seattle Kraken,Ottawa Senators,Ottawa Senators,Seattle Kraken,5,4,REG
2023-03-11,Florida Panthers,Chicago Blackhawks,Florida Panthers,Chicago Blackhawks,4,3,OT
2023-03-11,Calgary Flames,Anaheim Ducks,Anaheim Ducks,Calgary Flames,3,1,REG
2023-03-11,Boston Bruins,Detroit Red Wings,Boston Bruins,Detroit Red Wings,3,2,REG
2023-03-11,Pittsburgh Penguins,Philadelphia Flyers,Pittsburgh Penguins,Philadelphia Flyers,5,1,REG
2023-03-11,Buffalo Sabres,New York Rangers,New York Rangers,Buffalo Sabres,2,1,OT
2023-03-11,Colorado Avalanche,Arizona Coyotes,Colorado Avalanche,Arizona Coyotes,3,2,OT
2023-03-12,Carolina Hurricanes,Vegas Golden Knights,Vegas Golden Knights,Carolina Hurricanes,4,0,REG
2023-03-12,Columbus Blue Jackets,St. Louis Blues,St. Louis Blues,Columbus Blue Jackets,5,2,REG
2023-03-12,Florida Panthers,Winnipeg Jets,Winnipeg Jets,Florida Panthers,5,4,OT
2023-03-12,Montreal Canadiens,New Jersey Devils,New Jersey Devils,Montreal Canadiens,3,1,REG
2023-03-12,Tampa Bay Lightning,Chicago Blackhawks,Tampa Bay Lightning,Chicago Blackhawks,3,1,REG
2023-03-12,Toronto Maple Leafs,Edmonton Oilers,Toronto Maple Leafs,Edmonton Oilers,7,4,REG
2023-03-12,New York Islanders,Washington Capitals,Washington Capitals,New York Islanders,5,1,REG
2023-03-12,Seattle Kraken,Dallas Stars,Dallas Stars,Seattle Kraken,4,3,OT
2023-03-12,Vancouver Canucks,Ottawa Senators,Vancouver Canucks,Ottawa Senators,5,2,REG
2023-03-12,Los Angeles Kings,Nashville Predators,Nashville Predators,Los Angeles Kings,2,1,SO
2023-03-12,San Jose Sharks,Minnesota Wild,Minnesota Wild,San Jose Sharks,5,2,REG
2023-03-12,Detroit Red Wings,Boston Bruins,Detroit Red Wings,Boston Bruins,5,3,REG
2023-03-12,Pittsburgh Penguins,New York Rangers,Pittsburgh Penguins,New York Rangers,3,2,OT
2023-03-12,New Jersey Devils,Carolina Hurricanes,New Jersey Devils,Carolina Hurricanes,3,0,REG
2023-03-12,St. Louis Blues,Vegas Golden Knights,Vegas Golden Knights,St. Louis Blues,5,3,REG
2023-03-12,Tampa Bay Lightning,Winnipeg Jets,Winnipeg Jets,Tampa Bay Lightning,3,2,REG
2023-03-13,Calgary Flames,Ottawa Senators,Calgary Flames,Ottawa Senators,5,1,REG
2023-03-13,Anaheim Ducks,Nashville Predators,Nashville Predators,Anaheim Ducks,5,4,OT
2023-03-13,Arizona Coyotes,Minnesota Wild,Arizona Coyotes,Minnesota Wild,5,4,OT
2023-03-13,Montreal Canadiens,Colorado Avalanche,Colorado Avalanche,Montreal Canadiens,8,4,REG
2023-03-13,Toronto Maple Leafs,Buffalo Sabres,Buffalo Sabres,Toronto Maple Leafs,4,3,REG
2023-03-14,Seattle Kraken,Dallas Stars,Dallas Stars,Seattle Kraken,5,2,REG
2023-03-14,Carolina Hurricanes,Winnipeg Jets,Carolina Hurricanes,Winnipeg Jets,5,3,REG
2023-03-14,New York Rangers,Washington Capitals,New York Rangers,Washington Capitals,5,3,REG
2023-03-14,New Jersey Devils,Tampa Bay Lightning,Tampa Bay Lightning,New Jersey Devils,4,1,REG
2023-03-14,Philadelphia Flyers,Vegas Golden Knights,Vegas Golden Knights,Philadelphia Flyers,5,3,REG
2023-03-14,Pittsburgh Penguins,Montreal Canadiens,Montreal Canadiens,Pittsburgh Penguins,6,4,REG
2023-03-15,Nashville Predators,Detroit Red Wings,Nashville Predators,Detroit Red Wings,2,1,REG
2023-03-15,Chicago Blackhawks,Boston Bruins,Chicago Blackhawks,Boston Bruins,6,3,REG
2023-03-15,Edmonton Oilers,Ottawa Senators,Edmonton Oilers,Ottawa Senators,6,3,REG
2023-03-15,Arizona Coyotes,Calgary Flames,Arizona Coyotes,Calgary Flames,4,3,OT
2023-03-15,Vancouver Canucks,Dallas Stars,Vancouver Canucks,Dallas Stars,5,2,REG
2023-03-15,Los Angeles Kings,New York Islanders,Los Angeles Kings,New York Islanders,5,2,REG
2023-03-15,San Jose Sharks,Columbus Blue Jackets,Columbus Blue Jackets,San Jose Sharks,6,5,OT
2023-03-15,Toronto Maple Leafs,Colorado Avalanche,Colorado Avalanche,Toronto Maple Leafs,2,1,SO
2023-03-15,Washington Capitals,Buffalo Sabres,Washington Capitals,Buffalo Sabres,5,4,SO
2023-03-16,St. Louis Blues,Minnesota Wild,Minnesota Wild,St. Louis Blues,8,5,REG
2023-03-16,Anaheim Ducks,New York Islanders,New York Islanders,Anaheim Ducks,6,3,REG
2023-03-16,Florida Panthers,Montreal Canadiens,Florida Panthers,Montreal Canadiens,9,5,REG
2023-03-16,New York Rangers,Pittsburgh Penguins,New York Rangers,Pittsburgh Penguins,4,2,REG
2023-03-16,New Jersey Devils,Tampa Bay Lightning,Tampa Bay Lightning,New Jersey Devils,4,3,SO
2023-03-16,Ottawa Senators,Colorado Avalanche,Colorado Avalanche,Ottawa Senators,5,4,REG
2023-03-17,Nashville Predators,Chicago Blackhawks,Chicago Blackhawks,Nashville Predators,2,1,REG
2023-03-17,Winnipeg Jets,Boston Bruins,Boston Bruins,Winnipeg Jets,3,0,REG
2023-03-17,Edmonton Oilers,Dallas Stars,Edmonton Oilers,Dallas Stars,4,1,REG
2023-03-17,Arizona Coyotes,Vancouver Canucks,Arizona Coyotes,Vancouver Canucks,3,2,REG
2023-03-17,Vegas Golden Knights,Calgary Flames,Calgary Flames,Vegas Golden Knights,6,2,REG
2023-03-17,Los Angeles Kings,Columbus Blue Jackets,Los Angeles Kings,Columbus Blue Jackets,4,1,REG
2023-03-17,San Jose Sharks,Seattle Kraken,Seattle Kraken,San Jose Sharks,2,1,OT
2023-03-17,Philadelphia Flyers,Buffalo Sabres,Philadelphia Flyers,Buffalo Sabres,5,2,REG
2023-03-17,Toronto Maple Leafs,Carolina Hurricanes,Toronto Maple Leafs,Carolina Hurricanes,5,2,REG
2023-03-17,Washington Capitals,St. Louis Blues,St. Louis Blues,Washington Capitals,5,2,REG
2023-03-18,Anaheim Ducks,Columbus Blue Jackets,Anaheim Ducks,Columbus Blue Jackets,7,4,REG
2023-03-18,Detroit Red Wings,Colorado Avalanche,Colorado Avalanche,Detroit Red Wings,5,1,REG
2023-03-18,Minnesota Wild,Boston Bruins,Boston Bruins,Minnesota Wild,5,2,REG
2023-03-18,Nashville Predators,Winnipeg Jets,Winnipeg Jets,Nashville Predators,3,2,OT
2023-03-18,Seattle Kraken,Edmonton Oilers,Edmonton Oilers,Seattle Kraken,6,4,REG
2023-03-18,Philadelphia Flyers,Carolina Hurricanes,Carolina Hurricanes,Philadelphia Flyers,5,4,OT
2023-03-18,Florida Panthers,New Jersey Devils,Florida Panthers,New Jersey Devils,4,2,REG
2023-03-18,Ottawa Senators,Toronto Maple Leafs,Toronto Maple Leafs,Ottawa Senators,5,4,SO
2023-03-18,Tampa Bay Lightning,Montreal Canadiens,Tampa Bay Lightning,Montreal Canadiens,5,3,REG
2023-03-19,New York Rangers,Pittsburgh Penguins,New York Rangers,Pittsburgh Penguins,4,0,REG
2023-03-19,Calgary Flames,Dallas Stars,Dallas Stars,Calgary Flames,6,5,OT
2023-03-19,Los Angeles Kings,Vancouver Canucks,Vancouver Canucks,Los Angeles Kings,3,2,SO
2023-03-19,Arizona Coyotes,Chicago Blackhawks,Arizona Coyotes,Chicago Blackhawks,4,2,REG
2023-03-19,San Jose Sharks,New York Islanders,New York Islanders,San Jose Sharks,4,1,REG
2023-03-19,Buffalo Sabres,Boston Bruins,Boston Bruins,Buffalo Sabres,4,0,REG
2023-03-19,Minnesota Wild,Washington Capitals,Minnesota Wild,Washington Capitals,5,3,REG
2023-03-19,Vegas Golden Knights,Columbus Blue Jackets,Vegas Golden Knights,Columbus Blue Jackets,6,2,REG
2023-03-19,New York Rangers,Nashville Predators,New York Rangers,Nashville Predators,4,0,REG
2023-03-19,St. Louis Blues,Winnipeg Jets,St. Louis Blues,Winnipeg Jets,3,0,REG
2023-03-19,Tampa Bay Lightning,New Jersey Devils,New Jersey Devils,Tampa Bay Lightning,5,2,REG
2023-03-20,Anaheim Ducks,Vancouver Canucks,Vancouver Canucks,Anaheim Ducks,2,1,REG
2023-03-20,Detroit Red Wings,Florida Panthers,Florida Panthers,Detroit Red Wings,5,2,REG
2023-03-20,Pittsburgh Penguins,Ottawa Senators,Ottawa Senators,Pittsburgh Penguins,2,1,REG
2023-03-21,Colorado Avalanche,Chicago Blackhawks,Colorado Avalanche,Chicago Blackhawks,4,0,REG
2023-03-21,Edmonton Oilers,San Jose Sharks,Edmonton Oilers,San Jose Sharks,5,4,OT
2023-03-21,Los Angeles Kings,Calgary Flames,Los Angeles Kings,Calgary Flames,6,2,REG
2023-03-21,Boston Bruins,Ottawa Senators,Boston Bruins,Ottawa Senators,2,1,REG
2023-03-21,Buffalo Sabres,Nashville Predators,Nashville Predators,Buffalo Sabres,7,3,REG
2023-03-21,Montreal Canadiens,Tampa Bay Lightning,Montreal Canadiens,Tampa Bay Lightning,3,2,REG
2023-03-21,New York Rangers,Carolina Hurricanes,Carolina Hurricanes,New York Rangers,3,2,REG
2023-03-21,New Jersey Devils,Minnesota Wild,Minnesota Wild,New Jersey Devils,2,1,OT
2023-03-21,Philadelphia Flyers,Florida Panthers,Philadelphia Flyers,Florida Panthers,6,3,REG
2023-03-21,Washington Capitals,Columbus Blue Jackets,Columbus Blue Jackets,Washington Capitals,7,6,OT
2023-03-21,New York Islanders,Toronto Maple Leafs,New York Islanders,Toronto Maple Leafs,6,2,REG
2023-03-22,St. Louis Blues,Detroit Red Wings,Detroit Red Wings,St. Louis Blues,3,2,SO
2023-03-22,Winnipeg Jets,Arizona Coyotes,Winnipeg Jets,Arizona Coyotes,2,1,REG
2023-03-22,Dallas Stars,Seattle Kraken,Seattle Kraken,Dallas Stars,5,4,OT
2023-03-22,Anaheim Ducks,Calgary Flames,Calgary Flames,Anaheim Ducks,5,1,REG
2023-03-22,Vancouver Canucks,Vegas Golden Knights,Vegas Golden Knights,Vancouver Canucks,4,3,REG
2023-03-23,Colorado Avalanche,Pittsburgh Penguins,Pittsburgh Penguins,Colorado Avalanche,5,2,REG
2023-03-23,Edmonton Oilers,Arizona Coyotes,Edmonton Oilers,Arizona Coyotes,4,3,OT
2023-03-23,Philadelphia Flyers,Minnesota Wild,Philadelphia Flyers,Minnesota Wild,5,4,SO
2023-03-23,Boston Bruins,Montreal Canadiens,Boston Bruins,Montreal Canadiens,4,2,REG
2023-03-23,Carolina Hurricanes,New York Rangers,New York Rangers,Carolina Hurricanes,2,1,REG
2023-03-23,Detroit Red Wings,St. Louis Blues,St. Louis Blues,Detroit Red Wings,4,3,REG
2023-03-23,Florida Panthers,Toronto Maple Leafs,Toronto Maple Leafs,Florida Panthers,6,2,REG
2023-03-23,Ottawa Senators,Tampa Bay Lightning,Ottawa Senators,Tampa Bay Lightning,6,2,REG
2023-03-23,Washington Capitals,Chicago Blackhawks,Washington Capitals,Chicago Blackhawks,5,1,REG
2023-03-24,Nashville Predators,Seattle Kraken,Nashville Predators,Seattle Kraken,2,1,SO
2023-03-24,Calgary Flames,Vegas Golden Knights,Vegas Golden Knights,Calgary Flames,3,2,REG
2023-03-24,Dallas Stars,Pittsburgh Penguins,Dallas Stars,Pittsburgh Penguins,3,2,REG
2023-03-24,Anaheim Ducks,Winnipeg Jets,Winnipeg Jets,Anaheim Ducks,3,2,REG
2023-03-24,Vancouver Canucks,San Jose Sharks,Vancouver Canucks,San Jose Sharks,6,2,REG
2023-03-24,Buffalo Sabres,New Jersey Devils,Buffalo Sabres,New Jersey Devils,5,4,REG
2023-03-24,Columbus Blue Jackets,New York Islanders,Columbus Blue Jackets,New York Islanders,5,4,OT
2023-03-25,Colorado Avalanche,Arizona Coyotes,Colorado Avalanche,Arizona Coyotes,3,1,REG
2023-03-25,Boston Bruins,Tampa Bay Lightning,Boston Bruins,Tampa Bay Lightning,2,1,REG
2023-03-25,Philadelphia Flyers,Detroit Red Wings,Philadelphia Flyers,Detroit Red Wings,3,0,REG
2023-03-25,Nashville Predators,Seattle Kraken,Seattle Kraken,Nashville Predators,6,2,REG
2023-03-25,Calgary Flames,San Jose Sharks,Calgary Flames,San Jose Sharks,5,3,REG
2023-03-25,Los Angeles Kings,Winnipeg Jets,Los Angeles Kings,Winnipeg Jets,4,1,REG
2023-03-25,Florida Panthers,New York Rangers,New York Rangers,Florida Panthers,4,3,REG
2023-03-25,Minnesota Wild,Chicago Blackhawks,Minnesota Wild,Chicago Blackhawks,3,1,REG
2023-03-25,New York Islanders,Buffalo Sabres,Buffalo Sabres,New York Islanders,2,0,REG
2023-03-25,Carolina Hurricanes,Toronto Maple Leafs,Carolina Hurricanes,Toronto Maple Leafs,5,3,REG
2023-03-25,Dallas Stars,Vancouver Canucks,Vancouver Canucks,Dallas Stars,3,1,REG
2023-03-25,Montreal Canadiens,Columbus Blue Jackets,Montreal Canadiens,Columbus Blue Jackets,6,2,REG
2023-03-25,New Jersey Devils,Ottawa Senators,New Jersey Devils,Ottawa Senators,5,3,REG
2023-03-26,Pittsburgh Penguins,Washington Capitals,Pittsburgh Penguins,Washington Capitals,4,3,REG
2023-03-26,Edmonton Oilers,Vegas Golden Knights,Vegas Golden Knights,Edmonton Oilers,4,3,OT
2023-03-26,Anaheim Ducks,St. Louis Blues,St. Louis Blues,Anaheim Ducks,6,3,REG
2023-03-26,Arizona Coyotes,Colorado Avalanche,Colorado Avalanche,Arizona Coyotes,4,3,SO
2023-03-26,Carolina Hurricanes,Boston Bruins,Boston Bruins,Carolina Hurricanes,4,3,SO
2023-03-26,Chicago Blackhawks,Vancouver Canucks,Vancouver Canucks,Chicago Blackhawks,4,2,REG
2023-03-26,Nashville Predators,Toronto Maple Leafs,Toronto Maple Leafs,Nashville Predators,3,2,REG
2023-03-27,Los Angeles Kings,St. Louis Blues,Los Angeles Kings,St. Louis Blues,7,6,REG
2023-03-27,Buffalo Sabres,Montreal Canadiens,Montreal Canadiens,Buffalo Sabres,4,3,SO
2023-03-27,Ottawa Senators,Florida Panthers,Ottawa Senators,Florida Panthers,5,2,REG
2023-03-27,New York Islanders,New Jersey Devils,New York Islanders,New Jersey Devils,5,1,REG
2023-03-28,Minnesota Wild,Seattle Kraken,Minnesota Wild,Seattle Kraken,5,1,REG
2023-03-28,Anaheim Ducks,Colorado Avalanche,Colorado Avalanche,Anaheim Ducks,5,1,REG
2023-03-28,Arizona Coyotes,Edmonton Oilers,Edmonton Oilers,Arizona Coyotes,5,4,REG
2023-03-28,Boston Bruins,Nashville Predators,Nashville Predators,Boston Bruins,2,1,REG
2023-03-28,Carolina Hurricanes,Tampa Bay Lightning,Tampa Bay Lightning,Carolina Hurricanes,4,0,REG
2023-03-28,Detroit Red Wings,Pittsburgh Penguins,Detroit Red Wings,Pittsburgh Penguins,7,4,REG
2023-03-28,New York Rangers,Columbus Blue Jackets,New York Rangers,Columbus Blue Jackets,6,2,REG
2023-03-28,Philadelphia Flyers,Montreal Canadiens,Philadelphia Flyers,Montreal Canadiens,3,2,REG
2023-03-29,St. Louis Blues,Vancouver Canucks,St. Louis Blues,Vancouver Canucks,6,5,OT
2023-03-29,Chicago Blackhawks,Dallas Stars,Dallas Stars,Chicago Blackhawks,4,1,REG
2023-03-29,Calgary Flames,Los Angeles Kings,Calgary Flames,Los Angeles Kings,2,1,REG
2023-03-29,Vegas Golden Knights,Edmonton Oilers,Edmonton Oilers,Vegas Golden Knights,7,4,REG
2023-03-29,San Jose Sharks,Winnipeg Jets,San Jose Sharks,Winnipeg Jets,3,0,REG
2023-03-29,Toronto Maple Leafs,Florida Panthers,Florida Panthers,Toronto Maple Leafs,3,2,OT
2023-03-29,Washington Capitals,New York Islanders,New York Islanders,Washington Capitals,2,1,SO
2023-03-30,Colorado Avalanche,Minnesota Wild,Minnesota Wild,Colorado Avalanche,4,2,REG
2023-03-30,Boston Bruins,Columbus Blue Jackets,Boston Bruins,Columbus Blue Jackets,2,1,OT
2023-03-30,Montreal Canadiens,Florida Panthers,Florida Panthers,Montreal Canadiens,5,2,REG
2023-03-30,New Jersey Devils,New York Rangers,New Jersey Devils,New York Rangers,2,1,REG
2023-03-30,Ottawa Senators,Philadelphia Flyers,Ottawa Senators,Philadelphia Flyers,5,4,OT
2023-03-30,Pittsburgh Penguins,Nashville Predators,Pittsburgh Penguins,Nashville Predators,2,0,REG
2023-03-30,Tampa Bay Lightning,Washington Capitals,Tampa Bay Lightning,Washington Capitals,5,1,REG
2023-03-30,Detroit Red Wings,Carolina Hurricanes,Detroit Red Wings,Carolina Hurricanes,3,2,REG
2023-03-31,Chicago Blackhawks,St. Louis Blues,St. Louis Blues,Chicago Blackhawks,5,3,REG
2023-03-31,Edmonton Oilers,Los Angeles Kings,Edmonton Oilers,Los Angeles Kings,2,0,REG
2023-03-31,Seattle Kraken,Anaheim Ducks,Seattle Kraken,Anaheim Ducks,4,1,REG
2023-03-31,San Jose Sharks,Vegas Golden Knights,San Jose Sharks,Vegas Golden Knights,4,3,OT
2023-03-31,Buffalo Sabres,New York Rangers,Buffalo Sabres,New York Rangers,3,2,OT
2023-04-01,Winnipeg Jets,Detroit Red Wings,Winnipeg Jets,Detroit Red Wings,6,2,REG
2023-04-01,Vancouver Canucks,Calgary Flames,Calgary Flames,Vancouver Canucks,5,4,OT
2023-04-01,Arizona Coyotes,Dallas Stars,Dallas Stars,Arizona Coyotes,5,2,REG
2023-04-01,Nashville Predators,St. Louis Blues,Nashville Predators,St. Louis Blues,5,1,REG
2023-04-01,Pittsburgh Penguins,Boston Bruins,Boston Bruins,Pittsburgh Penguins,4,3,REG
2023-04-01,Columbus Blue Jackets,Florida Panthers,Florida Panthers,Columbus Blue Jackets,4,0,REG
2023-04-01,Montreal Canadiens,Carolina Hurricanes,Carolina Hurricanes,Montreal Canadiens,3,0,REG
2023-04-01,Ottawa Senators,Toronto Maple Leafs,Toronto Maple Leafs,Ottawa Senators,3,0,REG
2023-04-01,Philadelphia Flyers,Buffalo Sabres,Buffalo Sabres,Philadelphia Flyers,6,3,REG
2023-04-01,Tampa Bay Lightning,New York Islanders,Tampa Bay Lightning,New York Islanders,4,0,REG
2023-04-02,Chicago Blackhawks,New Jersey Devils,New Jersey Devils,Chicago Blackhawks,6,3,REG
2023-04-02,Colorado Avalanche,Dallas Stars,Colorado Avalanche,Dallas Stars,5,2,REG
2023-04-02,Arizona Coyotes,San Jose Sharks,San Jose Sharks,Arizona Coyotes,6,2,REG
2023-04-02,Edmonton Oilers,Anaheim Ducks,Edmonton Oilers,Anaheim Ducks,4,0,REG
2023-04-02,Seattle Kraken,Los Angeles Kings,Los Angeles Kings,Seattle Kraken,3,1,REG
2023-04-02,Vegas Golden Knights,Minnesota Wild,Vegas Golden Knights,Minnesota Wild,4,1,REG
2023-04-02,Washington Capitals,New York Rangers,New York Rangers,Washington Capitals,5,2,REG
2023-04-02,St. Louis Blues,Boston Bruins,Boston Bruins,St. Louis Blues,4,3,SO
2023-04-02,Carolina Hurricanes,New York Islanders,Carolina Hurricanes,New York Islanders,2,1,REG
2023-04-02,Columbus Blue Jackets,Ottawa Senators,Columbus Blue Jackets,Ottawa Senators,4,3,OT
2023-04-02,Pittsburgh Penguins,Philadelphia Flyers,Pittsburgh Penguins,Philadelphia Flyers,4,2,REG
2023-04-02,Toronto Maple Leafs,Detroit Red Wings,Detroit Red Wings,Toronto Maple Leafs,5,2,REG
2023-04-02,Winnipeg Jets,New Jersey Devils,Winnipeg Jets,New Jersey Devils,5,1,REG
2023-04-03,Calgary Flames,Anaheim Ducks,Calgary Flames,Anaheim Ducks,5,4,REG
2023-04-03,Vancouver Canucks,Los Angeles Kings,Los Angeles Kings,Vancouver Canucks,4,1,REG
2023-04-04,Minnesota Wild,Vegas Golden Knights,Vegas Golden Knights,Minnesota Wild,4,3,SO
2023-04-04,Dallas Stars,Nashville Predators,Dallas Stars,Nashville Predators,5,1,REG
2023-04-04,Seattle Kraken,Arizona Coyotes,Seattle Kraken,Arizona Coyotes,5,1,REG
2023-04-04,Carolina Hurricanes,Ottawa Senators,Carolina Hurricanes,Ottawa Senators,3,2,OT
2023-04-04,Florida Panthers,Buffalo Sabres,Florida Panthers,Buffalo Sabres,2,1,REG
2023-04-04,Montreal Canadiens,Detroit Red Wings,Detroit Red Wings,Montreal Canadiens,4,0,REG
2023-04-04,New Jersey Devils,Pittsburgh Penguins,New Jersey Devils,Pittsburgh Penguins,5,1,REG
2023-04-04,Toronto Maple Leafs,Columbus Blue Jackets,Toronto Maple Leafs,Columbus Blue Jackets,4,2,REG
2023-04-05,Nashville Predators,Vegas Golden Knights,Nashville Predators,Vegas Golden Knights,3,2,OT
2023-04-05,St. Louis Blues,Philadelphia Flyers,St. Louis Blues,Philadelphia Flyers,4,2,REG
2023-04-05,Calgary Flames,Chicago Blackhawks,Chicago Blackhawks,Calgary Flames,4,3,REG
2023-04-05,Vancouver Canucks,Seattle Kraken,Seattle Kraken,Vancouver Canucks,5,2,REG
2023-04-05,Los Angeles Kings,Edmonton Oilers,Edmonton Oilers,Los Angeles Kings,3,1,REG
2023-04-05,San Jose Sharks,Colorado Avalanche,Colorado Avalanche,San Jose Sharks,4,3,OT
2023-04-05,New York Rangers,Tampa Bay Lightning,New York Rangers,Tampa Bay Lightning,6,3,REG
2023-04-05,Winnipeg Jets,Calgary Flames,Calgary Flames,Winnipeg Jets,3,1,REG
2023-04-06,Anaheim Ducks,Edmonton Oilers,Edmonton Oilers,Anaheim Ducks,3,1,REG
2023-04-06,Boston Bruins,Toronto Maple Leafs,Boston Bruins,Toronto Maple Leafs,2,1,OT
2023-04-06,Detroit Red Wings,Buffalo Sabres,Buffalo Sabres,Detroit Red Wings,7,6,SO
2023-04-06,Florida Panthers,Ottawa Senators,Florida Panthers,Ottawa Senators,6,2,REG
2023-04-06,Montreal Canadiens,Washington Capitals,Montreal Canadiens,Washington Capitals,6,2,REG
2023-04-06,New Jersey Devils,Columbus Blue Jackets,New Jersey Devils,Columbus Blue Jackets,5,1,REG
2023-04-06,Pittsburgh Penguins,Minnesota Wild,Pittsburgh Penguins,Minnesota Wild,4,1,REG
2023-04-06,New York Islanders,Tampa Bay Lightning,New York Islanders,Tampa Bay Lightning,5,1,REG
2023-04-07,Nashville Predators,Carolina Hurricanes,Nashville Predators,Carolina Hurricanes,3,0,REG
2023-04-07,St. Louis Blues,New York Rangers,St. Louis Blues,New York Rangers,3,2,OT
2023-04-07,Dallas Stars,Philadelphia Flyers,Dallas Stars,Philadelphia Flyers,4,1,REG
2023-04-07,Vancouver Canucks,Chicago Blackhawks,Vancouver Canucks,Chicago Blackhawks,3,0,REG
2023-04-07,Vegas Golden Knights,Los Angeles Kings,Vegas Golden Knights,Los Angeles Kings,5,2,REG
2023-04-07,San Jose Sharks,Colorado Avalanche,Colorado Avalanche,San Jose Sharks,6,2,REG
2023-04-07,Seattle Kraken,Arizona Coyotes,Seattle Kraken,Arizona Coyotes,4,2,REG
2023-04-08,Buffalo Sabres,Carolina Hurricanes,Buffalo Sabres,Carolina Hurricanes,4,3,REG
2023-04-08,Detroit Red Wings,Pittsburgh Penguins,Pittsburgh Penguins,Detroit Red Wings,5,1,REG
2023-04-08,Dallas Stars,Vegas Golden Knights,Dallas Stars,Vegas Golden Knights,2,1,SO
2023-04-08,San Jose Sharks,Edmonton Oilers,Edmonton Oilers,San Jose Sharks,5,1,REG
2023-04-08,Arizona Coyotes,Anaheim Ducks,Arizona Coyotes,Anaheim Ducks,5,4,OT
2023-04-08,Columbus Blue Jackets,New York Rangers,New York Rangers,Columbus Blue Jackets,4,0,REG
2023-04-08,Ottawa Senators,Tampa Bay Lightning,Ottawa Senators,Tampa Bay Lightning,7,4,REG
2023-04-08,Toronto Maple Leafs,Montreal Canadiens,Toronto Maple Leafs,Montreal Canadiens,5,1,REG
2023-04-08,Washington Capitals,Florida Panthers,Florida Panthers,Washington Capitals,4,2,REG
2023-04-08,Winnipeg Jets,Nashville Predators,Winnipeg Jets,Nashville Predators,2,0,REG
2023-04-08,New York Islanders,Philadelphia Flyers,New York Islanders,Philadelphia Flyers,4,0,REG
2023-04-09,Boston Bruins,New Jersey Devils,Boston Bruins,New Jersey Devils,2,1,REG
2023-04-09,Minnesota Wild,St. Louis Blues,Minnesota Wild,St. Louis Blues,5,3,REG
2023-04-09,Seattle Kraken,Chicago Blackhawks,Seattle Kraken,Chicago Blackhawks,7,3,REG
2023-04-09,Vancouver Canucks,Calgary Flames,Vancouver Canucks,Calgary Flames,3,2,SO
2023-04-09,Los Angeles Kings,Colorado Avalanche,Colorado Avalanche,Los Angeles Kings,4,3,REG
2023-04-09,Philadelphia Flyers,Boston Bruins,Boston Bruins,Philadelphia Flyers,5,3,REG
2023-04-10,Anaheim Ducks,Colorado Avalanche,Colorado Avalanche,Anaheim Ducks,5,4,OT
2023-04-10,Detroit Red Wings,Dallas Stars,Dallas Stars,Detroit Red Wings,5,1,REG
2023-04-10,Florida Panthers,Toronto Maple Leafs,Toronto Maple Leafs,Florida Panthers,2,1,OT
2023-04-10,New York Rangers,Buffalo Sabres,Buffalo Sabres,New York Rangers,3,2,SO
2023-04-10,Ottawa Senators,Carolina Hurricanes,Ottawa Senators,Carolina Hurricanes,3,2,REG
2023-04-10,Washington Capitals,New York Islanders,Washington Capitals,New York Islanders,5,2,REG
2023-04-10,Winnipeg Jets,San Jose Sharks,Winnipeg Jets,San Jose Sharks,6,2,REG
2023-04-11,Chicago Blackhawks,Minnesota Wild,Minnesota Wild,Chicago Blackhawks,4,2,REG
2023-04-11,Calgary Flames,Nashville Predators,Nashville Predators,Calgary Flames,3,2,SO
2023-04-11,Arizona Coyotes,Seattle Kraken,Seattle Kraken,Arizona Coyotes,4,1,REG
2023-04-11,Los Angeles Kings,Vancouver Canucks,Los Angeles Kings,Vancouver Canucks,3,0,REG
2023-04-11,Boston Bruins,Washington Capitals,Boston Bruins,Washington Capitals,5,2,REG
2023-04-11,Carolina Hurricanes,Detroit Red Wings,Carolina Hurricanes,Detroit Red Wings,4,1,REG
2023-04-11,New Jersey Devils,Buffalo Sabres,New Jersey Devils,Buffalo Sabres,6,2,REG
2023-04-11,Philadelphia Flyers,Columbus Blue Jackets,Philadelphia Flyers,Columbus Blue Jackets,4,3,OT
2023-04-11,Tampa Bay Lightning,Toronto Maple Leafs,Toronto Maple Leafs,Tampa Bay Lightning,4,3,REG
2023-04-11,Pittsburgh Penguins,Chicago Blackhawks,Chicago Blackhawks,Pittsburgh Penguins,5,2,REG
2023-04-12,Minnesota Wild,Winnipeg Jets,Winnipeg Jets,Minnesota Wild,3,1,REG
2023-04-12,Colorado Avalanche,Edmonton Oilers,Edmonton Oilers,Colorado Avalanche,2,1,OT
2023-04-12,Anaheim Ducks,Vancouver Canucks,Vancouver Canucks,Anaheim Ducks,3,2,REG
2023-04-12,Vegas Golden Knights,Seattle Kraken,Vegas Golden Knights,Seattle Kraken,4,1,REG
2023-04-12,New York Islanders,Montreal Canadiens,New York Islanders,Montreal Canadiens,4,2,REG
2023-04-12,St. Louis Blues,Dallas Stars,Dallas Stars,St. Louis Blues,5,2,REG
2023-04-13,Calgary Flames,San Jose Sharks,Calgary Flames,San Jose Sharks,3,1,REG
2023-04-13,Buffalo Sabres,Ottawa Senators,Buffalo Sabres,Ottawa Senators,4,3,OT
2023-04-13,Columbus Blue Jackets,Pittsburgh Penguins,Columbus Blue Jackets,Pittsburgh Penguins,3,2,OT
2023-04-13,Florida Panthers,Carolina Hurricanes,Carolina Hurricanes,Florida Panthers,6,4,REG
2023-04-13,Montreal Canadiens,Boston Bruins,Boston Bruins,Montreal Canadiens,5,4,REG
2023-04-13,New York Rangers,Toronto Maple Leafs,Toronto Maple Leafs,New York Rangers,3,2,REG
2023-04-13,Tampa Bay Lightning,Detroit Red Wings,Tampa Bay Lightning,Detroit Red Wings,4,0,REG
2023-04-13,Washington Capitals,New Jersey Devils,New Jersey Devils,Washington Capitals,5,4,OT
2023-04-14,Colorado Avalanche,Winnipeg Jets,Colorado Avalanche,Winnipeg Jets,4,2,REG
2023-04-14,Nashville Predators,Minnesota Wild,Nashville Predators,Minnesota Wild,4,3,OT
2023-04-14,Chicago Blackhawks,Philadelphia Flyers,Philadelphia Flyers,Chicago Blackhawks,5,4,OT
2023-04-14,Edmonton Oilers,San Jose Sharks,Edmonton Oilers,San Jose Sharks,5,2,REG
2023-04-14,Anaheim Ducks,Los Angeles Kings,Los Angeles Kings,Anaheim Ducks,5,3,REG
2023-04-14,Arizona Coyotes,Vancouver Canucks,Vancouver Canucks,Arizona Coyotes,5,4,OT
2023-04-14,Seattle Kraken,Vegas Golden Knights,Vegas Golden Knights,Seattle Kraken,3,1,REG
2023-04-14,Columbus Blue Jackets,Buffalo Sabres,Buffalo Sabres,Columbus Blue Jackets,5,2,REG
2023-04-15,Nashville Predators,Colorado Avalanche,Colorado Avalanche,Nashville Predators,4,3,REG
2023-04-17,Carolina Hurricanes,New York Islanders,Carolina Hurricanes,New York Islanders,2,1,REG
2023-04-17,Boston Bruins,Florida Panthers,Boston Bruins,Florida Panthers,3,1,REG
2023-04-18,Dallas Stars,Minnesota Wild,Minnesota Wild,Dallas Stars,3,2,OT
2023-04-18,Edmonton Oilers,Los Angeles Kings,Los Angeles Kings,Edmonton Oilers,4,3,OT
2023-04-18,New Jersey Devils,New York Rangers,New York Rangers,New Jersey Devils,5,1,REG
2023-04-18,Toronto Maple Leafs,Tampa Bay Lightning,Tampa Bay Lightning,Toronto Maple Leafs,7,3,REG
2023-04-19,Vegas Golden Knights,Winnipeg Jets,Winnipeg Jets,Vegas Golden Knights,5,1,REG
2023-04-19,Colorado Avalanche,Seattle Kraken,Seattle Kraken,Colorado Avalanche,3,1,REG
2023-04-19,Carolina Hurricanes,New York Islanders,Carolina Hurricanes,New York Islanders,4,3,OT
2023-04-19,Boston Bruins,Florida Panthers,Florida Panthers,Boston Bruins,6,3,REG
2023-04-20,Dallas Stars,Minnesota Wild,Dallas Stars,Minnesota Wild,7,3,REG
2023-04-20,Edmonton Oilers,Los Angeles Kings,Edmonton Oilers,Los Angeles Kings,4,2,REG
2023-04-20,Toronto Maple Leafs,Tampa Bay Lightning,Toronto Maple Leafs,Tampa Bay Lightning,6,2,REG
2023-04-20,New Jersey Devils,New York Rangers,New York Rangers,New Jersey Devils,5,1,REG
2023-04-21,Colorado Avalanche,Seattle Kraken,Colorado Avalanche,Seattle Kraken,3,2,REG
2023-04-21,Vegas Golden Knights,Winnipeg Jets,Vegas Golden Knights,Winnipeg Jets,5,2,REG
2023-04-21,New York Islanders,Carolina Hurricanes,New York Islanders,Carolina Hurricanes,5,1,REG
2023-04-21,Florida Panthers,Boston Bruins,Boston Bruins,Florida Panthers,4,2,REG
2023-04-22,Minnesota Wild,Dallas Stars,Minnesota Wild,Dallas Stars,5,1,REG
2023-04-22,Los Angeles Kings,Edmonton Oilers,Los Angeles Kings,Edmonton Oilers,3,2,OT
2023-04-22,Winnipeg Jets,Vegas Golden Knights,Vegas Golden Knights,Winnipeg Jets,5,4,OT
2023-04-22,Tampa Bay Lightning,Toronto Maple Leafs,Toronto Maple Leafs,Tampa Bay Lightning,4,3,OT
2023-04-23,New York Rangers,New Jersey Devils,New Jersey Devils,New York Rangers,2,1,OT
2023-04-23,Seattle Kraken,Colorado Avalanche,Colorado Avalanche,Seattle Kraken,6,4,REG
2023-04-23,New York Islanders,Carolina Hurricanes,Carolina Hurricanes,New York Islanders,5,2,REG
2023-04-23,Florida Panthers,Boston Bruins,Boston Bruins,Florida Panthers,6,2,REG
2023-04-23,Minnesota Wild,Dallas Stars,Dallas Stars,Minnesota Wild,3,2,REG
2023-04-24,Los Angeles Kings,Edmonton Oilers,Edmonton Oilers,Los Angeles Kings,5,4,OT
2023-04-24,New York Rangers,New Jersey Devils,New Jersey Devils,New York Rangers,3,1,REG
2023-04-24,Tampa Bay Lightning,Toronto Maple Leafs,Toronto Maple Leafs,Tampa Bay Lightning,5,4,OT
2023-04-25,Winnipeg Jets,Vegas Golden Knights,Vegas Golden Knights,Winnipeg Jets,4,2,REG
2023-04-25,Seattle Kraken,Colorado Avalanche,Seattle Kraken,Colorado Avalanche,3,2,OT
2023-04-25,Carolina Hurricanes,New York Islanders,New York Islanders,Carolina Hurricanes,3,2,REG
2023-04-26,Dallas Stars,Minnesota Wild,Dallas Stars,Minnesota Wild,4,0,REG
2023-04-26,Edmonton Oilers,Los Angeles Kings,Edmonton Oilers,Los Angeles Kings,6,3,REG
2023-04-26,Boston Bruins,Florida Panthers,Florida Panthers,Boston Bruins,4,3,OT
2023-04-27,Colorado Avalanche,Seattle Kraken,Seattle Kraken,Colorado Avalanche,3,2,REG
2023-04-27,Toronto Maple Leafs,Tampa Bay Lightning,Tampa Bay Lightning,Toronto Maple Leafs,4,2,REG
2023-04-27,New Jersey Devils,New York Rangers,New Jersey Devils,New York Rangers,4,0,REG
2023-04-28,Vegas Golden Knights,Winnipeg Jets,Vegas Golden Knights,Winnipeg Jets,4,1,REG
2023-04-28,New York Islanders,Carolina Hurricanes,Carolina Hurricanes,New York Islanders,2,1,OT
2023-04-28,Florida Panthers,Boston Bruins,Florida Panthers,Boston Bruins,7,5,REG
2023-04-29,Minnesota Wild,Dallas Stars,Dallas Stars,Minnesota Wild,4,1,REG
2023-04-29,Seattle Kraken,Colorado Avalanche,Colorado Avalanche,Seattle Kraken,4,1,REG
2023-04-29,Tampa Bay Lightning,Toronto Maple Leafs,Toronto Maple Leafs,Tampa Bay Lightning,2,1,OT
2023-04-30,New York Rangers,New Jersey Devils,New York Rangers,New Jersey Devils,5,2,REG
2023-04-30,Los Angeles Kings,Edmonton Oilers,Edmonton Oilers,Los Angeles Kings,5,4,REG
2023-04-30,Boston Bruins,Florida Panthers,Florida Panthers,Boston Bruins,4,3,OT
2023-05-01,Colorado Avalanche,Seattle Kraken,Seattle Kraken,Colorado Avalanche,2,1,REG
2023-05-02,New Jersey Devils,New York Rangers,New Jersey Devils,New York Rangers,4,0,REG
2023-05-02,Toronto Maple Leafs,Florida Panthers,Florida Panthers,Toronto Maple Leafs,4,2,REG
2023-05-03,Dallas Stars,Seattle Kraken,Seattle Kraken,Dallas Stars,5,4,OT
2023-05-03,Carolina Hurricanes,New Jersey Devils,Carolina Hurricanes,New Jersey Devils,5,1,REG
2023-05-04,Vegas Golden Knights,Edmonton Oilers,Vegas Golden Knights,Edmonton Oilers,6,4,REG
2023-05-04,Toronto Maple Leafs,Florida Panthers,Florida Panthers,Toronto Maple Leafs,3,2,REG
2023-05-05,Dallas Stars,Seattle Kraken,Dallas Stars,Seattle Kraken,4,2,REG
2023-05-06,Carolina Hurricanes,New Jersey Devils,Carolina Hurricanes,New Jersey Devils,5,1,REG
2023-05-06,Vegas Golden Knights,Edmonton Oilers,Edmonton Oilers,Vegas Golden Knights,5,1,REG
2023-05-07,New Jersey Devils,Carolina Hurricanes,New Jersey Devils,Carolina Hurricanes,8,4,REG
2023-05-07,Florida Panthers,Toronto Maple Leafs,Florida Panthers,Toronto Maple Leafs,3,2,OT
2023-05-08,Seattle Kraken,Dallas Stars,Seattle Kraken,Dallas Stars,6,2,REG
2023-05-09,Edmonton Oilers,Vegas Golden Knights,Vegas Golden Knights,Edmonton Oilers,5,1,REG
2023-05-09,New Jersey Devils,Carolina Hurricanes,Carolina Hurricanes,New Jersey Devils,5,1,REG
2023-05-10,Seattle Kraken,Dallas Stars,Dallas Stars,Seattle Kraken,6,3,REG
2023-05-10,Florida Panthers,Toronto Maple Leafs,Toronto Maple Leafs,Florida Panthers,2,1,REG
2023-05-11,Edmonton Oilers,Vegas Golden Knights,Edmonton Oilers,Vegas Golden Knights,4,1,REG
2023-05-11,Carolina Hurricanes,New Jersey Devils,Carolina Hurricanes,New Jersey Devils,3,2,OT
2023-05-12,Dallas Stars,Seattle Kraken,Dallas Stars,Seattle Kraken,5,2,REG
2023-05-12,Toronto Maple Leafs,Florida Panthers,Florida Panthers,Toronto Maple Leafs,3,2,OT
2023-05-13,Vegas Golden Knights,Edmonton Oilers,Vegas Golden Knights,Edmonton Oilers,4,3,REG
2023-05-13,Seattle Kraken,Dallas Stars,Seattle Kraken,Dallas Stars,6,3,REG
2023-05-15,Edmonton Oilers,Vegas Golden Knights,Vegas Golden Knights,Edmonton Oilers,5,2,REG
2023-05-16,Dallas Stars,Seattle Kraken,Dallas Stars,Seattle Kraken,2,1,REG
2023-05-19,Carolina Hurricanes,Florida Panthers,Florida Panthers,Carolina Hurricanes,3,2,OT
2023-05-20,Vegas Golden Knights,Dallas Stars,Vegas Golden Knights,Dallas Stars,4,3,OT
2023-05-21,Carolina Hurricanes,Florida Panthers,Florida Panthers,Carolina Hurricanes,2,1,OT
2023-05-21,Vegas Golden Knights,Dallas Stars,Vegas Golden Knights,Dallas Stars,3,2,OT
2023-05-24,Dallas Stars,Vegas Golden Knights,Vegas Golden Knights,Dallas Stars,4,0,REG
2023-05-25,Florida Panthers,Carolina Hurricanes,Florida Panthers,Carolina Hurricanes,4,3,REG
2023-05-26,Dallas Stars,Vegas Golden Knights,Dallas Stars,Vegas Golden Knights,3,2,OT
2023-05-28,Vegas Golden Knights,Dallas Stars,Dallas Stars,Vegas Golden Knights,4,2,REG
2023-05-30,Dallas Stars,Vegas Golden Knights,Vegas Golden Knights,Dallas Stars,4,0,REG
2023-06-04,Vegas Golden Knights,Florida Panthers,Vegas Golden Knights,Florida Panthers,5,2,REG
2023-06-06,Vegas Golden Knights,Florida Panthers,Vegas Golden Knights,Florida Panthers,6,2,REG
2023-06-09,Florida Panthers,Vegas Golden Knights,Florida Panthers,Vegas Golden Knights,3,2,OT
2023-06-11,Florida Panthers,Vegas Golden Knights,Vegas Golden Knights,Florida Panthers,3,2,REG
2023-06-14,Vegas Golden Knights,Florida Panthers,Vegas Golden Knights,Florida Panthers,7,3,REG
