date,home,away,winner,loser,winner_pts,loser_pts,end_type
2016-10-01,Ottawa Senators,Montreal Canadiens,Montreal Canadiens,Ottawa Senators,3,2,OT
2016-10-01,New Jersey Devils,New York Rangers,New Jersey Devils,New York Rangers,5,4,REG
2016-10-01,New York Islanders,Washington Capitals,Washington Capitals,New York Islanders,2,1,REG
2016-10-01,Philadelphia Flyers,Boston Bruins,Boston Bruins,Philadelphia Flyers,4,3,SO
2016-10-02,Nashville Predators,Tampa Bay Lightning,Nashville Predators,Tampa Bay Lightning,4,3,REG
2016-10-02,Chicago Blackhawks,St. Louis Blues,Chicago Blackhawks,St. Louis Blues,4,0,REG
2016-10-02,Arizona Coyotes,Anaheim Ducks,Arizona Coyotes,Anaheim Ducks,3,2,OT
2016-10-02,Florida Panthers,Dallas Stars,Dallas Stars,Florida Panthers,2,1,OT
2016-10-02,Columbus Blue Jackets,Pittsburgh Penguins,Pittsburgh Penguins,Columbus Blue Jackets,2,0,REG
2016-10-02,Detroit Red Wings,Chicago Blackhawks,Detroit Red Wings,Chicago Blackhawks,6,3,REG
2016-10-02,Minnesota Wild,Carolina Hurricanes,Minnesota Wild,Carolina Hurricanes,3,1,REG
2016-10-02,Toronto Maple Leafs,Montreal Canadiens,Toronto Maple Leafs,Montreal Canadiens,3,2,OT
2016-10-03,Vancouver Canucks,San Jose Sharks,San Jose Sharks,Vancouver Canucks,3,2,OT
2016-10-03,Edmonton Oilers,Los Angeles Kings,Edmonton Oilers,Los Angeles Kings,3,2,REG
2016-10-03,Calgary Flames,Winnipeg Jets,Winnipeg Jets,Calgary Flames,4,0,REG
2016-10-03,New York Islanders,New Jersey Devils,New York Islanders,New Jersey Devils,4,3,REG
2016-10-03,Philadelphia Flyers,New York Rangers,Philadelphia Flyers,New York Rangers,4,3,OT
2016-10-03,Washington Capitals,St. Louis Blues,Washington Capitals,St. Louis Blues,2,1,SO
2016-10-04,Winnipeg Jets,Ottawa Senators,Winnipeg Jets,Ottawa Senators,4,2,REG
2016-10-04,Vancouver Canucks,Arizona Coyotes,Arizona Coyotes,Vancouver Canucks,4,2,REG
2016-10-04,Montreal Canadiens,Boston Bruins,Montreal Canadiens,Boston Bruins,4,3,REG
2016-10-04,Buffalo Sabres,Carolina Hurricanes,Buffalo Sabres,Carolina Hurricanes,2,0,REG
2016-10-04,New York Islanders,New York Rangers,New York Islanders,New York Rangers,3,2,OT
2016-10-05,Nashville Predators,Columbus Blue Jackets,Columbus Blue Jackets,Nashville Predators,3,2,OT
2016-10-05,Chicago Blackhawks,Detroit Red Wings,Chicago Blackhawks,Detroit Red Wings,5,1,REG
2016-10-05,Dallas Stars,Florida Panthers,Dallas Stars,Florida Panthers,2,1,SO
2016-10-05,Colorado Avalanche,Minnesota Wild,Colorado Avalanche,Minnesota Wild,2,0,REG
2016-10-05,Edmonton Oilers,Anaheim Ducks,Edmonton Oilers,Anaheim Ducks,2,1,REG
2016-10-05,Ottawa Senators,Toronto Maple Leafs,Ottawa Senators,Toronto Maple Leafs,3,2,OT
2016-10-05,Carolina Hurricanes,Buffalo Sabres,Carolina Hurricanes,Buffalo Sabres,3,2,SO
2016-10-05,New Jersey Devils,New York Islanders,New York Islanders,New Jersey Devils,3,2,REG
2016-10-05,Pittsburgh Penguins,Detroit Red Wings,Detroit Red Wings,Pittsburgh Penguins,5,2,REG
2016-10-06,St. Louis Blues,Washington Capitals,Washington Capitals,St. Louis Blues,4,2,REG
2016-10-06,Calgary Flames,Arizona Coyotes,Calgary Flames,Arizona Coyotes,2,1,SO
2016-10-06,San Jose Sharks,Anaheim Ducks,Anaheim Ducks,San Jose Sharks,2,0,REG
2016-10-06,Columbus Blue Jackets,Boston Bruins,Boston Bruins,Columbus Blue Jackets,2,1,REG
2016-10-06,New York Rangers,Philadelphia Flyers,Philadelphia Flyers,New York Rangers,4,2,REG
2016-10-06,Montreal Canadiens,Toronto Maple Leafs,Montreal Canadiens,Toronto Maple Leafs,5,1,REG
2016-10-07,Edmonton Oilers,Winnipeg Jets,Edmonton Oilers,Winnipeg Jets,5,2,REG
2016-10-07,Vancouver Canucks,Calgary Flames,Vancouver Canucks,Calgary Flames,4,0,REG
2016-10-07,Toronto Maple Leafs,Detroit Red Wings,Detroit Red Wings,Toronto Maple Leafs,2,1,REG
2016-10-07,Carolina Hurricanes,Washington Capitals,Carolina Hurricanes,Washington Capitals,3,2,SO
2016-10-07,Ottawa Senators,Buffalo Sabres,Buffalo Sabres,Ottawa Senators,4,2,REG
2016-10-08,Arizona Coyotes,San Jose Sharks,Arizona Coyotes,San Jose Sharks,3,1,REG
2016-10-08,Los Angeles Kings,Dallas Stars,Dallas Stars,Los Angeles Kings,6,3,REG
2016-10-08,Pittsburgh Penguins,Columbus Blue Jackets,Columbus Blue Jackets,Pittsburgh Penguins,5,3,REG
2016-10-08,Detroit Red Wings,Toronto Maple Leafs,Detroit Red Wings,Toronto Maple Leafs,4,3,REG
2016-10-08,Tampa Bay Lightning,Nashville Predators,Tampa Bay Lightning,Nashville Predators,5,3,REG
2016-10-08,Florida Panthers,New Jersey Devils,Florida Panthers,New Jersey Devils,4,2,REG
2016-10-09,Minnesota Wild,Winnipeg Jets,Minnesota Wild,Winnipeg Jets,5,1,REG
2016-10-09,St. Louis Blues,Chicago Blackhawks,St. Louis Blues,Chicago Blackhawks,2,1,REG
2016-10-09,Edmonton Oilers,Vancouver Canucks,Vancouver Canucks,Edmonton Oilers,3,2,REG
2016-10-09,Los Angeles Kings,Colorado Avalanche,Colorado Avalanche,Los Angeles Kings,2,1,OT
2016-10-09,Washington Capitals,New York Islanders,Washington Capitals,New York Islanders,4,0,REG
2016-10-10,Anaheim Ducks,San Jose Sharks,Anaheim Ducks,San Jose Sharks,3,2,OT
2016-10-12,Ottawa Senators,Toronto Maple Leafs,Ottawa Senators,Toronto Maple Leafs,5,4,OT
2016-10-13,Chicago Blackhawks,St. Louis Blues,St. Louis Blues,Chicago Blackhawks,5,2,REG
2016-10-13,Edmonton Oilers,Calgary Flames,Edmonton Oilers,Calgary Flames,7,4,REG
2016-10-13,San Jose Sharks,Los Angeles Kings,San Jose Sharks,Los Angeles Kings,2,1,REG
2016-10-13,Buffalo Sabres,Montreal Canadiens,Montreal Canadiens,Buffalo Sabres,4,1,REG
2016-10-13,New York Rangers,New York Islanders,New York Rangers,New York Islanders,5,3,REG
2016-10-13,Columbus Blue Jackets,Boston Bruins,Boston Bruins,Columbus Blue Jackets,6,3,REG
2016-10-13,Tampa Bay Lightning,Detroit Red Wings,Tampa Bay Lightning,Detroit Red Wings,6,4,REG
2016-10-13,Florida Panthers,New Jersey Devils,Florida Panthers,New Jersey Devils,2,1,OT
2016-10-14,Pittsburgh Penguins,Washington Capitals,Pittsburgh Penguins,Washington Capitals,3,2,SO
2016-10-14,St. Louis Blues,Minnesota Wild,St. Louis Blues,Minnesota Wild,3,2,REG
2016-10-14,Winnipeg Jets,Carolina Hurricanes,Winnipeg Jets,Carolina Hurricanes,5,4,OT
2016-10-14,Dallas Stars,Anaheim Ducks,Dallas Stars,Anaheim Ducks,4,2,REG
2016-10-15,Nashville Predators,Chicago Blackhawks,Nashville Predators,Chicago Blackhawks,3,2,REG
2016-10-15,Calgary Flames,Edmonton Oilers,Edmonton Oilers,Calgary Flames,5,3,REG
2016-10-15,Los Angeles Kings,Philadelphia Flyers,Philadelphia Flyers,Los Angeles Kings,4,2,REG
2016-10-15,Toronto Maple Leafs,Boston Bruins,Toronto Maple Leafs,Boston Bruins,4,1,REG
2016-10-15,Ottawa Senators,Montreal Canadiens,Ottawa Senators,Montreal Canadiens,4,3,SO
2016-10-15,Tampa Bay Lightning,New Jersey Devils,Tampa Bay Lightning,New Jersey Devils,3,2,REG
2016-10-15,Florida Panthers,Detroit Red Wings,Florida Panthers,Detroit Red Wings,4,1,REG
2016-10-15,Pittsburgh Penguins,Anaheim Ducks,Pittsburgh Penguins,Anaheim Ducks,3,2,REG
2016-10-15,Washington Capitals,New York Islanders,Washington Capitals,New York Islanders,2,1,REG
2016-10-15,Columbus Blue Jackets,San Jose Sharks,San Jose Sharks,Columbus Blue Jackets,3,2,REG
2016-10-15,Minnesota Wild,Winnipeg Jets,Minnesota Wild,Winnipeg Jets,4,3,REG
2016-10-16,St. Louis Blues,New York Rangers,St. Louis Blues,New York Rangers,3,2,REG
2016-10-16,Chicago Blackhawks,Nashville Predators,Chicago Blackhawks,Nashville Predators,5,3,REG
2016-10-16,Colorado Avalanche,Dallas Stars,Colorado Avalanche,Dallas Stars,6,5,REG
2016-10-16,Arizona Coyotes,Philadelphia Flyers,Arizona Coyotes,Philadelphia Flyers,4,3,OT
2016-10-16,Vancouver Canucks,Calgary Flames,Vancouver Canucks,Calgary Flames,2,1,SO
2016-10-16,New York Islanders,Anaheim Ducks,New York Islanders,Anaheim Ducks,3,2,OT
2016-10-16,Edmonton Oilers,Buffalo Sabres,Buffalo Sabres,Edmonton Oilers,6,2,REG
2016-10-17,Vancouver Canucks,Carolina Hurricanes,Vancouver Canucks,Carolina Hurricanes,4,3,OT
2016-10-17,New York Rangers,San Jose Sharks,New York Rangers,San Jose Sharks,7,4,REG
2016-10-17,Pittsburgh Penguins,Colorado Avalanche,Colorado Avalanche,Pittsburgh Penguins,4,3,OT
2016-10-17,Detroit Red Wings,Ottawa Senators,Detroit Red Wings,Ottawa Senators,5,1,REG
2016-10-18,Winnipeg Jets,Boston Bruins,Boston Bruins,Winnipeg Jets,4,1,REG
2016-10-18,New Jersey Devils,Anaheim Ducks,New Jersey Devils,Anaheim Ducks,2,1,REG
2016-10-18,New York Islanders,San Jose Sharks,San Jose Sharks,New York Islanders,3,2,REG
2016-10-18,Washington Capitals,Colorado Avalanche,Washington Capitals,Colorado Avalanche,3,0,REG
2016-10-18,Montreal Canadiens,Pittsburgh Penguins,Montreal Canadiens,Pittsburgh Penguins,4,0,REG
2016-10-18,Ottawa Senators,Arizona Coyotes,Ottawa Senators,Arizona Coyotes,7,4,REG
2016-10-18,Tampa Bay Lightning,Florida Panthers,Tampa Bay Lightning,Florida Panthers,4,3,SO
2016-10-19,Nashville Predators,Dallas Stars,Dallas Stars,Nashville Predators,2,1,REG
2016-10-19,Minnesota Wild,Los Angeles Kings,Minnesota Wild,Los Angeles Kings,6,3,REG
2016-10-19,Chicago Blackhawks,Philadelphia Flyers,Chicago Blackhawks,Philadelphia Flyers,7,4,REG
2016-10-19,Calgary Flames,Buffalo Sabres,Calgary Flames,Buffalo Sabres,4,3,OT
2016-10-19,Edmonton Oilers,Carolina Hurricanes,Edmonton Oilers,Carolina Hurricanes,3,2,REG
2016-10-19,Vancouver Canucks,St. Louis Blues,Vancouver Canucks,St. Louis Blues,2,1,OT
2016-10-20,New York Rangers,Detroit Red Wings,Detroit Red Wings,New York Rangers,2,1,REG
2016-10-20,Winnipeg Jets,Toronto Maple Leafs,Winnipeg Jets,Toronto Maple Leafs,5,4,OT
2016-10-20,Boston Bruins,New Jersey Devils,Boston Bruins,New Jersey Devils,2,1,REG
2016-10-20,Philadelphia Flyers,Anaheim Ducks,Anaheim Ducks,Philadelphia Flyers,3,2,REG
2016-10-20,Pittsburgh Penguins,San Jose Sharks,Pittsburgh Penguins,San Jose Sharks,3,2,REG
2016-10-20,Montreal Canadiens,Arizona Coyotes,Montreal Canadiens,Arizona Coyotes,5,2,REG
2016-10-20,Tampa Bay Lightning,Colorado Avalanche,Colorado Avalanche,Tampa Bay Lightning,4,0,REG
2016-10-20,Florida Panthers,Washington Capitals,Washington Capitals,Florida Panthers,4,2,REG
2016-10-21,Minnesota Wild,Toronto Maple Leafs,Minnesota Wild,Toronto Maple Leafs,3,2,REG
2016-10-21,Dallas Stars,Los Angeles Kings,Los Angeles Kings,Dallas Stars,4,3,OT
2016-10-21,Calgary Flames,Carolina Hurricanes,Carolina Hurricanes,Calgary Flames,4,2,REG
2016-10-21,Edmonton Oilers,St. Louis Blues,Edmonton Oilers,St. Louis Blues,3,1,REG
2016-10-21,Vancouver Canucks,Buffalo Sabres,Vancouver Canucks,Buffalo Sabres,2,1,REG
2016-10-21,New York Islanders,Arizona Coyotes,New York Islanders,Arizona Coyotes,3,2,REG
2016-10-21,Columbus Blue Jackets,Chicago Blackhawks,Columbus Blue Jackets,Chicago Blackhawks,3,2,REG
2016-10-21,Detroit Red Wings,Nashville Predators,Detroit Red Wings,Nashville Predators,5,3,REG
2016-10-22,Boston Bruins,Montreal Canadiens,Montreal Canadiens,Boston Bruins,4,2,REG
2016-10-22,Ottawa Senators,Tampa Bay Lightning,Tampa Bay Lightning,Ottawa Senators,4,1,REG
2016-10-22,Detroit Red Wings,San Jose Sharks,Detroit Red Wings,San Jose Sharks,3,0,REG
2016-10-22,Florida Panthers,Colorado Avalanche,Florida Panthers,Colorado Avalanche,5,2,REG
2016-10-22,New Jersey Devils,Minnesota Wild,New Jersey Devils,Minnesota Wild,2,1,OT
2016-10-22,Philadelphia Flyers,Carolina Hurricanes,Philadelphia Flyers,Carolina Hurricanes,6,3,REG
2016-10-22,Washington Capitals,New York Rangers,New York Rangers,Washington Capitals,4,2,REG
2016-10-22,Chicago Blackhawks,Toronto Maple Leafs,Chicago Blackhawks,Toronto Maple Leafs,5,4,SO
2016-10-23,Nashville Predators,Pittsburgh Penguins,Nashville Predators,Pittsburgh Penguins,5,1,REG
2016-10-23,Dallas Stars,Columbus Blue Jackets,Columbus Blue Jackets,Dallas Stars,3,0,REG
2016-10-23,Calgary Flames,St. Louis Blues,St. Louis Blues,Calgary Flames,6,4,REG
2016-10-23,Los Angeles Kings,Vancouver Canucks,Los Angeles Kings,Vancouver Canucks,4,3,SO
2016-10-23,Winnipeg Jets,Edmonton Oilers,Edmonton Oilers,Winnipeg Jets,3,0,REG
2016-10-23,New York Islanders,Minnesota Wild,New York Islanders,Minnesota Wild,6,3,REG
2016-10-23,New York Rangers,Arizona Coyotes,New York Rangers,Arizona Coyotes,3,2,REG
2016-10-24,Anaheim Ducks,Vancouver Canucks,Anaheim Ducks,Vancouver Canucks,4,2,REG
2016-10-24,Montreal Canadiens,Philadelphia Flyers,Montreal Canadiens,Philadelphia Flyers,3,1,REG
2016-10-25,Chicago Blackhawks,Calgary Flames,Calgary Flames,Chicago Blackhawks,3,2,SO
2016-10-25,Boston Bruins,Minnesota Wild,Minnesota Wild,Boston Bruins,4,0,REG
2016-10-25,New Jersey Devils,Arizona Coyotes,New Jersey Devils,Arizona Coyotes,5,3,REG
2016-10-25,Pittsburgh Penguins,Florida Panthers,Pittsburgh Penguins,Florida Panthers,3,2,REG
2016-10-25,Philadelphia Flyers,Buffalo Sabres,Philadelphia Flyers,Buffalo Sabres,4,3,SO
2016-10-25,Toronto Maple Leafs,Tampa Bay Lightning,Tampa Bay Lightning,Toronto Maple Leafs,7,3,REG
2016-10-25,Detroit Red Wings,Carolina Hurricanes,Detroit Red Wings,Carolina Hurricanes,4,2,REG
2016-10-26,St. Louis Blues,Calgary Flames,Calgary Flames,St. Louis Blues,4,1,REG
2016-10-26,Dallas Stars,Winnipeg Jets,Dallas Stars,Winnipeg Jets,3,2,REG
2016-10-26,Vancouver Canucks,Ottawa Senators,Ottawa Senators,Vancouver Canucks,3,0,REG
2016-10-26,San Jose Sharks,Anaheim Ducks,San Jose Sharks,Anaheim Ducks,2,1,OT
2016-10-26,Los Angeles Kings,Columbus Blue Jackets,Los Angeles Kings,Columbus Blue Jackets,3,2,OT
2016-10-26,New York Islanders,Montreal Canadiens,Montreal Canadiens,New York Islanders,3,2,REG
2016-10-27,New York Rangers,Boston Bruins,New York Rangers,Boston Bruins,5,2,REG
2016-10-27,Edmonton Oilers,Washington Capitals,Edmonton Oilers,Washington Capitals,4,1,REG
2016-10-27,Anaheim Ducks,Nashville Predators,Anaheim Ducks,Nashville Predators,5,1,REG
2016-10-28,New Jersey Devils,Chicago Blackhawks,Chicago Blackhawks,New Jersey Devils,3,2,OT
2016-10-28,Carolina Hurricanes,New York Rangers,Carolina Hurricanes,New York Rangers,3,2,REG
2016-10-29,Calgary Flames,Ottawa Senators,Calgary Flames,Ottawa Senators,5,2,REG
2016-10-29,Vancouver Canucks,Edmonton Oilers,Edmonton Oilers,Vancouver Canucks,2,0,REG
2016-10-29,Anaheim Ducks,Columbus Blue Jackets,Columbus Blue Jackets,Anaheim Ducks,4,0,REG
2016-10-29,Buffalo Sabres,Florida Panthers,Buffalo Sabres,Florida Panthers,3,0,REG
2016-10-29,Montreal Canadiens,Toronto Maple Leafs,Montreal Canadiens,Toronto Maple Leafs,2,1,REG
2016-10-29,New Jersey Devils,Tampa Bay Lightning,New Jersey Devils,Tampa Bay Lightning,3,1,REG
2016-10-29,Philadelphia Flyers,Pittsburgh Penguins,Pittsburgh Penguins,Philadelphia Flyers,5,4,REG
2016-10-30,Minnesota Wild,Dallas Stars,Minnesota Wild,Dallas Stars,4,0,REG
2016-10-30,Arizona Coyotes,Colorado Avalanche,Colorado Avalanche,Arizona Coyotes,3,2,REG
2016-10-30,Vancouver Canucks,Washington Capitals,Washington Capitals,Vancouver Canucks,5,2,REG
2016-10-30,San Jose Sharks,Nashville Predators,San Jose Sharks,Nashville Predators,4,1,REG
2016-10-30,Winnipeg Jets,Buffalo Sabres,Buffalo Sabres,Winnipeg Jets,3,1,REG
2016-10-30,Detroit Red Wings,Florida Panthers,Florida Panthers,Detroit Red Wings,5,2,REG
2016-10-30,Carolina Hurricanes,Philadelphia Flyers,Philadelphia Flyers,Carolina Hurricanes,4,3,REG
2016-10-30,New York Islanders,Toronto Maple Leafs,New York Islanders,Toronto Maple Leafs,5,1,REG
2016-10-30,New York Rangers,Tampa Bay Lightning,New York Rangers,Tampa Bay Lightning,5,1,REG
2016-10-30,Chicago Blackhawks,Los Angeles Kings,Chicago Blackhawks,Los Angeles Kings,3,0,REG
2016-10-31,Edmonton Oilers,Ottawa Senators,Ottawa Senators,Edmonton Oilers,2,0,REG
2016-10-31,Calgary Flames,Washington Capitals,Washington Capitals,Calgary Flames,3,1,REG
2016-11-01,New York Rangers,St. Louis Blues,New York Rangers,St. Louis Blues,4,0,REG
2016-11-01,Columbus Blue Jackets,Dallas Stars,Columbus Blue Jackets,Dallas Stars,3,2,OT
2016-11-01,New York Islanders,Tampa Bay Lightning,Tampa Bay Lightning,New York Islanders,5,1,REG
2016-11-01,Toronto Maple Leafs,Edmonton Oilers,Toronto Maple Leafs,Edmonton Oilers,3,2,OT
2016-11-01,Ottawa Senators,Carolina Hurricanes,Ottawa Senators,Carolina Hurricanes,2,1,OT
2016-11-01,Florida Panthers,Boston Bruins,Boston Bruins,Florida Panthers,2,1,REG
2016-11-02,Minnesota Wild,Buffalo Sabres,Buffalo Sabres,Minnesota Wild,2,1,REG
2016-11-02,Winnipeg Jets,Washington Capitals,Washington Capitals,Winnipeg Jets,3,2,REG
2016-11-02,Chicago Blackhawks,Calgary Flames,Chicago Blackhawks,Calgary Flames,5,1,REG
2016-11-02,Colorado Avalanche,Nashville Predators,Nashville Predators,Colorado Avalanche,5,1,REG
2016-11-02,Arizona Coyotes,San Jose Sharks,Arizona Coyotes,San Jose Sharks,3,2,REG
2016-11-02,Los Angeles Kings,Anaheim Ducks,Anaheim Ducks,Los Angeles Kings,4,0,REG
2016-11-02,Montreal Canadiens,Vancouver Canucks,Montreal Canadiens,Vancouver Canucks,3,0,REG
2016-11-03,Philadelphia Flyers,Detroit Red Wings,Philadelphia Flyers,Detroit Red Wings,4,3,OT
2016-11-03,Anaheim Ducks,Pittsburgh Penguins,Pittsburgh Penguins,Anaheim Ducks,5,1,REG
2016-11-03,Buffalo Sabres,Toronto Maple Leafs,Toronto Maple Leafs,Buffalo Sabres,2,1,REG
2016-11-03,New York Islanders,Philadelphia Flyers,Philadelphia Flyers,New York Islanders,3,2,SO
2016-11-03,New York Rangers,Edmonton Oilers,New York Rangers,Edmonton Oilers,5,3,REG
2016-11-03,Washington Capitals,Winnipeg Jets,Washington Capitals,Winnipeg Jets,4,3,OT
2016-11-03,Tampa Bay Lightning,Boston Bruins,Boston Bruins,Tampa Bay Lightning,4,3,SO
2016-11-03,Florida Panthers,New Jersey Devils,Florida Panthers,New Jersey Devils,4,3,OT
2016-11-04,Chicago Blackhawks,Colorado Avalanche,Chicago Blackhawks,Colorado Avalanche,4,0,REG
2016-11-04,Dallas Stars,St. Louis Blues,Dallas Stars,St. Louis Blues,6,2,REG
2016-11-04,Arizona Coyotes,Nashville Predators,Arizona Coyotes,Nashville Predators,3,2,SO
2016-11-04,Los Angeles Kings,Pittsburgh Penguins,Los Angeles Kings,Pittsburgh Penguins,3,2,OT
2016-11-04,San Jose Sharks,Calgary Flames,Calgary Flames,San Jose Sharks,3,2,REG
2016-11-04,Columbus Blue Jackets,Montreal Canadiens,Columbus Blue Jackets,Montreal Canadiens,4,0,REG
2016-11-04,Detroit Red Wings,Winnipeg Jets,Winnipeg Jets,Detroit Red Wings,5,3,REG
2016-11-05,Anaheim Ducks,Arizona Coyotes,Anaheim Ducks,Arizona Coyotes,5,1,REG
2016-11-05,Boston Bruins,New York Rangers,New York Rangers,Boston Bruins,5,2,REG
2016-11-05,Toronto Maple Leafs,Vancouver Canucks,Toronto Maple Leafs,Vancouver Canucks,6,3,REG
2016-11-05,Montreal Canadiens,Philadelphia Flyers,Montreal Canadiens,Philadelphia Flyers,5,4,REG
2016-11-05,Ottawa Senators,Buffalo Sabres,Buffalo Sabres,Ottawa Senators,2,1,REG
2016-11-05,Tampa Bay Lightning,New Jersey Devils,Tampa Bay Lightning,New Jersey Devils,4,1,REG
2016-11-05,New York Islanders,Edmonton Oilers,Edmonton Oilers,New York Islanders,4,3,SO
2016-11-05,Washington Capitals,Florida Panthers,Washington Capitals,Florida Panthers,4,2,REG
2016-11-05,St. Louis Blues,Columbus Blue Jackets,St. Louis Blues,Columbus Blue Jackets,2,1,OT
2016-11-06,Nashville Predators,Carolina Hurricanes,Carolina Hurricanes,Nashville Predators,3,2,SO
2016-11-06,Dallas Stars,Chicago Blackhawks,Chicago Blackhawks,Dallas Stars,3,2,REG
2016-11-06,Los Angeles Kings,Calgary Flames,Los Angeles Kings,Calgary Flames,4,0,REG
2016-11-06,San Jose Sharks,Pittsburgh Penguins,Pittsburgh Penguins,San Jose Sharks,4,0,REG
2016-11-06,Detroit Red Wings,Edmonton Oilers,Edmonton Oilers,Detroit Red Wings,2,1,REG
2016-11-06,St. Louis Blues,Colorado Avalanche,St. Louis Blues,Colorado Avalanche,5,1,REG
2016-11-06,Carolina Hurricanes,New Jersey Devils,New Jersey Devils,Carolina Hurricanes,4,1,REG
2016-11-07,New York Rangers,Winnipeg Jets,New York Rangers,Winnipeg Jets,5,2,REG
2016-11-07,Chicago Blackhawks,Dallas Stars,Chicago Blackhawks,Dallas Stars,4,3,OT
2016-11-07,Anaheim Ducks,Calgary Flames,Anaheim Ducks,Calgary Flames,4,1,REG
2016-11-08,Boston Bruins,Buffalo Sabres,Boston Bruins,Buffalo Sabres,4,0,REG
2016-11-08,New York Islanders,Vancouver Canucks,New York Islanders,Vancouver Canucks,4,2,REG
2016-11-08,Florida Panthers,Tampa Bay Lightning,Florida Panthers,Tampa Bay Lightning,3,1,REG
2016-11-09,New Jersey Devils,Carolina Hurricanes,New Jersey Devils,Carolina Hurricanes,3,2,SO
2016-11-09,New York Rangers,Vancouver Canucks,Vancouver Canucks,New York Rangers,5,3,REG
2016-11-09,Philadelphia Flyers,Detroit Red Wings,Detroit Red Wings,Philadelphia Flyers,3,2,SO
2016-11-09,Pittsburgh Penguins,Edmonton Oilers,Pittsburgh Penguins,Edmonton Oilers,4,3,REG
2016-11-09,Washington Capitals,San Jose Sharks,San Jose Sharks,Washington Capitals,3,0,REG
2016-11-09,Toronto Maple Leafs,Los Angeles Kings,Los Angeles Kings,Toronto Maple Leafs,4,0,REG
2016-11-09,Montreal Canadiens,Boston Bruins,Montreal Canadiens,Boston Bruins,3,2,REG
2016-11-09,Nashville Predators,Ottawa Senators,Nashville Predators,Ottawa Senators,3,1,REG
2016-11-09,Winnipeg Jets,Dallas Stars,Winnipeg Jets,Dallas Stars,6,2,REG
2016-11-09,Colorado Avalanche,Arizona Coyotes,Arizona Coyotes,Colorado Avalanche,4,2,REG
2016-11-10,Columbus Blue Jackets,Anaheim Ducks,Columbus Blue Jackets,Anaheim Ducks,3,2,OT
2016-11-10,Buffalo Sabres,Ottawa Senators,Ottawa Senators,Buffalo Sabres,2,1,SO
2016-11-10,St. Louis Blues,Chicago Blackhawks,Chicago Blackhawks,St. Louis Blues,2,1,OT
2016-11-11,Boston Bruins,Columbus Blue Jackets,Boston Bruins,Columbus Blue Jackets,5,2,REG
2016-11-11,Pittsburgh Penguins,Minnesota Wild,Minnesota Wild,Pittsburgh Penguins,4,2,REG
2016-11-11,Carolina Hurricanes,Anaheim Ducks,Anaheim Ducks,Carolina Hurricanes,4,2,REG
2016-11-11,Montreal Canadiens,Los Angeles Kings,Montreal Canadiens,Los Angeles Kings,4,1,REG
2016-11-11,Detroit Red Wings,Vancouver Canucks,Detroit Red Wings,Vancouver Canucks,3,1,REG
2016-11-11,Tampa Bay Lightning,New York Islanders,Tampa Bay Lightning,New York Islanders,4,1,REG
2016-11-11,Florida Panthers,San Jose Sharks,San Jose Sharks,Florida Panthers,4,2,REG
2016-11-11,Nashville Predators,St. Louis Blues,Nashville Predators,St. Louis Blues,3,1,REG
2016-11-11,Calgary Flames,Dallas Stars,Dallas Stars,Calgary Flames,4,2,REG
2016-11-11,Arizona Coyotes,Winnipeg Jets,Winnipeg Jets,Arizona Coyotes,3,2,REG
2016-11-12,Buffalo Sabres,New Jersey Devils,New Jersey Devils,Buffalo Sabres,2,1,OT
2016-11-12,Toronto Maple Leafs,Philadelphia Flyers,Toronto Maple Leafs,Philadelphia Flyers,6,3,REG
2016-11-12,Ottawa Senators,Los Angeles Kings,Ottawa Senators,Los Angeles Kings,2,1,REG
2016-11-12,Chicago Blackhawks,Washington Capitals,Washington Capitals,Chicago Blackhawks,3,2,OT
2016-11-12,Colorado Avalanche,Winnipeg Jets,Colorado Avalanche,Winnipeg Jets,3,2,OT
2016-11-12,Edmonton Oilers,Dallas Stars,Dallas Stars,Edmonton Oilers,3,2,REG
2016-11-13,Montreal Canadiens,Detroit Red Wings,Montreal Canadiens,Detroit Red Wings,4,0,REG
2016-11-13,Tampa Bay Lightning,San Jose Sharks,San Jose Sharks,Tampa Bay Lightning,3,1,REG
2016-11-13,Florida Panthers,New York Islanders,Florida Panthers,New York Islanders,3,2,OT
2016-11-13,New Jersey Devils,Buffalo Sabres,New Jersey Devils,Buffalo Sabres,4,2,REG
2016-11-13,Philadelphia Flyers,Minnesota Wild,Philadelphia Flyers,Minnesota Wild,3,2,REG
2016-11-13,Pittsburgh Penguins,Toronto Maple Leafs,Pittsburgh Penguins,Toronto Maple Leafs,4,1,REG
2016-11-13,Carolina Hurricanes,Washington Capitals,Carolina Hurricanes,Washington Capitals,5,1,REG
2016-11-13,Columbus Blue Jackets,St. Louis Blues,Columbus Blue Jackets,St. Louis Blues,8,4,REG
2016-11-13,Nashville Predators,Anaheim Ducks,Nashville Predators,Anaheim Ducks,4,0,REG
2016-11-13,Arizona Coyotes,Boston Bruins,Boston Bruins,Arizona Coyotes,2,1,REG
2016-11-13,Calgary Flames,New York Rangers,New York Rangers,Calgary Flames,4,1,REG
2016-11-13,Winnipeg Jets,Los Angeles Kings,Winnipeg Jets,Los Angeles Kings,3,2,SO
2016-11-13,Vancouver Canucks,Dallas Stars,Vancouver Canucks,Dallas Stars,5,4,OT
2016-11-13,Ottawa Senators,Minnesota Wild,Minnesota Wild,Ottawa Senators,2,1,OT
2016-11-14,Chicago Blackhawks,Montreal Canadiens,Chicago Blackhawks,Montreal Canadiens,3,2,REG
2016-11-14,Colorado Avalanche,Boston Bruins,Boston Bruins,Colorado Avalanche,2,0,REG
2016-11-14,Edmonton Oilers,New York Rangers,New York Rangers,Edmonton Oilers,3,1,REG
2016-11-15,New York Islanders,Tampa Bay Lightning,Tampa Bay Lightning,New York Islanders,4,0,REG
2016-11-16,Philadelphia Flyers,Ottawa Senators,Ottawa Senators,Philadelphia Flyers,3,2,SO
2016-11-16,Columbus Blue Jackets,Washington Capitals,Columbus Blue Jackets,Washington Capitals,2,1,OT
2016-11-16,Toronto Maple Leafs,Nashville Predators,Toronto Maple Leafs,Nashville Predators,6,2,REG
2016-11-16,Montreal Canadiens,Florida Panthers,Florida Panthers,Montreal Canadiens,4,3,OT
2016-11-16,Detroit Red Wings,Tampa Bay Lightning,Tampa Bay Lightning,Detroit Red Wings,4,3,REG
2016-11-16,St. Louis Blues,Buffalo Sabres,St. Louis Blues,Buffalo Sabres,4,1,REG
2016-11-16,Winnipeg Jets,Chicago Blackhawks,Winnipeg Jets,Chicago Blackhawks,4,0,REG
2016-11-16,Dallas Stars,New Jersey Devils,New Jersey Devils,Dallas Stars,2,1,OT
2016-11-16,Colorado Avalanche,Los Angeles Kings,Colorado Avalanche,Los Angeles Kings,4,1,REG
2016-11-16,Vancouver Canucks,New York Rangers,New York Rangers,Vancouver Canucks,6,2,REG
2016-11-16,Anaheim Ducks,Edmonton Oilers,Anaheim Ducks,Edmonton Oilers,4,1,REG
2016-11-17,Washington Capitals,Pittsburgh Penguins,Washington Capitals,Pittsburgh Penguins,5,1,REG
2016-11-17,Calgary Flames,Arizona Coyotes,Calgary Flames,Arizona Coyotes,2,1,OT
2016-11-18,Buffalo Sabres,Tampa Bay Lightning,Tampa Bay Lightning,Buffalo Sabres,4,1,REG
2016-11-18,Philadelphia Flyers,Winnipeg Jets,Philadelphia Flyers,Winnipeg Jets,5,2,REG
2016-11-18,Toronto Maple Leafs,Florida Panthers,Toronto Maple Leafs,Florida Panthers,5,1,REG
2016-11-18,Ottawa Senators,Nashville Predators,Nashville Predators,Ottawa Senators,5,1,REG
2016-11-18,St. Louis Blues,San Jose Sharks,St. Louis Blues,San Jose Sharks,3,2,REG
2016-11-18,Dallas Stars,Colorado Avalanche,Dallas Stars,Colorado Avalanche,3,2,REG
2016-11-18,Vancouver Canucks,Arizona Coyotes,Vancouver Canucks,Arizona Coyotes,3,2,OT
2016-11-18,Anaheim Ducks,New Jersey Devils,Anaheim Ducks,New Jersey Devils,3,2,REG
2016-11-18,Los Angeles Kings,Edmonton Oilers,Los Angeles Kings,Edmonton Oilers,4,2,REG
2016-11-19,New York Islanders,Pittsburgh Penguins,Pittsburgh Penguins,New York Islanders,3,2,OT
2016-11-19,Columbus Blue Jackets,New York Rangers,Columbus Blue Jackets,New York Rangers,4,2,REG
2016-11-19,Carolina Hurricanes,Montreal Canadiens,Carolina Hurricanes,Montreal Canadiens,3,2,REG
2016-11-19,Calgary Flames,Chicago Blackhawks,Chicago Blackhawks,Calgary Flames,3,2,REG
2016-11-19,Philadelphia Flyers,Tampa Bay Lightning,Tampa Bay Lightning,Philadelphia Flyers,3,0,REG
2016-11-19,Los Angeles Kings,New Jersey Devils,Los Angeles Kings,New Jersey Devils,4,2,REG
2016-11-20,Boston Bruins,Winnipeg Jets,Boston Bruins,Winnipeg Jets,4,1,REG
2016-11-20,Buffalo Sabres,Pittsburgh Penguins,Buffalo Sabres,Pittsburgh Penguins,2,1,SO
2016-11-20,Montreal Canadiens,Toronto Maple Leafs,Montreal Canadiens,Toronto Maple Leafs,2,1,REG
2016-11-20,Ottawa Senators,Florida Panthers,Florida Panthers,Ottawa Senators,4,1,REG
2016-11-20,Dallas Stars,Edmonton Oilers,Edmonton Oilers,Dallas Stars,5,2,REG
2016-11-20,St. Louis Blues,Nashville Predators,St. Louis Blues,Nashville Predators,3,1,REG
2016-11-20,Minnesota Wild,Colorado Avalanche,Colorado Avalanche,Minnesota Wild,3,2,REG
2016-11-20,Arizona Coyotes,San Jose Sharks,Arizona Coyotes,San Jose Sharks,3,2,OT
2016-11-20,Vancouver Canucks,Chicago Blackhawks,Chicago Blackhawks,Vancouver Canucks,4,3,OT
2016-11-20,Washington Capitals,Columbus Blue Jackets,Columbus Blue Jackets,Washington Capitals,3,2,REG
2016-11-20,Carolina Hurricanes,Winnipeg Jets,Carolina Hurricanes,Winnipeg Jets,3,1,REG
2016-11-21,New York Rangers,Florida Panthers,Florida Panthers,New York Rangers,3,2,SO
2016-11-21,Detroit Red Wings,Calgary Flames,Calgary Flames,Detroit Red Wings,3,2,REG
2016-11-21,Anaheim Ducks,Los Angeles Kings,Los Angeles Kings,Anaheim Ducks,3,2,REG
2016-11-22,Buffalo Sabres,Calgary Flames,Buffalo Sabres,Calgary Flames,4,2,REG
2016-11-22,Pittsburgh Penguins,New York Rangers,New York Rangers,Pittsburgh Penguins,5,2,REG
2016-11-22,Columbus Blue Jackets,Colorado Avalanche,Colorado Avalanche,Columbus Blue Jackets,3,2,OT
2016-11-22,Nashville Predators,Tampa Bay Lightning,Nashville Predators,Tampa Bay Lightning,3,1,REG
2016-11-22,Dallas Stars,Minnesota Wild,Dallas Stars,Minnesota Wild,3,2,OT
2016-11-22,Edmonton Oilers,Chicago Blackhawks,Edmonton Oilers,Chicago Blackhawks,4,0,REG
2016-11-22,San Jose Sharks,New Jersey Devils,San Jose Sharks,New Jersey Devils,4,0,REG
2016-11-23,Boston Bruins,St. Louis Blues,St. Louis Blues,Boston Bruins,4,2,REG
2016-11-23,Toronto Maple Leafs,Carolina Hurricanes,Carolina Hurricanes,Toronto Maple Leafs,2,1,REG
2016-11-23,Montreal Canadiens,Ottawa Senators,Ottawa Senators,Montreal Canadiens,4,3,REG
2016-11-23,Florida Panthers,Philadelphia Flyers,Philadelphia Flyers,Florida Panthers,3,1,REG
2016-11-23,Anaheim Ducks,New York Islanders,New York Islanders,Anaheim Ducks,3,2,SO
2016-11-24,Buffalo Sabres,Detroit Red Wings,Detroit Red Wings,Buffalo Sabres,2,1,SO
2016-11-24,New Jersey Devils,Toronto Maple Leafs,New Jersey Devils,Toronto Maple Leafs,5,4,SO
2016-11-24,New York Rangers,Pittsburgh Penguins,Pittsburgh Penguins,New York Rangers,5,1,REG
2016-11-24,Washington Capitals,St. Louis Blues,Washington Capitals,St. Louis Blues,4,3,REG
2016-11-24,Columbus Blue Jackets,Calgary Flames,Calgary Flames,Columbus Blue Jackets,2,0,REG
2016-11-24,Minnesota Wild,Winnipeg Jets,Minnesota Wild,Winnipeg Jets,3,1,REG
2016-11-24,Tampa Bay Lightning,Philadelphia Flyers,Tampa Bay Lightning,Philadelphia Flyers,4,2,REG
2016-11-24,Nashville Predators,Dallas Stars,Nashville Predators,Dallas Stars,5,2,REG
2016-11-24,Colorado Avalanche,Edmonton Oilers,Edmonton Oilers,Colorado Avalanche,6,3,REG
2016-11-24,Arizona Coyotes,Vancouver Canucks,Vancouver Canucks,Arizona Coyotes,4,1,REG
2016-11-24,San Jose Sharks,Chicago Blackhawks,San Jose Sharks,Chicago Blackhawks,2,1,REG
2016-11-24,Los Angeles Kings,New York Islanders,Los Angeles Kings,New York Islanders,4,2,REG
2016-11-25,Montreal Canadiens,Carolina Hurricanes,Montreal Canadiens,Carolina Hurricanes,2,1,REG
2016-11-25,Ottawa Senators,Boston Bruins,Ottawa Senators,Boston Bruins,3,1,REG
2016-11-25,Philadelphia Flyers,New York Rangers,New York Rangers,Philadelphia Flyers,3,2,REG
2016-11-25,Minnesota Wild,Pittsburgh Penguins,Minnesota Wild,Pittsburgh Penguins,6,2,REG
2016-11-25,Anaheim Ducks,Chicago Blackhawks,Chicago Blackhawks,Anaheim Ducks,3,2,REG
2016-11-25,San Jose Sharks,New York Islanders,San Jose Sharks,New York Islanders,3,2,REG
2016-11-25,Washington Capitals,Buffalo Sabres,Washington Capitals,Buffalo Sabres,3,1,REG
2016-11-25,Nashville Predators,Winnipeg Jets,Nashville Predators,Winnipeg Jets,5,1,REG
2016-11-26,Boston Bruins,Calgary Flames,Calgary Flames,Boston Bruins,2,1,REG
2016-11-26,Tampa Bay Lightning,Columbus Blue Jackets,Columbus Blue Jackets,Tampa Bay Lightning,5,3,REG
2016-11-26,New Jersey Devils,Detroit Red Wings,Detroit Red Wings,New Jersey Devils,5,4,OT
2016-11-26,Dallas Stars,Vancouver Canucks,Dallas Stars,Vancouver Canucks,2,1,REG
2016-11-26,Arizona Coyotes,Edmonton Oilers,Arizona Coyotes,Edmonton Oilers,3,2,SO
2016-11-27,Toronto Maple Leafs,Washington Capitals,Toronto Maple Leafs,Washington Capitals,4,2,REG
2016-11-27,Ottawa Senators,Carolina Hurricanes,Ottawa Senators,Carolina Hurricanes,2,1,REG
2016-11-27,Detroit Red Wings,Montreal Canadiens,Montreal Canadiens,Detroit Red Wings,2,1,OT
2016-11-27,Florida Panthers,Columbus Blue Jackets,Florida Panthers,Columbus Blue Jackets,2,1,SO
2016-11-27,Pittsburgh Penguins,New Jersey Devils,Pittsburgh Penguins,New Jersey Devils,4,3,SO
2016-11-27,St. Louis Blues,Minnesota Wild,St. Louis Blues,Minnesota Wild,4,3,SO
2016-11-27,Colorado Avalanche,Vancouver Canucks,Vancouver Canucks,Colorado Avalanche,3,2,SO
2016-11-27,Los Angeles Kings,Chicago Blackhawks,Los Angeles Kings,Chicago Blackhawks,2,1,OT
2016-11-27,San Jose Sharks,Anaheim Ducks,Anaheim Ducks,San Jose Sharks,3,2,REG
2016-11-27,Boston Bruins,Tampa Bay Lightning,Boston Bruins,Tampa Bay Lightning,4,1,REG
2016-11-27,Winnipeg Jets,Nashville Predators,Winnipeg Jets,Nashville Predators,3,0,REG
2016-11-27,Edmonton Oilers,Arizona Coyotes,Arizona Coyotes,Edmonton Oilers,2,1,REG
2016-11-27,Carolina Hurricanes,Florida Panthers,Carolina Hurricanes,Florida Panthers,3,2,REG
2016-11-28,New York Rangers,Ottawa Senators,Ottawa Senators,New York Rangers,2,0,REG
2016-11-28,Philadelphia Flyers,Calgary Flames,Philadelphia Flyers,Calgary Flames,5,3,REG
2016-11-29,New York Islanders,Calgary Flames,New York Islanders,Calgary Flames,2,1,OT
2016-11-29,St. Louis Blues,Dallas Stars,St. Louis Blues,Dallas Stars,4,3,OT
2016-11-30,New York Rangers,Carolina Hurricanes,New York Rangers,Carolina Hurricanes,3,2,REG
2016-11-30,Columbus Blue Jackets,Tampa Bay Lightning,Columbus Blue Jackets,Tampa Bay Lightning,5,1,REG
2016-11-30,Philadelphia Flyers,Boston Bruins,Philadelphia Flyers,Boston Bruins,3,2,SO
2016-11-30,Ottawa Senators,Buffalo Sabres,Buffalo Sabres,Ottawa Senators,5,4,REG
2016-11-30,Detroit Red Wings,Dallas Stars,Detroit Red Wings,Dallas Stars,3,1,REG
2016-11-30,Winnipeg Jets,New Jersey Devils,Winnipeg Jets,New Jersey Devils,3,2,REG
2016-11-30,Chicago Blackhawks,Florida Panthers,Chicago Blackhawks,Florida Panthers,2,1,SO
2016-11-30,Colorado Avalanche,Nashville Predators,Nashville Predators,Colorado Avalanche,5,3,REG
2016-11-30,Edmonton Oilers,Toronto Maple Leafs,Toronto Maple Leafs,Edmonton Oilers,4,2,REG
2016-11-30,Vancouver Canucks,Minnesota Wild,Vancouver Canucks,Minnesota Wild,5,4,REG
2016-11-30,Anaheim Ducks,Montreal Canadiens,Anaheim Ducks,Montreal Canadiens,2,1,REG
2016-11-30,San Jose Sharks,Arizona Coyotes,San Jose Sharks,Arizona Coyotes,2,1,OT
2016-12-01,New York Islanders,Pittsburgh Penguins,New York Islanders,Pittsburgh Penguins,5,3,REG
2016-12-01,Calgary Flames,Toronto Maple Leafs,Calgary Flames,Toronto Maple Leafs,3,0,REG
2016-12-01,Los Angeles Kings,San Jose Sharks,San Jose Sharks,Los Angeles Kings,4,1,REG
2016-12-02,Boston Bruins,Carolina Hurricanes,Boston Bruins,Carolina Hurricanes,2,1,SO
2016-12-02,Buffalo Sabres,New York Rangers,Buffalo Sabres,New York Rangers,4,3,REG
2016-12-02,Pittsburgh Penguins,Dallas Stars,Pittsburgh Penguins,Dallas Stars,6,2,REG
2016-12-02,Washington Capitals,New York Islanders,New York Islanders,Washington Capitals,3,0,REG
2016-12-02,Ottawa Senators,Philadelphia Flyers,Philadelphia Flyers,Ottawa Senators,3,2,OT
2016-12-02,Detroit Red Wings,Florida Panthers,Florida Panthers,Detroit Red Wings,2,1,OT
2016-12-02,St. Louis Blues,Tampa Bay Lightning,St. Louis Blues,Tampa Bay Lightning,5,4,REG
2016-12-02,Winnipeg Jets,Edmonton Oilers,Edmonton Oilers,Winnipeg Jets,6,3,REG
2016-12-02,Chicago Blackhawks,New Jersey Devils,Chicago Blackhawks,New Jersey Devils,4,3,OT
2016-12-02,Colorado Avalanche,Columbus Blue Jackets,Columbus Blue Jackets,Colorado Avalanche,3,2,REG
2016-12-02,Arizona Coyotes,Los Angeles Kings,Los Angeles Kings,Arizona Coyotes,4,3,REG
2016-12-02,Vancouver Canucks,Anaheim Ducks,Anaheim Ducks,Vancouver Canucks,3,1,REG
2016-12-03,Calgary Flames,Minnesota Wild,Calgary Flames,Minnesota Wild,3,2,SO
2016-12-03,San Jose Sharks,Montreal Canadiens,San Jose Sharks,Montreal Canadiens,2,1,REG
2016-12-03,Buffalo Sabres,Boston Bruins,Boston Bruins,Buffalo Sabres,2,1,REG
2016-12-03,New York Rangers,Carolina Hurricanes,New York Rangers,Carolina Hurricanes,4,2,REG
2016-12-03,Philadelphia Flyers,Chicago Blackhawks,Philadelphia Flyers,Chicago Blackhawks,3,1,REG
2016-12-03,Nashville Predators,New Jersey Devils,New Jersey Devils,Nashville Predators,5,4,OT
2016-12-04,Ottawa Senators,Florida Panthers,Ottawa Senators,Florida Panthers,2,0,REG
2016-12-04,Tampa Bay Lightning,Washington Capitals,Tampa Bay Lightning,Washington Capitals,2,1,SO
2016-12-04,Pittsburgh Penguins,Detroit Red Wings,Pittsburgh Penguins,Detroit Red Wings,5,3,REG
2016-12-04,St. Louis Blues,Winnipeg Jets,Winnipeg Jets,St. Louis Blues,3,2,OT
2016-12-04,Vancouver Canucks,Toronto Maple Leafs,Vancouver Canucks,Toronto Maple Leafs,3,2,SO
2016-12-04,Arizona Coyotes,Columbus Blue Jackets,Columbus Blue Jackets,Arizona Coyotes,3,2,SO
2016-12-04,Colorado Avalanche,Dallas Stars,Dallas Stars,Colorado Avalanche,3,0,REG
2016-12-04,Edmonton Oilers,Anaheim Ducks,Edmonton Oilers,Anaheim Ducks,3,2,OT
2016-12-04,Los Angeles Kings,Montreal Canadiens,Montreal Canadiens,Los Angeles Kings,5,4,SO
2016-12-04,New York Islanders,Detroit Red Wings,Detroit Red Wings,New York Islanders,4,3,OT
2016-12-04,Nashville Predators,Philadelphia Flyers,Philadelphia Flyers,Nashville Predators,4,2,REG
2016-12-05,Chicago Blackhawks,Winnipeg Jets,Winnipeg Jets,Chicago Blackhawks,2,1,REG
2016-12-05,Calgary Flames,Anaheim Ducks,Calgary Flames,Anaheim Ducks,7,3,REG
2016-12-05,Edmonton Oilers,Minnesota Wild,Minnesota Wild,Edmonton Oilers,2,1,OT
2016-12-06,Boston Bruins,Florida Panthers,Boston Bruins,Florida Panthers,4,3,OT
2016-12-06,Pittsburgh Penguins,Ottawa Senators,Pittsburgh Penguins,Ottawa Senators,8,5,REG
2016-12-06,Washington Capitals,Buffalo Sabres,Washington Capitals,Buffalo Sabres,3,2,OT
2016-12-06,Columbus Blue Jackets,Arizona Coyotes,Columbus Blue Jackets,Arizona Coyotes,4,1,REG
2016-12-07,Buffalo Sabres,Edmonton Oilers,Buffalo Sabres,Edmonton Oilers,4,3,OT
2016-12-07,New Jersey Devils,Vancouver Canucks,New Jersey Devils,Vancouver Canucks,3,2,REG
2016-12-07,New York Islanders,New York Rangers,New York Islanders,New York Rangers,4,2,REG
2016-12-07,Philadelphia Flyers,Florida Panthers,Philadelphia Flyers,Florida Panthers,3,2,OT
2016-12-07,St. Louis Blues,Montreal Canadiens,St. Louis Blues,Montreal Canadiens,3,2,OT
2016-12-07,Nashville Predators,Colorado Avalanche,Nashville Predators,Colorado Avalanche,4,3,REG
2016-12-07,Winnipeg Jets,Detroit Red Wings,Detroit Red Wings,Winnipeg Jets,4,3,SO
2016-12-07,Chicago Blackhawks,Arizona Coyotes,Chicago Blackhawks,Arizona Coyotes,4,0,REG
2016-12-07,Dallas Stars,Calgary Flames,Calgary Flames,Dallas Stars,2,1,REG
2016-12-08,Toronto Maple Leafs,Minnesota Wild,Minnesota Wild,Toronto Maple Leafs,3,2,REG
2016-12-08,Washington Capitals,Boston Bruins,Washington Capitals,Boston Bruins,4,3,OT
2016-12-08,Anaheim Ducks,Carolina Hurricanes,Anaheim Ducks,Carolina Hurricanes,6,5,SO
2016-12-08,San Jose Sharks,Ottawa Senators,Ottawa Senators,San Jose Sharks,4,2,REG
2016-12-09,Boston Bruins,Colorado Avalanche,Colorado Avalanche,Boston Bruins,4,2,REG
2016-12-09,New York Islanders,St. Louis Blues,New York Islanders,St. Louis Blues,3,2,REG
2016-12-09,Philadelphia Flyers,Edmonton Oilers,Philadelphia Flyers,Edmonton Oilers,6,5,REG
2016-12-09,Montreal Canadiens,New Jersey Devils,Montreal Canadiens,New Jersey Devils,5,2,REG
2016-12-09,Tampa Bay Lightning,Vancouver Canucks,Vancouver Canucks,Tampa Bay Lightning,5,1,REG
2016-12-09,Florida Panthers,Pittsburgh Penguins,Pittsburgh Penguins,Florida Panthers,5,1,REG
2016-12-09,Winnipeg Jets,New York Rangers,New York Rangers,Winnipeg Jets,2,1,REG
2016-12-09,Dallas Stars,Nashville Predators,Dallas Stars,Nashville Predators,5,2,REG
2016-12-09,Arizona Coyotes,Calgary Flames,Calgary Flames,Arizona Coyotes,2,1,OT
2016-12-09,Los Angeles Kings,Carolina Hurricanes,Carolina Hurricanes,Los Angeles Kings,3,1,REG
2016-12-10,Buffalo Sabres,Washington Capitals,Washington Capitals,Buffalo Sabres,4,1,REG
2016-12-10,Detroit Red Wings,Columbus Blue Jackets,Columbus Blue Jackets,Detroit Red Wings,4,1,REG
2016-12-10,New Jersey Devils,St. Louis Blues,St. Louis Blues,New Jersey Devils,4,1,REG
2016-12-10,Minnesota Wild,Edmonton Oilers,Minnesota Wild,Edmonton Oilers,3,2,SO
2016-12-10,Anaheim Ducks,San Jose Sharks,Anaheim Ducks,San Jose Sharks,3,2,REG
2016-12-10,Philadelphia Flyers,Dallas Stars,Philadelphia Flyers,Dallas Stars,4,2,REG
2016-12-10,Los Angeles Kings,Ottawa Senators,Los Angeles Kings,Ottawa Senators,4,1,REG
2016-12-11,Boston Bruins,Toronto Maple Leafs,Toronto Maple Leafs,Boston Bruins,4,1,REG
2016-12-11,Montreal Canadiens,Colorado Avalanche,Montreal Canadiens,Colorado Avalanche,5,1,REG
2016-12-11,Tampa Bay Lightning,Pittsburgh Penguins,Pittsburgh Penguins,Tampa Bay Lightning,4,3,REG
2016-12-11,Florida Panthers,Vancouver Canucks,Florida Panthers,Vancouver Canucks,4,2,REG
2016-12-11,Columbus Blue Jackets,New York Islanders,Columbus Blue Jackets,New York Islanders,6,2,REG
2016-12-11,Arizona Coyotes,Nashville Predators,Arizona Coyotes,Nashville Predators,4,1,REG
2016-12-11,Calgary Flames,Winnipeg Jets,Calgary Flames,Winnipeg Jets,6,2,REG
2016-12-11,San Jose Sharks,Carolina Hurricanes,San Jose Sharks,Carolina Hurricanes,4,3,REG
2016-12-11,Anaheim Ducks,Ottawa Senators,Anaheim Ducks,Ottawa Senators,5,1,REG
2016-12-11,Washington Capitals,Vancouver Canucks,Washington Capitals,Vancouver Canucks,3,0,REG
2016-12-11,Minnesota Wild,St. Louis Blues,Minnesota Wild,St. Louis Blues,3,1,REG
2016-12-12,Toronto Maple Leafs,Colorado Avalanche,Colorado Avalanche,Toronto Maple Leafs,3,1,REG
2016-12-12,New York Rangers,New Jersey Devils,New York Rangers,New Jersey Devils,4,0,REG
2016-12-12,Chicago Blackhawks,Dallas Stars,Chicago Blackhawks,Dallas Stars,3,1,REG
2016-12-12,Edmonton Oilers,Winnipeg Jets,Edmonton Oilers,Winnipeg Jets,3,2,REG
2016-12-13,Pittsburgh Penguins,Arizona Coyotes,Pittsburgh Penguins,Arizona Coyotes,4,0,REG
2016-12-13,Montreal Canadiens,Boston Bruins,Boston Bruins,Montreal Canadiens,2,1,OT
2016-12-14,Buffalo Sabres,Los Angeles Kings,Buffalo Sabres,Los Angeles Kings,6,3,REG
2016-12-14,New York Islanders,Washington Capitals,Washington Capitals,New York Islanders,4,2,REG
2016-12-14,New York Rangers,Chicago Blackhawks,Chicago Blackhawks,New York Rangers,2,1,REG
2016-12-14,Carolina Hurricanes,Vancouver Canucks,Carolina Hurricanes,Vancouver Canucks,8,6,REG
2016-12-14,Toronto Maple Leafs,San Jose Sharks,San Jose Sharks,Toronto Maple Leafs,3,2,SO
2016-12-14,Detroit Red Wings,Arizona Coyotes,Arizona Coyotes,Detroit Red Wings,4,1,REG
2016-12-14,Nashville Predators,St. Louis Blues,Nashville Predators,St. Louis Blues,6,3,REG
2016-12-14,Minnesota Wild,Florida Panthers,Minnesota Wild,Florida Panthers,5,1,REG
2016-12-14,Dallas Stars,Anaheim Ducks,Dallas Stars,Anaheim Ducks,6,2,REG
2016-12-14,Edmonton Oilers,Columbus Blue Jackets,Columbus Blue Jackets,Edmonton Oilers,3,1,REG
2016-12-15,Ottawa Senators,San Jose Sharks,San Jose Sharks,Ottawa Senators,4,3,SO
2016-12-15,Pittsburgh Penguins,Boston Bruins,Pittsburgh Penguins,Boston Bruins,4,3,OT
2016-12-15,Calgary Flames,Tampa Bay Lightning,Tampa Bay Lightning,Calgary Flames,6,3,REG
2016-12-15,Colorado Avalanche,Philadelphia Flyers,Philadelphia Flyers,Colorado Avalanche,4,3,REG
2016-12-16,Boston Bruins,Anaheim Ducks,Anaheim Ducks,Boston Bruins,4,3,REG
2016-12-16,New York Islanders,Chicago Blackhawks,Chicago Blackhawks,New York Islanders,5,4,REG
2016-12-16,Toronto Maple Leafs,Arizona Coyotes,Arizona Coyotes,Toronto Maple Leafs,3,2,SO
2016-12-16,Detroit Red Wings,Los Angeles Kings,Los Angeles Kings,Detroit Red Wings,4,1,REG
2016-12-16,St. Louis Blues,New Jersey Devils,St. Louis Blues,New Jersey Devils,5,2,REG
2016-12-16,Nashville Predators,Minnesota Wild,Minnesota Wild,Nashville Predators,5,2,REG
2016-12-16,Winnipeg Jets,Florida Panthers,Winnipeg Jets,Florida Panthers,4,3,SO
2016-12-16,Dallas Stars,New York Rangers,New York Rangers,Dallas Stars,2,0,REG
2016-12-17,Buffalo Sabres,New York Islanders,Buffalo Sabres,New York Islanders,3,2,OT
2016-12-17,Montreal Canadiens,San Jose Sharks,San Jose Sharks,Montreal Canadiens,4,2,REG
2016-12-17,Carolina Hurricanes,Washington Capitals,Washington Capitals,Carolina Hurricanes,4,3,SO
2016-12-17,Colorado Avalanche,Florida Panthers,Florida Panthers,Colorado Avalanche,3,1,REG
2016-12-17,Calgary Flames,Columbus Blue Jackets,Columbus Blue Jackets,Calgary Flames,4,1,REG
2016-12-17,Vancouver Canucks,Tampa Bay Lightning,Vancouver Canucks,Tampa Bay Lightning,4,2,REG
2016-12-17,Dallas Stars,Philadelphia Flyers,Dallas Stars,Philadelphia Flyers,3,1,REG
2016-12-17,Minnesota Wild,Arizona Coyotes,Minnesota Wild,Arizona Coyotes,4,1,REG
2016-12-18,Toronto Maple Leafs,Pittsburgh Penguins,Toronto Maple Leafs,Pittsburgh Penguins,2,1,OT
2016-12-18,Ottawa Senators,New Jersey Devils,Ottawa Senators,New Jersey Devils,3,1,REG
2016-12-18,Detroit Red Wings,Anaheim Ducks,Detroit Red Wings,Anaheim Ducks,6,4,REG
2016-12-18,Washington Capitals,Montreal Canadiens,Montreal Canadiens,Washington Capitals,2,1,REG
2016-12-18,Carolina Hurricanes,Buffalo Sabres,Carolina Hurricanes,Buffalo Sabres,2,1,SO
2016-12-18,St. Louis Blues,Chicago Blackhawks,Chicago Blackhawks,St. Louis Blues,6,4,REG
2016-12-18,Nashville Predators,New York Rangers,New York Rangers,Nashville Predators,2,1,SO
2016-12-18,Edmonton Oilers,Tampa Bay Lightning,Edmonton Oilers,Tampa Bay Lightning,3,2,SO
2016-12-18,Winnipeg Jets,Colorado Avalanche,Winnipeg Jets,Colorado Avalanche,4,1,REG
2016-12-18,Vancouver Canucks,Columbus Blue Jackets,Columbus Blue Jackets,Vancouver Canucks,4,3,OT
2016-12-19,New York Islanders,Ottawa Senators,Ottawa Senators,New York Islanders,6,2,REG
2016-12-19,Chicago Blackhawks,San Jose Sharks,Chicago Blackhawks,San Jose Sharks,4,1,REG
2016-12-19,New York Rangers,New Jersey Devils,New York Rangers,New Jersey Devils,3,2,SO
2016-12-20,Philadelphia Flyers,Nashville Predators,Nashville Predators,Philadelphia Flyers,2,1,SO
2016-12-20,Toronto Maple Leafs,Anaheim Ducks,Anaheim Ducks,Toronto Maple Leafs,3,2,REG
2016-12-20,St. Louis Blues,Edmonton Oilers,Edmonton Oilers,St. Louis Blues,3,2,OT
2016-12-20,Arizona Coyotes,Calgary Flames,Calgary Flames,Arizona Coyotes,4,2,REG
2016-12-21,Boston Bruins,New York Islanders,New York Islanders,Boston Bruins,4,2,REG
2016-12-21,New Jersey Devils,Nashville Predators,Nashville Predators,New Jersey Devils,5,1,REG
2016-12-21,Pittsburgh Penguins,New York Rangers,Pittsburgh Penguins,New York Rangers,6,2,REG
2016-12-21,Columbus Blue Jackets,Los Angeles Kings,Columbus Blue Jackets,Los Angeles Kings,3,2,SO
2016-12-21,Montreal Canadiens,Anaheim Ducks,Montreal Canadiens,Anaheim Ducks,5,1,REG
2016-12-21,Tampa Bay Lightning,Detroit Red Wings,Tampa Bay Lightning,Detroit Red Wings,4,1,REG
2016-12-21,Florida Panthers,Buffalo Sabres,Florida Panthers,Buffalo Sabres,4,3,SO
2016-12-21,Minnesota Wild,Colorado Avalanche,Minnesota Wild,Colorado Avalanche,2,0,REG
2016-12-21,Chicago Blackhawks,Ottawa Senators,Ottawa Senators,Chicago Blackhawks,4,3,REG
2016-12-21,Dallas Stars,St. Louis Blues,St. Louis Blues,Dallas Stars,3,2,OT
2016-12-21,Vancouver Canucks,Winnipeg Jets,Vancouver Canucks,Winnipeg Jets,4,1,REG
2016-12-21,San Jose Sharks,Calgary Flames,San Jose Sharks,Calgary Flames,4,1,REG
2016-12-22,Philadelphia Flyers,Washington Capitals,Philadelphia Flyers,Washington Capitals,3,2,SO
2016-12-22,Arizona Coyotes,Edmonton Oilers,Edmonton Oilers,Arizona Coyotes,3,2,REG
2016-12-23,Buffalo Sabres,Carolina Hurricanes,Carolina Hurricanes,Buffalo Sabres,3,1,REG
2016-12-23,New Jersey Devils,Philadelphia Flyers,New Jersey Devils,Philadelphia Flyers,4,0,REG
2016-12-23,Columbus Blue Jackets,Pittsburgh Penguins,Columbus Blue Jackets,Pittsburgh Penguins,5,1,REG
2016-12-23,Montreal Canadiens,Minnesota Wild,Minnesota Wild,Montreal Canadiens,4,2,REG
2016-12-23,Ottawa Senators,Anaheim Ducks,Ottawa Senators,Anaheim Ducks,2,1,OT
2016-12-23,Tampa Bay Lightning,St. Louis Blues,Tampa Bay Lightning,St. Louis Blues,5,2,REG
2016-12-23,Florida Panthers,Boston Bruins,Boston Bruins,Florida Panthers,3,1,REG
2016-12-23,Nashville Predators,Los Angeles Kings,Los Angeles Kings,Nashville Predators,4,0,REG
2016-12-23,Colorado Avalanche,Toronto Maple Leafs,Toronto Maple Leafs,Colorado Avalanche,4,0,REG
2016-12-23,Vancouver Canucks,Winnipeg Jets,Winnipeg Jets,Vancouver Canucks,4,1,REG
2016-12-24,New York Islanders,Buffalo Sabres,New York Islanders,Buffalo Sabres,5,1,REG
2016-12-24,New York Rangers,Minnesota Wild,Minnesota Wild,New York Rangers,7,4,REG
2016-12-24,Pittsburgh Penguins,New Jersey Devils,Pittsburgh Penguins,New Jersey Devils,4,1,REG
2016-12-24,Washington Capitals,Tampa Bay Lightning,Washington Capitals,Tampa Bay Lightning,4,0,REG
2016-12-24,Columbus Blue Jackets,Montreal Canadiens,Columbus Blue Jackets,Montreal Canadiens,2,1,REG
2016-12-24,Florida Panthers,Detroit Red Wings,Detroit Red Wings,Florida Panthers,4,3,SO
2016-12-24,Carolina Hurricanes,Boston Bruins,Carolina Hurricanes,Boston Bruins,3,2,OT
2016-12-24,Chicago Blackhawks,Colorado Avalanche,Colorado Avalanche,Chicago Blackhawks,2,1,OT
2016-12-24,Dallas Stars,Los Angeles Kings,Dallas Stars,Los Angeles Kings,3,2,OT
2016-12-24,Calgary Flames,Vancouver Canucks,Calgary Flames,Vancouver Canucks,4,1,REG
2016-12-24,Arizona Coyotes,Toronto Maple Leafs,Toronto Maple Leafs,Arizona Coyotes,4,1,REG
2016-12-24,San Jose Sharks,Edmonton Oilers,San Jose Sharks,Edmonton Oilers,3,2,OT
2016-12-28,New Jersey Devils,Pittsburgh Penguins,Pittsburgh Penguins,New Jersey Devils,5,2,REG
2016-12-28,New York Islanders,Washington Capitals,New York Islanders,Washington Capitals,4,3,REG
2016-12-28,New York Rangers,Ottawa Senators,New York Rangers,Ottawa Senators,4,3,REG
2016-12-28,Columbus Blue Jackets,Boston Bruins,Columbus Blue Jackets,Boston Bruins,4,3,REG
2016-12-28,Detroit Red Wings,Buffalo Sabres,Buffalo Sabres,Detroit Red Wings,4,3,REG
2016-12-28,Nashville Predators,Minnesota Wild,Minnesota Wild,Nashville Predators,3,2,OT
2016-12-28,Chicago Blackhawks,Winnipeg Jets,Winnipeg Jets,Chicago Blackhawks,3,1,REG
2016-12-28,Colorado Avalanche,Calgary Flames,Calgary Flames,Colorado Avalanche,6,3,REG
2016-12-28,Arizona Coyotes,Dallas Stars,Dallas Stars,Arizona Coyotes,3,2,REG
2016-12-28,Anaheim Ducks,San Jose Sharks,San Jose Sharks,Anaheim Ducks,3,2,OT
2016-12-29,Florida Panthers,Toronto Maple Leafs,Toronto Maple Leafs,Florida Panthers,3,2,SO
2016-12-29,Pittsburgh Penguins,Carolina Hurricanes,Pittsburgh Penguins,Carolina Hurricanes,3,2,REG
2016-12-29,Tampa Bay Lightning,Montreal Canadiens,Tampa Bay Lightning,Montreal Canadiens,4,3,OT
2016-12-29,St. Louis Blues,Philadelphia Flyers,St. Louis Blues,Philadelphia Flyers,6,3,REG
2016-12-29,Vancouver Canucks,Los Angeles Kings,Vancouver Canucks,Los Angeles Kings,2,1,REG
2016-12-30,Buffalo Sabres,Boston Bruins,Boston Bruins,Buffalo Sabres,4,2,REG
2016-12-30,Washington Capitals,New Jersey Devils,New Jersey Devils,Washington Capitals,2,1,SO
2016-12-30,Tampa Bay Lightning,Toronto Maple Leafs,Toronto Maple Leafs,Tampa Bay Lightning,3,2,OT
2016-12-30,Florida Panthers,Montreal Canadiens,Montreal Canadiens,Florida Panthers,3,2,OT
2016-12-30,Ottawa Senators,Detroit Red Wings,Detroit Red Wings,Ottawa Senators,3,2,OT
2016-12-30,Nashville Predators,Chicago Blackhawks,Chicago Blackhawks,Nashville Predators,3,2,REG
2016-12-30,Minnesota Wild,New York Islanders,Minnesota Wild,New York Islanders,6,4,REG
2016-12-30,Winnipeg Jets,Columbus Blue Jackets,Columbus Blue Jackets,Winnipeg Jets,5,3,REG
2016-12-30,Dallas Stars,Colorado Avalanche,Dallas Stars,Colorado Avalanche,4,2,REG
2016-12-30,Calgary Flames,Anaheim Ducks,Anaheim Ducks,Calgary Flames,3,1,REG
2016-12-30,Edmonton Oilers,Los Angeles Kings,Edmonton Oilers,Los Angeles Kings,3,1,REG
2016-12-30,Arizona Coyotes,New York Rangers,New York Rangers,Arizona Coyotes,6,3,REG
2016-12-31,Carolina Hurricanes,Chicago Blackhawks,Carolina Hurricanes,Chicago Blackhawks,3,2,REG
2016-12-31,St. Louis Blues,Nashville Predators,Nashville Predators,St. Louis Blues,4,0,REG
2016-12-31,Vancouver Canucks,Anaheim Ducks,Vancouver Canucks,Anaheim Ducks,3,2,OT
2016-12-31,San Jose Sharks,Philadelphia Flyers,San Jose Sharks,Philadelphia Flyers,2,0,REG
2016-12-31,Boston Bruins,Buffalo Sabres,Boston Bruins,Buffalo Sabres,3,1,REG
2016-12-31,New Jersey Devils,Washington Capitals,Washington Capitals,New Jersey Devils,6,2,REG
2016-12-31,Minnesota Wild,Columbus Blue Jackets,Columbus Blue Jackets,Minnesota Wild,4,2,REG
2017-01-01,Tampa Bay Lightning,Carolina Hurricanes,Tampa Bay Lightning,Carolina Hurricanes,3,1,REG
2017-01-01,Pittsburgh Penguins,Montreal Canadiens,Pittsburgh Penguins,Montreal Canadiens,4,3,OT
2017-01-01,Winnipeg Jets,New York Islanders,New York Islanders,Winnipeg Jets,6,2,REG
2017-01-01,Dallas Stars,Florida Panthers,Florida Panthers,Dallas Stars,3,1,REG
2017-01-01,Colorado Avalanche,New York Rangers,New York Rangers,Colorado Avalanche,6,2,REG
2017-01-01,Calgary Flames,Arizona Coyotes,Calgary Flames,Arizona Coyotes,4,2,REG
2017-01-01,Edmonton Oilers,Vancouver Canucks,Vancouver Canucks,Edmonton Oilers,3,2,SO
2017-01-01,Los Angeles Kings,San Jose Sharks,Los Angeles Kings,San Jose Sharks,3,2,REG
2017-01-01,Toronto Maple Leafs,Detroit Red Wings,Toronto Maple Leafs,Detroit Red Wings,5,4,OT
2017-01-02,Washington Capitals,Ottawa Senators,Washington Capitals,Ottawa Senators,2,1,REG
2017-01-02,Anaheim Ducks,Philadelphia Flyers,Anaheim Ducks,Philadelphia Flyers,4,3,SO
2017-01-02,St. Louis Blues,Chicago Blackhawks,St. Louis Blues,Chicago Blackhawks,4,1,REG
2017-01-03,New Jersey Devils,Boston Bruins,New Jersey Devils,Boston Bruins,3,0,REG
2017-01-03,Vancouver Canucks,Colorado Avalanche,Vancouver Canucks,Colorado Avalanche,3,2,REG
2017-01-04,New York Rangers,Buffalo Sabres,Buffalo Sabres,New York Rangers,4,1,REG
2017-01-04,Washington Capitals,Toronto Maple Leafs,Washington Capitals,Toronto Maple Leafs,6,5,OT
2017-01-04,Carolina Hurricanes,New Jersey Devils,New Jersey Devils,Carolina Hurricanes,3,1,REG
2017-01-04,Columbus Blue Jackets,Edmonton Oilers,Columbus Blue Jackets,Edmonton Oilers,3,1,REG
2017-01-04,Tampa Bay Lightning,Winnipeg Jets,Winnipeg Jets,Tampa Bay Lightning,6,4,REG
2017-01-04,Nashville Predators,Montreal Canadiens,Montreal Canadiens,Nashville Predators,2,1,OT
2017-01-04,San Jose Sharks,Los Angeles Kings,Los Angeles Kings,San Jose Sharks,2,1,OT
2017-01-05,Florida Panthers,Winnipeg Jets,Winnipeg Jets,Florida Panthers,4,1,REG
2017-01-05,Philadelphia Flyers,New York Rangers,New York Rangers,Philadelphia Flyers,5,2,REG
2017-01-05,Dallas Stars,Montreal Canadiens,Montreal Canadiens,Dallas Stars,4,3,OT
2017-01-05,Calgary Flames,Colorado Avalanche,Calgary Flames,Colorado Avalanche,4,1,REG
2017-01-05,Vancouver Canucks,Arizona Coyotes,Vancouver Canucks,Arizona Coyotes,3,0,REG
2017-01-05,Anaheim Ducks,Detroit Red Wings,Anaheim Ducks,Detroit Red Wings,2,0,REG
2017-01-06,Boston Bruins,Edmonton Oilers,Edmonton Oilers,Boston Bruins,4,3,REG
2017-01-06,Washington Capitals,Columbus Blue Jackets,Washington Capitals,Columbus Blue Jackets,4,0,REG
2017-01-06,Tampa Bay Lightning,Nashville Predators,Nashville Predators,Tampa Bay Lightning,5,1,REG
2017-01-06,St. Louis Blues,Carolina Hurricanes,Carolina Hurricanes,St. Louis Blues,4,2,REG
2017-01-06,Chicago Blackhawks,Buffalo Sabres,Chicago Blackhawks,Buffalo Sabres,4,3,OT
2017-01-06,Los Angeles Kings,Detroit Red Wings,Detroit Red Wings,Los Angeles Kings,4,0,REG
2017-01-06,San Jose Sharks,Minnesota Wild,Minnesota Wild,San Jose Sharks,5,4,REG
2017-01-07,Florida Panthers,Nashville Predators,Florida Panthers,Nashville Predators,2,1,REG
2017-01-07,New Jersey Devils,Toronto Maple Leafs,Toronto Maple Leafs,New Jersey Devils,4,2,REG
2017-01-07,Chicago Blackhawks,Carolina Hurricanes,Chicago Blackhawks,Carolina Hurricanes,2,1,REG
2017-01-07,Colorado Avalanche,New York Islanders,Colorado Avalanche,New York Islanders,2,1,OT
2017-01-07,Vancouver Canucks,Calgary Flames,Vancouver Canucks,Calgary Flames,4,2,REG
2017-01-07,Anaheim Ducks,Arizona Coyotes,Anaheim Ducks,Arizona Coyotes,3,2,OT
2017-01-07,Buffalo Sabres,Winnipeg Jets,Buffalo Sabres,Winnipeg Jets,4,3,REG
2017-01-07,Philadelphia Flyers,Tampa Bay Lightning,Philadelphia Flyers,Tampa Bay Lightning,4,2,REG
2017-01-07,Los Angeles Kings,Minnesota Wild,Los Angeles Kings,Minnesota Wild,4,3,OT
2017-01-08,Toronto Maple Leafs,Montreal Canadiens,Montreal Canadiens,Toronto Maple Leafs,5,3,REG
2017-01-08,Florida Panthers,Boston Bruins,Boston Bruins,Florida Panthers,4,0,REG
2017-01-08,New Jersey Devils,Edmonton Oilers,Edmonton Oilers,New Jersey Devils,2,1,OT
2017-01-08,Columbus Blue Jackets,New York Rangers,New York Rangers,Columbus Blue Jackets,5,4,REG
2017-01-08,St. Louis Blues,Dallas Stars,St. Louis Blues,Dallas Stars,4,3,REG
2017-01-08,Arizona Coyotes,New York Islanders,Arizona Coyotes,New York Islanders,2,1,SO
2017-01-08,Calgary Flames,Vancouver Canucks,Calgary Flames,Vancouver Canucks,3,1,REG
2017-01-08,San Jose Sharks,Detroit Red Wings,San Jose Sharks,Detroit Red Wings,6,3,REG
2017-01-08,Pittsburgh Penguins,Tampa Bay Lightning,Pittsburgh Penguins,Tampa Bay Lightning,6,2,REG
2017-01-08,Carolina Hurricanes,Boston Bruins,Carolina Hurricanes,Boston Bruins,4,3,OT
2017-01-08,Columbus Blue Jackets,Philadelphia Flyers,Columbus Blue Jackets,Philadelphia Flyers,2,1,OT
2017-01-09,Ottawa Senators,Edmonton Oilers,Ottawa Senators,Edmonton Oilers,5,3,REG
2017-01-09,Chicago Blackhawks,Nashville Predators,Chicago Blackhawks,Nashville Predators,5,2,REG
2017-01-09,Anaheim Ducks,Minnesota Wild,Minnesota Wild,Anaheim Ducks,2,1,REG
2017-01-10,New Jersey Devils,Florida Panthers,Florida Panthers,New Jersey Devils,3,0,REG
2017-01-10,Montreal Canadiens,Washington Capitals,Washington Capitals,Montreal Canadiens,4,1,REG
2017-01-10,Winnipeg Jets,Calgary Flames,Winnipeg Jets,Calgary Flames,2,0,REG
2017-01-10,Los Angeles Kings,Dallas Stars,Dallas Stars,Los Angeles Kings,6,4,REG
2017-01-11,Buffalo Sabres,Philadelphia Flyers,Buffalo Sabres,Philadelphia Flyers,4,1,REG
2017-01-11,Carolina Hurricanes,Columbus Blue Jackets,Carolina Hurricanes,Columbus Blue Jackets,5,3,REG
2017-01-11,St. Louis Blues,Boston Bruins,Boston Bruins,St. Louis Blues,5,3,REG
2017-01-11,Nashville Predators,Vancouver Canucks,Nashville Predators,Vancouver Canucks,2,1,OT
2017-01-11,Chicago Blackhawks,Detroit Red Wings,Chicago Blackhawks,Detroit Red Wings,4,3,OT
2017-01-11,Edmonton Oilers,San Jose Sharks,San Jose Sharks,Edmonton Oilers,5,3,REG
2017-01-11,Anaheim Ducks,Dallas Stars,Anaheim Ducks,Dallas Stars,2,0,REG
2017-01-12,New York Islanders,Florida Panthers,Florida Panthers,New York Islanders,2,1,REG
2017-01-12,Winnipeg Jets,Montreal Canadiens,Montreal Canadiens,Winnipeg Jets,7,4,REG
2017-01-12,Washington Capitals,Pittsburgh Penguins,Washington Capitals,Pittsburgh Penguins,5,2,REG
2017-01-12,Calgary Flames,San Jose Sharks,Calgary Flames,San Jose Sharks,3,2,REG
2017-01-13,Philadelphia Flyers,Vancouver Canucks,Philadelphia Flyers,Vancouver Canucks,5,4,SO
2017-01-13,Ottawa Senators,Pittsburgh Penguins,Ottawa Senators,Pittsburgh Penguins,4,1,REG
2017-01-13,Tampa Bay Lightning,Buffalo Sabres,Tampa Bay Lightning,Buffalo Sabres,4,2,REG
2017-01-13,Nashville Predators,Boston Bruins,Nashville Predators,Boston Bruins,2,1,REG
2017-01-13,Minnesota Wild,Montreal Canadiens,Minnesota Wild,Montreal Canadiens,5,1,REG
2017-01-13,Dallas Stars,Detroit Red Wings,Dallas Stars,Detroit Red Wings,5,2,REG
2017-01-13,Colorado Avalanche,Anaheim Ducks,Anaheim Ducks,Colorado Avalanche,4,1,REG
2017-01-13,Edmonton Oilers,New Jersey Devils,Edmonton Oilers,New Jersey Devils,3,2,OT
2017-01-13,Los Angeles Kings,St. Louis Blues,Los Angeles Kings,St. Louis Blues,5,1,REG
2017-01-14,New York Rangers,Toronto Maple Leafs,Toronto Maple Leafs,New York Rangers,4,2,REG
2017-01-14,Washington Capitals,Chicago Blackhawks,Washington Capitals,Chicago Blackhawks,4,0,REG
2017-01-14,Florida Panthers,New York Islanders,New York Islanders,Florida Panthers,5,2,REG
2017-01-14,Carolina Hurricanes,Buffalo Sabres,Carolina Hurricanes,Buffalo Sabres,5,2,REG
2017-01-14,Tampa Bay Lightning,Columbus Blue Jackets,Columbus Blue Jackets,Tampa Bay Lightning,3,1,REG
2017-01-14,Calgary Flames,New Jersey Devils,New Jersey Devils,Calgary Flames,2,1,REG
2017-01-14,Arizona Coyotes,Winnipeg Jets,Arizona Coyotes,Winnipeg Jets,4,3,REG
2017-01-14,Boston Bruins,Philadelphia Flyers,Boston Bruins,Philadelphia Flyers,6,3,REG
2017-01-14,Colorado Avalanche,Nashville Predators,Nashville Predators,Colorado Avalanche,3,2,REG
2017-01-15,Montreal Canadiens,New York Rangers,Montreal Canadiens,New York Rangers,5,4,REG
2017-01-15,Ottawa Senators,Toronto Maple Leafs,Toronto Maple Leafs,Ottawa Senators,4,2,REG
2017-01-15,Detroit Red Wings,Pittsburgh Penguins,Detroit Red Wings,Pittsburgh Penguins,6,3,REG
2017-01-15,Florida Panthers,Columbus Blue Jackets,Florida Panthers,Columbus Blue Jackets,4,3,REG
2017-01-15,Carolina Hurricanes,New York Islanders,Carolina Hurricanes,New York Islanders,7,4,REG
2017-01-15,Arizona Coyotes,Anaheim Ducks,Anaheim Ducks,Arizona Coyotes,3,0,REG
2017-01-15,Dallas Stars,Minnesota Wild,Minnesota Wild,Dallas Stars,5,4,REG
2017-01-15,Edmonton Oilers,Calgary Flames,Edmonton Oilers,Calgary Flames,2,1,SO
2017-01-15,Los Angeles Kings,Winnipeg Jets,Los Angeles Kings,Winnipeg Jets,3,2,OT
2017-01-15,San Jose Sharks,St. Louis Blues,St. Louis Blues,San Jose Sharks,4,0,REG
2017-01-15,Washington Capitals,Philadelphia Flyers,Washington Capitals,Philadelphia Flyers,4,0,REG
2017-01-16,Chicago Blackhawks,Minnesota Wild,Minnesota Wild,Chicago Blackhawks,3,2,REG
2017-01-16,Vancouver Canucks,New Jersey Devils,New Jersey Devils,Vancouver Canucks,2,1,OT
2017-01-16,Anaheim Ducks,St. Louis Blues,St. Louis Blues,Anaheim Ducks,2,1,OT
2017-01-16,Boston Bruins,New York Islanders,New York Islanders,Boston Bruins,4,0,REG
2017-01-16,Buffalo Sabres,Dallas Stars,Buffalo Sabres,Dallas Stars,4,1,REG
2017-01-16,Los Angeles Kings,Tampa Bay Lightning,Tampa Bay Lightning,Los Angeles Kings,2,1,REG
2017-01-16,San Jose Sharks,Winnipeg Jets,San Jose Sharks,Winnipeg Jets,5,2,REG
2017-01-17,Pittsburgh Penguins,Washington Capitals,Pittsburgh Penguins,Washington Capitals,8,7,OT
2017-01-17,Edmonton Oilers,Arizona Coyotes,Edmonton Oilers,Arizona Coyotes,3,1,REG
2017-01-18,New York Rangers,Dallas Stars,Dallas Stars,New York Rangers,7,6,REG
2017-01-18,Columbus Blue Jackets,Carolina Hurricanes,Columbus Blue Jackets,Carolina Hurricanes,4,1,REG
2017-01-18,Toronto Maple Leafs,Buffalo Sabres,Toronto Maple Leafs,Buffalo Sabres,4,3,REG
2017-01-18,St. Louis Blues,Ottawa Senators,Ottawa Senators,St. Louis Blues,6,4,REG
2017-01-18,Minnesota Wild,New Jersey Devils,New Jersey Devils,Minnesota Wild,4,3,REG
2017-01-18,Colorado Avalanche,Chicago Blackhawks,Chicago Blackhawks,Colorado Avalanche,6,4,REG
2017-01-18,Calgary Flames,Florida Panthers,Calgary Flames,Florida Panthers,5,2,REG
2017-01-18,Anaheim Ducks,Tampa Bay Lightning,Anaheim Ducks,Tampa Bay Lightning,2,1,OT
2017-01-19,Montreal Canadiens,Pittsburgh Penguins,Pittsburgh Penguins,Montreal Canadiens,4,1,REG
2017-01-19,Winnipeg Jets,Arizona Coyotes,Winnipeg Jets,Arizona Coyotes,6,3,REG
2017-01-19,Detroit Red Wings,Boston Bruins,Detroit Red Wings,Boston Bruins,6,5,SO
2017-01-19,Edmonton Oilers,Florida Panthers,Edmonton Oilers,Florida Panthers,4,3,OT
2017-01-19,Los Angeles Kings,San Jose Sharks,San Jose Sharks,Los Angeles Kings,3,2,REG
2017-01-20,New York Islanders,Dallas Stars,New York Islanders,Dallas Stars,3,0,REG
2017-01-20,Columbus Blue Jackets,Ottawa Senators,Ottawa Senators,Columbus Blue Jackets,2,0,REG
2017-01-20,Toronto Maple Leafs,New York Rangers,New York Rangers,Toronto Maple Leafs,5,2,REG
2017-01-20,St. Louis Blues,Washington Capitals,Washington Capitals,St. Louis Blues,7,3,REG
2017-01-20,Minnesota Wild,Arizona Coyotes,Minnesota Wild,Arizona Coyotes,4,3,REG
2017-01-20,Calgary Flames,Nashville Predators,Nashville Predators,Calgary Flames,4,3,REG
2017-01-20,Anaheim Ducks,Colorado Avalanche,Anaheim Ducks,Colorado Avalanche,2,1,REG
2017-01-20,San Jose Sharks,Tampa Bay Lightning,San Jose Sharks,Tampa Bay Lightning,2,1,REG
2017-01-21,Buffalo Sabres,Detroit Red Wings,Buffalo Sabres,Detroit Red Wings,3,2,OT
2017-01-21,Carolina Hurricanes,Pittsburgh Penguins,Pittsburgh Penguins,Carolina Hurricanes,5,1,REG
2017-01-21,New Jersey Devils,Montreal Canadiens,Montreal Canadiens,New Jersey Devils,3,1,REG
2017-01-21,Edmonton Oilers,Nashville Predators,Nashville Predators,Edmonton Oilers,3,2,SO
2017-01-21,Vancouver Canucks,Florida Panthers,Vancouver Canucks,Florida Panthers,2,1,REG
2017-01-21,Winnipeg Jets,St. Louis Blues,Winnipeg Jets,St. Louis Blues,5,3,REG
2017-01-21,Columbus Blue Jackets,Carolina Hurricanes,Columbus Blue Jackets,Carolina Hurricanes,3,2,REG
2017-01-22,Toronto Maple Leafs,Ottawa Senators,Ottawa Senators,Toronto Maple Leafs,3,2,SO
2017-01-22,Montreal Canadiens,Buffalo Sabres,Buffalo Sabres,Montreal Canadiens,3,2,OT
2017-01-22,New York Islanders,Los Angeles Kings,New York Islanders,Los Angeles Kings,4,2,REG
2017-01-22,Philadelphia Flyers,New Jersey Devils,New Jersey Devils,Philadelphia Flyers,4,1,REG
2017-01-22,Dallas Stars,Washington Capitals,Washington Capitals,Dallas Stars,4,3,OT
2017-01-22,Arizona Coyotes,Tampa Bay Lightning,Arizona Coyotes,Tampa Bay Lightning,5,3,REG
2017-01-22,Minnesota Wild,Anaheim Ducks,Minnesota Wild,Anaheim Ducks,5,3,REG
2017-01-22,Calgary Flames,Edmonton Oilers,Edmonton Oilers,Calgary Flames,7,3,REG
2017-01-22,San Jose Sharks,Colorado Avalanche,San Jose Sharks,Colorado Avalanche,3,2,OT
2017-01-22,Pittsburgh Penguins,Boston Bruins,Pittsburgh Penguins,Boston Bruins,5,1,REG
2017-01-22,Ottawa Senators,Columbus Blue Jackets,Columbus Blue Jackets,Ottawa Senators,7,6,OT
2017-01-22,New York Islanders,Philadelphia Flyers,Philadelphia Flyers,New York Islanders,3,2,OT
2017-01-23,Chicago Blackhawks,Vancouver Canucks,Chicago Blackhawks,Vancouver Canucks,4,2,REG
2017-01-23,Minnesota Wild,Nashville Predators,Nashville Predators,Minnesota Wild,4,2,REG
2017-01-24,New York Rangers,Los Angeles Kings,New York Rangers,Los Angeles Kings,3,2,REG
2017-01-24,Washington Capitals,Carolina Hurricanes,Washington Capitals,Carolina Hurricanes,5,1,REG
2017-01-24,Toronto Maple Leafs,Calgary Flames,Toronto Maple Leafs,Calgary Flames,4,0,REG
2017-01-24,Winnipeg Jets,Anaheim Ducks,Anaheim Ducks,Winnipeg Jets,3,2,REG
2017-01-24,Colorado Avalanche,San Jose Sharks,San Jose Sharks,Colorado Avalanche,5,2,REG
2017-01-24,Arizona Coyotes,Florida Panthers,Arizona Coyotes,Florida Panthers,3,2,OT
2017-01-25,Boston Bruins,Detroit Red Wings,Boston Bruins,Detroit Red Wings,4,3,OT
2017-01-25,New Jersey Devils,Los Angeles Kings,Los Angeles Kings,New Jersey Devils,3,1,REG
2017-01-25,New York Islanders,Columbus Blue Jackets,New York Islanders,Columbus Blue Jackets,4,2,REG
2017-01-25,Pittsburgh Penguins,St. Louis Blues,St. Louis Blues,Pittsburgh Penguins,3,0,REG
2017-01-25,Montreal Canadiens,Calgary Flames,Montreal Canadiens,Calgary Flames,5,1,REG
2017-01-25,Ottawa Senators,Washington Capitals,Ottawa Senators,Washington Capitals,3,0,REG
2017-01-25,Nashville Predators,Buffalo Sabres,Buffalo Sabres,Nashville Predators,5,4,OT
2017-01-25,Winnipeg Jets,San Jose Sharks,San Jose Sharks,Winnipeg Jets,4,3,REG
2017-01-25,Chicago Blackhawks,Tampa Bay Lightning,Tampa Bay Lightning,Chicago Blackhawks,5,2,REG
2017-01-25,Dallas Stars,Minnesota Wild,Minnesota Wild,Dallas Stars,3,2,SO
2017-01-26,Detroit Red Wings,Toronto Maple Leafs,Toronto Maple Leafs,Detroit Red Wings,4,0,REG
2017-01-26,New York Rangers,Philadelphia Flyers,Philadelphia Flyers,New York Rangers,2,0,REG
2017-01-26,Colorado Avalanche,Vancouver Canucks,Vancouver Canucks,Colorado Avalanche,3,2,REG
2017-01-26,Anaheim Ducks,Edmonton Oilers,Edmonton Oilers,Anaheim Ducks,4,0,REG
2017-01-27,Boston Bruins,Pittsburgh Penguins,Boston Bruins,Pittsburgh Penguins,4,3,REG
2017-01-27,New Jersey Devils,Washington Capitals,Washington Capitals,New Jersey Devils,5,2,REG
2017-01-27,New York Islanders,Montreal Canadiens,New York Islanders,Montreal Canadiens,3,1,REG
2017-01-27,Philadelphia Flyers,Toronto Maple Leafs,Philadelphia Flyers,Toronto Maple Leafs,2,1,REG
2017-01-27,Carolina Hurricanes,Los Angeles Kings,Los Angeles Kings,Carolina Hurricanes,3,0,REG
2017-01-27,Ottawa Senators,Calgary Flames,Calgary Flames,Ottawa Senators,3,2,OT
2017-01-27,Florida Panthers,Tampa Bay Lightning,Florida Panthers,Tampa Bay Lightning,2,1,OT
2017-01-27,Nashville Predators,Columbus Blue Jackets,Nashville Predators,Columbus Blue Jackets,4,3,REG
2017-01-27,Minnesota Wild,St. Louis Blues,Minnesota Wild,St. Louis Blues,5,1,REG
2017-01-27,Chicago Blackhawks,Winnipeg Jets,Winnipeg Jets,Chicago Blackhawks,5,3,REG
2017-01-27,Dallas Stars,Buffalo Sabres,Dallas Stars,Buffalo Sabres,4,3,REG
2017-01-27,Arizona Coyotes,Vancouver Canucks,Arizona Coyotes,Vancouver Canucks,3,0,REG
2017-01-27,San Jose Sharks,Edmonton Oilers,Edmonton Oilers,San Jose Sharks,4,1,REG
2017-02-01,New York Islanders,Washington Capitals,New York Islanders,Washington Capitals,3,2,REG
2017-02-01,New York Rangers,Columbus Blue Jackets,Columbus Blue Jackets,New York Rangers,6,4,REG
2017-02-01,Pittsburgh Penguins,Nashville Predators,Pittsburgh Penguins,Nashville Predators,4,2,REG
2017-02-01,Carolina Hurricanes,Philadelphia Flyers,Carolina Hurricanes,Philadelphia Flyers,5,1,REG
2017-02-01,Montreal Canadiens,Buffalo Sabres,Montreal Canadiens,Buffalo Sabres,5,2,REG
2017-02-01,Detroit Red Wings,New Jersey Devils,New Jersey Devils,Detroit Red Wings,4,3,REG
2017-02-01,Tampa Bay Lightning,Boston Bruins,Boston Bruins,Tampa Bay Lightning,4,3,REG
2017-02-01,Florida Panthers,Ottawa Senators,Florida Panthers,Ottawa Senators,6,5,REG
2017-02-01,St. Louis Blues,Winnipeg Jets,Winnipeg Jets,St. Louis Blues,5,3,REG
2017-02-01,Dallas Stars,Toronto Maple Leafs,Dallas Stars,Toronto Maple Leafs,6,3,REG
2017-02-01,Edmonton Oilers,Minnesota Wild,Minnesota Wild,Edmonton Oilers,5,2,REG
2017-02-01,Arizona Coyotes,Los Angeles Kings,Los Angeles Kings,Arizona Coyotes,3,2,REG
2017-02-01,Anaheim Ducks,Colorado Avalanche,Anaheim Ducks,Colorado Avalanche,5,1,REG
2017-02-01,San Jose Sharks,Chicago Blackhawks,San Jose Sharks,Chicago Blackhawks,3,1,REG
2017-02-02,Washington Capitals,Boston Bruins,Washington Capitals,Boston Bruins,5,3,REG
2017-02-02,Calgary Flames,Minnesota Wild,Calgary Flames,Minnesota Wild,5,1,REG
2017-02-02,Los Angeles Kings,Colorado Avalanche,Los Angeles Kings,Colorado Avalanche,4,0,REG
2017-02-03,Philadelphia Flyers,Montreal Canadiens,Philadelphia Flyers,Montreal Canadiens,3,1,REG
2017-02-03,Buffalo Sabres,New York Rangers,New York Rangers,Buffalo Sabres,2,1,OT
2017-02-03,Tampa Bay Lightning,Ottawa Senators,Ottawa Senators,Tampa Bay Lightning,5,2,REG
2017-02-03,Nashville Predators,Edmonton Oilers,Nashville Predators,Edmonton Oilers,2,0,REG
2017-02-03,Dallas Stars,Winnipeg Jets,Winnipeg Jets,Dallas Stars,4,3,REG
2017-02-03,St. Louis Blues,Toronto Maple Leafs,St. Louis Blues,Toronto Maple Leafs,5,1,REG
2017-02-03,Arizona Coyotes,Chicago Blackhawks,Chicago Blackhawks,Arizona Coyotes,4,3,REG
2017-02-03,Vancouver Canucks,San Jose Sharks,San Jose Sharks,Vancouver Canucks,4,1,REG
2017-02-04,Pittsburgh Penguins,Columbus Blue Jackets,Pittsburgh Penguins,Columbus Blue Jackets,4,3,OT
2017-02-04,Detroit Red Wings,New York Islanders,Detroit Red Wings,New York Islanders,5,4,REG
2017-02-04,Florida Panthers,Anaheim Ducks,Florida Panthers,Anaheim Ducks,2,1,REG
2017-02-04,New Jersey Devils,Calgary Flames,Calgary Flames,New Jersey Devils,4,3,OT
2017-02-04,Carolina Hurricanes,Edmonton Oilers,Carolina Hurricanes,Edmonton Oilers,2,1,REG
2017-02-04,Montreal Canadiens,Washington Capitals,Washington Capitals,Montreal Canadiens,3,2,REG
2017-02-04,Colorado Avalanche,Winnipeg Jets,Colorado Avalanche,Winnipeg Jets,5,2,REG
2017-02-05,Boston Bruins,Toronto Maple Leafs,Toronto Maple Leafs,Boston Bruins,6,5,REG
2017-02-05,Buffalo Sabres,Ottawa Senators,Buffalo Sabres,Ottawa Senators,4,0,REG
2017-02-05,Tampa Bay Lightning,Anaheim Ducks,Tampa Bay Lightning,Anaheim Ducks,3,2,SO
2017-02-05,New York Islanders,Carolina Hurricanes,Carolina Hurricanes,New York Islanders,5,4,OT
2017-02-05,Columbus Blue Jackets,New Jersey Devils,New Jersey Devils,Columbus Blue Jackets,5,1,REG
2017-02-05,St. Louis Blues,Pittsburgh Penguins,Pittsburgh Penguins,St. Louis Blues,4,1,REG
2017-02-05,Dallas Stars,Chicago Blackhawks,Chicago Blackhawks,Dallas Stars,5,3,REG
2017-02-05,Vancouver Canucks,Minnesota Wild,Minnesota Wild,Vancouver Canucks,6,3,REG
2017-02-05,San Jose Sharks,Arizona Coyotes,Arizona Coyotes,San Jose Sharks,3,2,SO
2017-02-05,Washington Capitals,Los Angeles Kings,Washington Capitals,Los Angeles Kings,4,0,REG
2017-02-05,New York Rangers,Calgary Flames,New York Rangers,Calgary Flames,4,3,REG
2017-02-07,New Jersey Devils,Buffalo Sabres,New Jersey Devils,Buffalo Sabres,2,1,REG
2017-02-07,New York Islanders,Toronto Maple Leafs,New York Islanders,Toronto Maple Leafs,6,5,OT
2017-02-07,Philadelphia Flyers,St. Louis Blues,St. Louis Blues,Philadelphia Flyers,2,0,REG
2017-02-08,Buffalo Sabres,San Jose Sharks,Buffalo Sabres,San Jose Sharks,5,4,OT
2017-02-08,New York Rangers,Anaheim Ducks,New York Rangers,Anaheim Ducks,4,1,REG
2017-02-08,Pittsburgh Penguins,Calgary Flames,Calgary Flames,Pittsburgh Penguins,3,2,SO
2017-02-08,Washington Capitals,Carolina Hurricanes,Washington Capitals,Carolina Hurricanes,4,0,REG
2017-02-08,Toronto Maple Leafs,Dallas Stars,Toronto Maple Leafs,Dallas Stars,3,1,REG
2017-02-08,Ottawa Senators,St. Louis Blues,St. Louis Blues,Ottawa Senators,4,0,REG
2017-02-08,Detroit Red Wings,Columbus Blue Jackets,Columbus Blue Jackets,Detroit Red Wings,3,2,OT
2017-02-08,Tampa Bay Lightning,Los Angeles Kings,Tampa Bay Lightning,Los Angeles Kings,4,0,REG
2017-02-08,Nashville Predators,Vancouver Canucks,Nashville Predators,Vancouver Canucks,4,2,REG
2017-02-08,Winnipeg Jets,Minnesota Wild,Minnesota Wild,Winnipeg Jets,4,2,REG
2017-02-08,Colorado Avalanche,Montreal Canadiens,Colorado Avalanche,Montreal Canadiens,4,0,REG
2017-02-09,Minnesota Wild,Chicago Blackhawks,Chicago Blackhawks,Minnesota Wild,4,3,OT
2017-02-10,Boston Bruins,San Jose Sharks,Boston Bruins,San Jose Sharks,6,3,REG
2017-02-10,Buffalo Sabres,Anaheim Ducks,Anaheim Ducks,Buffalo Sabres,5,2,REG
2017-02-10,New York Rangers,Nashville Predators,New York Rangers,Nashville Predators,4,3,REG
2017-02-10,Philadelphia Flyers,New York Islanders,New York Islanders,Philadelphia Flyers,3,1,REG
2017-02-10,Washington Capitals,Detroit Red Wings,Washington Capitals,Detroit Red Wings,6,3,REG
2017-02-10,Columbus Blue Jackets,Vancouver Canucks,Vancouver Canucks,Columbus Blue Jackets,3,0,REG
2017-02-10,Toronto Maple Leafs,St. Louis Blues,St. Louis Blues,Toronto Maple Leafs,2,1,OT
2017-02-10,Ottawa Senators,Dallas Stars,Ottawa Senators,Dallas Stars,3,2,REG
2017-02-10,Florida Panthers,Los Angeles Kings,Los Angeles Kings,Florida Panthers,6,3,REG
2017-02-10,Colorado Avalanche,Pittsburgh Penguins,Pittsburgh Penguins,Colorado Avalanche,4,1,REG
2017-02-10,Arizona Coyotes,Montreal Canadiens,Montreal Canadiens,Arizona Coyotes,5,4,OT
2017-02-11,Minnesota Wild,Tampa Bay Lightning,Minnesota Wild,Tampa Bay Lightning,2,1,SO
2017-02-11,Winnipeg Jets,Chicago Blackhawks,Chicago Blackhawks,Winnipeg Jets,5,2,REG
2017-02-11,Boston Bruins,Vancouver Canucks,Boston Bruins,Vancouver Canucks,4,3,REG
2017-02-11,Ottawa Senators,New York Islanders,Ottawa Senators,New York Islanders,3,0,REG
2017-02-11,Philadelphia Flyers,San Jose Sharks,Philadelphia Flyers,San Jose Sharks,2,1,OT
2017-02-11,Nashville Predators,Florida Panthers,Florida Panthers,Nashville Predators,7,4,REG
2017-02-11,Dallas Stars,Carolina Hurricanes,Dallas Stars,Carolina Hurricanes,5,2,REG
2017-02-11,Columbus Blue Jackets,Detroit Red Wings,Columbus Blue Jackets,Detroit Red Wings,2,1,REG
2017-02-12,Toronto Maple Leafs,Buffalo Sabres,Buffalo Sabres,Toronto Maple Leafs,3,1,REG
2017-02-12,Montreal Canadiens,St. Louis Blues,St. Louis Blues,Montreal Canadiens,4,2,REG
2017-02-12,New York Rangers,Colorado Avalanche,New York Rangers,Colorado Avalanche,4,2,REG
2017-02-12,Winnipeg Jets,Tampa Bay Lightning,Tampa Bay Lightning,Winnipeg Jets,4,1,REG
2017-02-12,Washington Capitals,Anaheim Ducks,Washington Capitals,Anaheim Ducks,6,4,REG
2017-02-12,Arizona Coyotes,Pittsburgh Penguins,Arizona Coyotes,Pittsburgh Penguins,4,3,OT
2017-02-12,Edmonton Oilers,Chicago Blackhawks,Chicago Blackhawks,Edmonton Oilers,5,1,REG
2017-02-12,New Jersey Devils,San Jose Sharks,San Jose Sharks,New Jersey Devils,4,1,REG
2017-02-12,Minnesota Wild,Detroit Red Wings,Minnesota Wild,Detroit Red Wings,6,3,REG
2017-02-12,New York Islanders,Colorado Avalanche,New York Islanders,Colorado Avalanche,5,1,REG
2017-02-12,Nashville Predators,Dallas Stars,Nashville Predators,Dallas Stars,5,3,REG
2017-02-13,Boston Bruins,Montreal Canadiens,Boston Bruins,Montreal Canadiens,4,0,REG
2017-02-13,Buffalo Sabres,Vancouver Canucks,Vancouver Canucks,Buffalo Sabres,4,2,REG
2017-02-14,Columbus Blue Jackets,New York Rangers,New York Rangers,Columbus Blue Jackets,3,2,REG
2017-02-14,Calgary Flames,Arizona Coyotes,Arizona Coyotes,Calgary Flames,4,0,REG
2017-02-15,New Jersey Devils,Colorado Avalanche,New Jersey Devils,Colorado Avalanche,3,2,REG
2017-02-15,Pittsburgh Penguins,Vancouver Canucks,Pittsburgh Penguins,Vancouver Canucks,4,0,REG
2017-02-15,Toronto Maple Leafs,New York Islanders,Toronto Maple Leafs,New York Islanders,5,1,REG
2017-02-15,Ottawa Senators,Buffalo Sabres,Buffalo Sabres,Ottawa Senators,3,2,REG
2017-02-15,Winnipeg Jets,Dallas Stars,Winnipeg Jets,Dallas Stars,5,2,REG
2017-02-15,Edmonton Oilers,Arizona Coyotes,Edmonton Oilers,Arizona Coyotes,5,2,REG
2017-02-16,Columbus Blue Jackets,Toronto Maple Leafs,Columbus Blue Jackets,Toronto Maple Leafs,5,2,REG
2017-02-16,Detroit Red Wings,St. Louis Blues,St. Louis Blues,Detroit Red Wings,2,0,REG
2017-02-16,Calgary Flames,Philadelphia Flyers,Calgary Flames,Philadelphia Flyers,3,1,REG
2017-02-16,San Jose Sharks,Florida Panthers,Florida Panthers,San Jose Sharks,6,5,OT
2017-02-17,New Jersey Devils,Ottawa Senators,Ottawa Senators,New Jersey Devils,3,0,REG
2017-02-17,New York Islanders,New York Rangers,New York Islanders,New York Rangers,4,2,REG
2017-02-17,Pittsburgh Penguins,Winnipeg Jets,Pittsburgh Penguins,Winnipeg Jets,4,3,OT
2017-02-17,Buffalo Sabres,Colorado Avalanche,Buffalo Sabres,Colorado Avalanche,2,0,REG
2017-02-17,St. Louis Blues,Vancouver Canucks,St. Louis Blues,Vancouver Canucks,4,3,REG
2017-02-17,Minnesota Wild,Dallas Stars,Minnesota Wild,Dallas Stars,3,1,REG
2017-02-17,Edmonton Oilers,Philadelphia Flyers,Edmonton Oilers,Philadelphia Flyers,6,3,REG
2017-02-17,Los Angeles Kings,Arizona Coyotes,Arizona Coyotes,Los Angeles Kings,5,3,REG
2017-02-18,Columbus Blue Jackets,Pittsburgh Penguins,Columbus Blue Jackets,Pittsburgh Penguins,2,1,OT
2017-02-18,Carolina Hurricanes,Colorado Avalanche,Colorado Avalanche,Carolina Hurricanes,2,1,OT
2017-02-18,Anaheim Ducks,Florida Panthers,Florida Panthers,Anaheim Ducks,4,1,REG
2017-02-18,Buffalo Sabres,St. Louis Blues,Buffalo Sabres,St. Louis Blues,3,2,REG
2017-02-18,Montreal Canadiens,Winnipeg Jets,Winnipeg Jets,Montreal Canadiens,3,1,REG
2017-02-18,Detroit Red Wings,Washington Capitals,Detroit Red Wings,Washington Capitals,3,2,SO
2017-02-19,Toronto Maple Leafs,Ottawa Senators,Ottawa Senators,Toronto Maple Leafs,6,3,REG
2017-02-19,New Jersey Devils,New York Islanders,New Jersey Devils,New York Islanders,3,2,REG
2017-02-19,Chicago Blackhawks,Edmonton Oilers,Edmonton Oilers,Chicago Blackhawks,3,1,REG
2017-02-19,Dallas Stars,Tampa Bay Lightning,Dallas Stars,Tampa Bay Lightning,4,3,OT
2017-02-19,Minnesota Wild,Nashville Predators,Minnesota Wild,Nashville Predators,5,2,REG
2017-02-19,Arizona Coyotes,San Jose Sharks,San Jose Sharks,Arizona Coyotes,4,1,REG
2017-02-19,Vancouver Canucks,Calgary Flames,Vancouver Canucks,Calgary Flames,2,1,OT
2017-02-19,Los Angeles Kings,Florida Panthers,Florida Panthers,Los Angeles Kings,3,2,REG
2017-02-19,New York Rangers,Washington Capitals,New York Rangers,Washington Capitals,2,1,REG
2017-02-19,Pittsburgh Penguins,Detroit Red Wings,Detroit Red Wings,Pittsburgh Penguins,5,2,REG
2017-02-19,Ottawa Senators,Winnipeg Jets,Winnipeg Jets,Ottawa Senators,3,2,REG
2017-02-19,Buffalo Sabres,Chicago Blackhawks,Chicago Blackhawks,Buffalo Sabres,5,1,REG
2017-02-19,New York Islanders,New Jersey Devils,New York Islanders,New Jersey Devils,6,4,REG
2017-02-19,Columbus Blue Jackets,Nashville Predators,Nashville Predators,Columbus Blue Jackets,4,3,REG
2017-02-20,Carolina Hurricanes,Toronto Maple Leafs,Toronto Maple Leafs,Carolina Hurricanes,4,0,REG
2017-02-20,Colorado Avalanche,Tampa Bay Lightning,Tampa Bay Lightning,Colorado Avalanche,3,2,OT
2017-02-20,San Jose Sharks,Boston Bruins,Boston Bruins,San Jose Sharks,2,1,OT
2017-02-20,Vancouver Canucks,Philadelphia Flyers,Philadelphia Flyers,Vancouver Canucks,3,2,REG
2017-02-21,St. Louis Blues,Florida Panthers,Florida Panthers,St. Louis Blues,2,1,REG
2017-02-21,Arizona Coyotes,Anaheim Ducks,Arizona Coyotes,Anaheim Ducks,3,2,REG
2017-02-22,New Jersey Devils,Ottawa Senators,Ottawa Senators,New Jersey Devils,2,1,REG
2017-02-22,New York Rangers,Montreal Canadiens,Montreal Canadiens,New York Rangers,3,2,SO
2017-02-22,Carolina Hurricanes,Pittsburgh Penguins,Pittsburgh Penguins,Carolina Hurricanes,3,1,REG
2017-02-22,Toronto Maple Leafs,Winnipeg Jets,Toronto Maple Leafs,Winnipeg Jets,5,4,OT
2017-02-22,Detroit Red Wings,New York Islanders,New York Islanders,Detroit Red Wings,3,1,REG
2017-02-22,Tampa Bay Lightning,Edmonton Oilers,Tampa Bay Lightning,Edmonton Oilers,4,1,REG
2017-02-22,Nashville Predators,Calgary Flames,Calgary Flames,Nashville Predators,6,5,OT
2017-02-22,Minnesota Wild,Chicago Blackhawks,Chicago Blackhawks,Minnesota Wild,5,3,REG
2017-02-22,Colorado Avalanche,Los Angeles Kings,Los Angeles Kings,Colorado Avalanche,2,1,REG
2017-02-23,Florida Panthers,Edmonton Oilers,Edmonton Oilers,Florida Panthers,4,3,REG
2017-02-23,Philadelphia Flyers,Washington Capitals,Washington Capitals,Philadelphia Flyers,4,1,REG
2017-02-23,Anaheim Ducks,Boston Bruins,Anaheim Ducks,Boston Bruins,5,3,REG
2017-02-24,Toronto Maple Leafs,New York Rangers,New York Rangers,Toronto Maple Leafs,2,1,SO
2017-02-24,Montreal Canadiens,New York Islanders,New York Islanders,Montreal Canadiens,3,0,REG
2017-02-24,Tampa Bay Lightning,Calgary Flames,Calgary Flames,Tampa Bay Lightning,3,2,REG
2017-02-24,Nashville Predators,Colorado Avalanche,Nashville Predators,Colorado Avalanche,4,2,REG
2017-02-24,Chicago Blackhawks,Arizona Coyotes,Chicago Blackhawks,Arizona Coyotes,6,3,REG
2017-02-24,Los Angeles Kings,Boston Bruins,Boston Bruins,Los Angeles Kings,4,1,REG
2017-02-25,Washington Capitals,Edmonton Oilers,Washington Capitals,Edmonton Oilers,2,1,REG
2017-02-25,Florida Panthers,Calgary Flames,Calgary Flames,Florida Panthers,4,2,REG
2017-02-25,Carolina Hurricanes,Ottawa Senators,Carolina Hurricanes,Ottawa Senators,3,0,REG
2017-02-25,Dallas Stars,Arizona Coyotes,Dallas Stars,Arizona Coyotes,5,2,REG
2017-02-25,Los Angeles Kings,Anaheim Ducks,Los Angeles Kings,Anaheim Ducks,4,1,REG
2017-02-25,New Jersey Devils,New York Rangers,New York Rangers,New Jersey Devils,4,3,OT
2017-02-25,Nashville Predators,Washington Capitals,Nashville Predators,Washington Capitals,5,2,REG
2017-02-25,Columbus Blue Jackets,New York Islanders,Columbus Blue Jackets,New York Islanders,4,0,REG
2017-02-26,Toronto Maple Leafs,Montreal Canadiens,Montreal Canadiens,Toronto Maple Leafs,3,2,OT
2017-02-26,Pittsburgh Penguins,Philadelphia Flyers,Pittsburgh Penguins,Philadelphia Flyers,4,2,REG
2017-02-26,Colorado Avalanche,Buffalo Sabres,Colorado Avalanche,Buffalo Sabres,5,3,REG
2017-02-26,Vancouver Canucks,San Jose Sharks,San Jose Sharks,Vancouver Canucks,4,1,REG
2017-02-26,Dallas Stars,Boston Bruins,Boston Bruins,Dallas Stars,6,3,REG
2017-02-26,Carolina Hurricanes,Calgary Flames,Calgary Flames,Carolina Hurricanes,3,1,REG
2017-02-26,New York Rangers,Columbus Blue Jackets,Columbus Blue Jackets,New York Rangers,5,2,REG
2017-02-26,Nashville Predators,Edmonton Oilers,Nashville Predators,Edmonton Oilers,5,4,REG
2017-02-27,Florida Panthers,Ottawa Senators,Ottawa Senators,Florida Panthers,2,1,REG
2017-02-27,Chicago Blackhawks,St. Louis Blues,Chicago Blackhawks,St. Louis Blues,4,2,REG
2017-02-27,Arizona Coyotes,Buffalo Sabres,Arizona Coyotes,Buffalo Sabres,3,2,REG
2017-02-28,New Jersey Devils,Montreal Canadiens,Montreal Canadiens,New Jersey Devils,4,3,OT
2017-02-28,Tampa Bay Lightning,Ottawa Senators,Tampa Bay Lightning,Ottawa Senators,5,1,REG
2017-02-28,Minnesota Wild,Los Angeles Kings,Minnesota Wild,Los Angeles Kings,5,4,OT
2017-03-01,Boston Bruins,Arizona Coyotes,Boston Bruins,Arizona Coyotes,4,1,REG
2017-03-01,Buffalo Sabres,Nashville Predators,Nashville Predators,Buffalo Sabres,5,4,OT
2017-03-01,New York Rangers,Washington Capitals,Washington Capitals,New York Rangers,4,1,REG
2017-03-01,Philadelphia Flyers,Colorado Avalanche,Philadelphia Flyers,Colorado Avalanche,4,0,REG
2017-03-01,Florida Panthers,Carolina Hurricanes,Florida Panthers,Carolina Hurricanes,3,2,SO
2017-03-01,St. Louis Blues,Edmonton Oilers,Edmonton Oilers,St. Louis Blues,2,1,REG
2017-03-01,Winnipeg Jets,Minnesota Wild,Minnesota Wild,Winnipeg Jets,6,5,REG
2017-03-01,Dallas Stars,Pittsburgh Penguins,Dallas Stars,Pittsburgh Penguins,3,2,REG
2017-03-01,Calgary Flames,Los Angeles Kings,Calgary Flames,Los Angeles Kings,2,1,OT
2017-03-01,Vancouver Canucks,Detroit Red Wings,Detroit Red Wings,Vancouver Canucks,3,2,OT
2017-03-01,San Jose Sharks,Toronto Maple Leafs,San Jose Sharks,Toronto Maple Leafs,3,1,REG
2017-03-02,Tampa Bay Lightning,Carolina Hurricanes,Tampa Bay Lightning,Carolina Hurricanes,4,3,OT
2017-03-02,Chicago Blackhawks,Pittsburgh Penguins,Chicago Blackhawks,Pittsburgh Penguins,4,1,REG
2017-03-03,Boston Bruins,New York Rangers,New York Rangers,Boston Bruins,2,1,REG
2017-03-03,Buffalo Sabres,Arizona Coyotes,Buffalo Sabres,Arizona Coyotes,6,3,REG
2017-03-03,Philadelphia Flyers,Florida Panthers,Philadelphia Flyers,Florida Panthers,2,1,SO
2017-03-03,Montreal Canadiens,Nashville Predators,Montreal Canadiens,Nashville Predators,2,1,REG
2017-03-03,Ottawa Senators,Colorado Avalanche,Ottawa Senators,Colorado Avalanche,2,1,REG
2017-03-03,Dallas Stars,New York Islanders,New York Islanders,Dallas Stars,5,4,REG
2017-03-03,Los Angeles Kings,Toronto Maple Leafs,Los Angeles Kings,Toronto Maple Leafs,3,2,SO
2017-03-03,San Jose Sharks,Vancouver Canucks,San Jose Sharks,Vancouver Canucks,3,1,REG
2017-03-04,Pittsburgh Penguins,Tampa Bay Lightning,Pittsburgh Penguins,Tampa Bay Lightning,5,2,REG
2017-03-04,Carolina Hurricanes,Arizona Coyotes,Arizona Coyotes,Carolina Hurricanes,4,2,REG
2017-03-04,Winnipeg Jets,St. Louis Blues,Winnipeg Jets,St. Louis Blues,3,0,REG
2017-03-04,Chicago Blackhawks,New York Islanders,Chicago Blackhawks,New York Islanders,2,1,SO
2017-03-04,Calgary Flames,Detroit Red Wings,Calgary Flames,Detroit Red Wings,3,2,OT
2017-03-04,Anaheim Ducks,Toronto Maple Leafs,Anaheim Ducks,Toronto Maple Leafs,5,2,REG
2017-03-05,Boston Bruins,New Jersey Devils,Boston Bruins,New Jersey Devils,3,2,REG
2017-03-05,Buffalo Sabres,Tampa Bay Lightning,Tampa Bay Lightning,Buffalo Sabres,2,1,SO
2017-03-05,Ottawa Senators,Columbus Blue Jackets,Ottawa Senators,Columbus Blue Jackets,3,2,REG
2017-03-05,Florida Panthers,Dallas Stars,Dallas Stars,Florida Panthers,2,1,REG
2017-03-05,New York Rangers,Montreal Canadiens,Montreal Canadiens,New York Rangers,4,1,REG
2017-03-05,Winnipeg Jets,Colorado Avalanche,Winnipeg Jets,Colorado Avalanche,5,1,REG
2017-03-05,Washington Capitals,Philadelphia Flyers,Washington Capitals,Philadelphia Flyers,2,1,OT
2017-03-05,Nashville Predators,Chicago Blackhawks,Chicago Blackhawks,Nashville Predators,5,3,REG
2017-03-05,Edmonton Oilers,Detroit Red Wings,Edmonton Oilers,Detroit Red Wings,4,3,REG
2017-03-05,Los Angeles Kings,Vancouver Canucks,Vancouver Canucks,Los Angeles Kings,4,3,REG
2017-03-05,Calgary Flames,New York Islanders,Calgary Flames,New York Islanders,5,2,REG
2017-03-05,New Jersey Devils,Columbus Blue Jackets,Columbus Blue Jackets,New Jersey Devils,3,0,REG
2017-03-05,Pittsburgh Penguins,Buffalo Sabres,Pittsburgh Penguins,Buffalo Sabres,4,3,REG
2017-03-05,Minnesota Wild,San Jose Sharks,Minnesota Wild,San Jose Sharks,3,1,REG
2017-03-06,Colorado Avalanche,St. Louis Blues,St. Louis Blues,Colorado Avalanche,3,0,REG
2017-03-06,Anaheim Ducks,Vancouver Canucks,Vancouver Canucks,Anaheim Ducks,2,1,REG
2017-03-06,Arizona Coyotes,Carolina Hurricanes,Carolina Hurricanes,Arizona Coyotes,2,1,REG
2017-03-07,Washington Capitals,Dallas Stars,Dallas Stars,Washington Capitals,4,2,REG
2017-03-07,Ottawa Senators,Boston Bruins,Ottawa Senators,Boston Bruins,4,2,REG
2017-03-07,Winnipeg Jets,San Jose Sharks,San Jose Sharks,Winnipeg Jets,3,2,REG
2017-03-08,Columbus Blue Jackets,New Jersey Devils,Columbus Blue Jackets,New Jersey Devils,2,0,REG
2017-03-08,Buffalo Sabres,Philadelphia Flyers,Philadelphia Flyers,Buffalo Sabres,6,3,REG
2017-03-08,Toronto Maple Leafs,Detroit Red Wings,Toronto Maple Leafs,Detroit Red Wings,3,2,REG
2017-03-08,Florida Panthers,New York Rangers,New York Rangers,Florida Panthers,5,2,REG
2017-03-08,Minnesota Wild,St. Louis Blues,St. Louis Blues,Minnesota Wild,2,1,REG
2017-03-08,Colorado Avalanche,Carolina Hurricanes,Colorado Avalanche,Carolina Hurricanes,3,1,REG
2017-03-08,Edmonton Oilers,New York Islanders,New York Islanders,Edmonton Oilers,4,1,REG
2017-03-08,Vancouver Canucks,Montreal Canadiens,Montreal Canadiens,Vancouver Canucks,2,1,OT
2017-03-08,Anaheim Ducks,Nashville Predators,Anaheim Ducks,Nashville Predators,4,3,SO
2017-03-09,Boston Bruins,Detroit Red Wings,Boston Bruins,Detroit Red Wings,5,1,REG
2017-03-09,Dallas Stars,Ottawa Senators,Ottawa Senators,Dallas Stars,5,2,REG
2017-03-09,Winnipeg Jets,Pittsburgh Penguins,Pittsburgh Penguins,Winnipeg Jets,7,4,REG
2017-03-10,Carolina Hurricanes,New York Rangers,Carolina Hurricanes,New York Rangers,4,3,REG
2017-03-10,Toronto Maple Leafs,Philadelphia Flyers,Toronto Maple Leafs,Philadelphia Flyers,4,2,REG
2017-03-10,Tampa Bay Lightning,Minnesota Wild,Tampa Bay Lightning,Minnesota Wild,4,1,REG
2017-03-10,Colorado Avalanche,New Jersey Devils,Colorado Avalanche,New Jersey Devils,3,2,REG
2017-03-10,Calgary Flames,Montreal Canadiens,Calgary Flames,Montreal Canadiens,4,0,REG
2017-03-10,Arizona Coyotes,Ottawa Senators,Ottawa Senators,Arizona Coyotes,3,2,OT
2017-03-10,Vancouver Canucks,New York Islanders,New York Islanders,Vancouver Canucks,4,3,OT
2017-03-10,Los Angeles Kings,Nashville Predators,Los Angeles Kings,Nashville Predators,3,2,OT
2017-03-10,San Jose Sharks,Washington Capitals,San Jose Sharks,Washington Capitals,4,2,REG
2017-03-11,Columbus Blue Jackets,Buffalo Sabres,Columbus Blue Jackets,Buffalo Sabres,4,3,REG
2017-03-11,Detroit Red Wings,Chicago Blackhawks,Detroit Red Wings,Chicago Blackhawks,4,2,REG
2017-03-11,Florida Panthers,Minnesota Wild,Minnesota Wild,Florida Panthers,7,4,REG
2017-03-11,St. Louis Blues,Anaheim Ducks,St. Louis Blues,Anaheim Ducks,4,3,REG
2017-03-11,Edmonton Oilers,Pittsburgh Penguins,Pittsburgh Penguins,Edmonton Oilers,3,2,SO
2017-03-11,Boston Bruins,Philadelphia Flyers,Boston Bruins,Philadelphia Flyers,2,1,REG
2017-03-11,San Jose Sharks,Nashville Predators,Nashville Predators,San Jose Sharks,3,1,REG
2017-03-12,Buffalo Sabres,Columbus Blue Jackets,Buffalo Sabres,Columbus Blue Jackets,5,3,REG
2017-03-12,Tampa Bay Lightning,Florida Panthers,Tampa Bay Lightning,Florida Panthers,3,2,REG
2017-03-12,Carolina Hurricanes,Toronto Maple Leafs,Toronto Maple Leafs,Carolina Hurricanes,3,2,OT
2017-03-12,Winnipeg Jets,Calgary Flames,Calgary Flames,Winnipeg Jets,3,0,REG
2017-03-12,Colorado Avalanche,Ottawa Senators,Ottawa Senators,Colorado Avalanche,4,2,REG
2017-03-12,St. Louis Blues,New York Islanders,St. Louis Blues,New York Islanders,4,3,REG
2017-03-12,Arizona Coyotes,New Jersey Devils,Arizona Coyotes,New Jersey Devils,5,4,REG
2017-03-12,Vancouver Canucks,Pittsburgh Penguins,Pittsburgh Penguins,Vancouver Canucks,3,0,REG
2017-03-12,Los Angeles Kings,Washington Capitals,Los Angeles Kings,Washington Capitals,4,2,REG
2017-03-12,Chicago Blackhawks,Minnesota Wild,Chicago Blackhawks,Minnesota Wild,4,2,REG
2017-03-12,Detroit Red Wings,New York Rangers,New York Rangers,Detroit Red Wings,4,1,REG
2017-03-12,Edmonton Oilers,Montreal Canadiens,Montreal Canadiens,Edmonton Oilers,4,1,REG
2017-03-13,Anaheim Ducks,Washington Capitals,Anaheim Ducks,Washington Capitals,5,2,REG
2017-03-13,San Jose Sharks,Dallas Stars,San Jose Sharks,Dallas Stars,5,1,REG
2017-03-13,New York Rangers,Tampa Bay Lightning,Tampa Bay Lightning,New York Rangers,3,2,REG
2017-03-13,Philadelphia Flyers,Columbus Blue Jackets,Columbus Blue Jackets,Philadelphia Flyers,5,3,REG
2017-03-13,New York Islanders,Carolina Hurricanes,Carolina Hurricanes,New York Islanders,8,4,REG
2017-03-14,Nashville Predators,Winnipeg Jets,Nashville Predators,Winnipeg Jets,5,4,OT
2017-03-14,Calgary Flames,Pittsburgh Penguins,Calgary Flames,Pittsburgh Penguins,4,3,SO
2017-03-14,Vancouver Canucks,Boston Bruins,Boston Bruins,Vancouver Canucks,6,3,REG
2017-03-14,Los Angeles Kings,St. Louis Blues,St. Louis Blues,Los Angeles Kings,3,1,REG
2017-03-14,Washington Capitals,Minnesota Wild,Washington Capitals,Minnesota Wild,4,2,REG
2017-03-14,Carolina Hurricanes,New York Islanders,New York Islanders,Carolina Hurricanes,3,2,OT
2017-03-14,Montreal Canadiens,Chicago Blackhawks,Chicago Blackhawks,Montreal Canadiens,4,2,REG
2017-03-14,Ottawa Senators,Tampa Bay Lightning,Tampa Bay Lightning,Ottawa Senators,2,1,OT
2017-03-14,Florida Panthers,Toronto Maple Leafs,Florida Panthers,Toronto Maple Leafs,6,2,REG
2017-03-15,Edmonton Oilers,Dallas Stars,Edmonton Oilers,Dallas Stars,5,1,REG
2017-03-15,Los Angeles Kings,Arizona Coyotes,Arizona Coyotes,Los Angeles Kings,3,2,SO
2017-03-15,San Jose Sharks,Buffalo Sabres,San Jose Sharks,Buffalo Sabres,4,1,REG
2017-03-15,Philadelphia Flyers,Pittsburgh Penguins,Philadelphia Flyers,Pittsburgh Penguins,4,0,REG
2017-03-16,Calgary Flames,Boston Bruins,Boston Bruins,Calgary Flames,5,2,REG
2017-03-16,Colorado Avalanche,Detroit Red Wings,Colorado Avalanche,Detroit Red Wings,3,1,REG
2017-03-16,Anaheim Ducks,St. Louis Blues,Anaheim Ducks,St. Louis Blues,2,1,REG
2017-03-16,New Jersey Devils,Philadelphia Flyers,New Jersey Devils,Philadelphia Flyers,6,2,REG
2017-03-16,New York Islanders,Winnipeg Jets,Winnipeg Jets,New York Islanders,4,2,REG
2017-03-16,Washington Capitals,Nashville Predators,Nashville Predators,Washington Capitals,2,1,OT
2017-03-16,Carolina Hurricanes,Minnesota Wild,Carolina Hurricanes,Minnesota Wild,3,1,REG
2017-03-16,Columbus Blue Jackets,Florida Panthers,Columbus Blue Jackets,Florida Panthers,2,1,REG
2017-03-16,Ottawa Senators,Chicago Blackhawks,Chicago Blackhawks,Ottawa Senators,2,1,REG
2017-03-16,Tampa Bay Lightning,Toronto Maple Leafs,Toronto Maple Leafs,Tampa Bay Lightning,4,0,REG
2017-03-17,Edmonton Oilers,Boston Bruins,Edmonton Oilers,Boston Bruins,7,4,REG
2017-03-17,Vancouver Canucks,Dallas Stars,Dallas Stars,Vancouver Canucks,4,2,REG
2017-03-17,Arizona Coyotes,Detroit Red Wings,Detroit Red Wings,Arizona Coyotes,5,4,SO
2017-03-17,Los Angeles Kings,Buffalo Sabres,Los Angeles Kings,Buffalo Sabres,2,0,REG
2017-03-17,San Jose Sharks,St. Louis Blues,St. Louis Blues,San Jose Sharks,4,1,REG
2017-03-17,New York Rangers,Florida Panthers,Florida Panthers,New York Rangers,4,3,SO
2017-03-17,Pittsburgh Penguins,New Jersey Devils,Pittsburgh Penguins,New Jersey Devils,6,4,REG
2017-03-18,Calgary Flames,Dallas Stars,Calgary Flames,Dallas Stars,3,1,REG
2017-03-18,Anaheim Ducks,Buffalo Sabres,Buffalo Sabres,Anaheim Ducks,2,1,SO
2017-03-18,Detroit Red Wings,Colorado Avalanche,Detroit Red Wings,Colorado Avalanche,5,1,REG
2017-03-18,New York Islanders,Columbus Blue Jackets,Columbus Blue Jackets,New York Islanders,3,2,OT
2017-03-18,Toronto Maple Leafs,Chicago Blackhawks,Chicago Blackhawks,Toronto Maple Leafs,2,1,OT
2017-03-18,Ottawa Senators,Montreal Canadiens,Montreal Canadiens,Ottawa Senators,4,3,SO
2017-03-18,Tampa Bay Lightning,Washington Capitals,Washington Capitals,Tampa Bay Lightning,5,3,REG
2017-03-18,Carolina Hurricanes,Nashville Predators,Carolina Hurricanes,Nashville Predators,4,2,REG
2017-03-18,Minnesota Wild,New York Rangers,New York Rangers,Minnesota Wild,3,2,REG
2017-03-19,Arizona Coyotes,St. Louis Blues,St. Louis Blues,Arizona Coyotes,3,0,REG
2017-03-19,Edmonton Oilers,Vancouver Canucks,Edmonton Oilers,Vancouver Canucks,2,0,REG
2017-03-19,San Jose Sharks,Anaheim Ducks,Anaheim Ducks,San Jose Sharks,2,1,REG
2017-03-19,New Jersey Devils,Columbus Blue Jackets,Columbus Blue Jackets,New Jersey Devils,4,1,REG
2017-03-19,Pittsburgh Penguins,Florida Panthers,Pittsburgh Penguins,Florida Panthers,4,0,REG
2017-03-19,Winnipeg Jets,Minnesota Wild,Winnipeg Jets,Minnesota Wild,5,4,REG
2017-03-19,Chicago Blackhawks,Colorado Avalanche,Chicago Blackhawks,Colorado Avalanche,6,3,REG
2017-03-19,Philadelphia Flyers,Carolina Hurricanes,Philadelphia Flyers,Carolina Hurricanes,4,3,OT
2017-03-19,Montreal Canadiens,Ottawa Senators,Montreal Canadiens,Ottawa Senators,4,1,REG
2017-03-20,Calgary Flames,Los Angeles Kings,Calgary Flames,Los Angeles Kings,5,2,REG
2017-03-20,Toronto Maple Leafs,Boston Bruins,Toronto Maple Leafs,Boston Bruins,4,2,REG
2017-03-20,Detroit Red Wings,Buffalo Sabres,Buffalo Sabres,Detroit Red Wings,2,1,REG
2017-03-21,Nashville Predators,Arizona Coyotes,Nashville Predators,Arizona Coyotes,3,1,REG
2017-03-21,Edmonton Oilers,Los Angeles Kings,Edmonton Oilers,Los Angeles Kings,2,0,REG
2017-03-21,Boston Bruins,Ottawa Senators,Ottawa Senators,Boston Bruins,3,2,REG
2017-03-21,Buffalo Sabres,Pittsburgh Penguins,Pittsburgh Penguins,Buffalo Sabres,3,1,REG
2017-03-21,New Jersey Devils,New York Rangers,New Jersey Devils,New York Rangers,3,2,OT
2017-03-21,Washington Capitals,Calgary Flames,Washington Capitals,Calgary Flames,4,2,REG
2017-03-21,Montreal Canadiens,Detroit Red Wings,Detroit Red Wings,Montreal Canadiens,2,1,OT
2017-03-21,Tampa Bay Lightning,Arizona Coyotes,Arizona Coyotes,Tampa Bay Lightning,5,3,REG
2017-03-21,Florida Panthers,Carolina Hurricanes,Carolina Hurricanes,Florida Panthers,4,3,REG
2017-03-22,Winnipeg Jets,Philadelphia Flyers,Winnipeg Jets,Philadelphia Flyers,3,2,REG
2017-03-22,Minnesota Wild,San Jose Sharks,Minnesota Wild,San Jose Sharks,3,2,REG
2017-03-22,Chicago Blackhawks,Vancouver Canucks,Vancouver Canucks,Chicago Blackhawks,5,4,OT
2017-03-22,Colorado Avalanche,St. Louis Blues,St. Louis Blues,Colorado Avalanche,4,2,REG
2017-03-22,Columbus Blue Jackets,Toronto Maple Leafs,Toronto Maple Leafs,Columbus Blue Jackets,5,2,REG
2017-03-23,New York Rangers,New York Islanders,New York Islanders,New York Rangers,3,2,REG
2017-03-23,Anaheim Ducks,Edmonton Oilers,Anaheim Ducks,Edmonton Oilers,4,3,REG
2017-03-23,Boston Bruins,Tampa Bay Lightning,Tampa Bay Lightning,Boston Bruins,6,3,REG
2017-03-23,Washington Capitals,Columbus Blue Jackets,Washington Capitals,Columbus Blue Jackets,2,1,SO
2017-03-23,Toronto Maple Leafs,New Jersey Devils,Toronto Maple Leafs,New Jersey Devils,4,2,REG
2017-03-23,Montreal Canadiens,Carolina Hurricanes,Carolina Hurricanes,Montreal Canadiens,4,1,REG
2017-03-23,Ottawa Senators,Pittsburgh Penguins,Ottawa Senators,Pittsburgh Penguins,2,1,SO
2017-03-23,Florida Panthers,Arizona Coyotes,Florida Panthers,Arizona Coyotes,3,1,REG
2017-03-24,St. Louis Blues,Vancouver Canucks,St. Louis Blues,Vancouver Canucks,4,1,REG
2017-03-24,Nashville Predators,Calgary Flames,Nashville Predators,Calgary Flames,3,1,REG
2017-03-24,Minnesota Wild,Philadelphia Flyers,Philadelphia Flyers,Minnesota Wild,3,1,REG
2017-03-24,Chicago Blackhawks,Dallas Stars,Chicago Blackhawks,Dallas Stars,3,2,SO
2017-03-24,Colorado Avalanche,Edmonton Oilers,Edmonton Oilers,Colorado Avalanche,7,4,REG
2017-03-24,Los Angeles Kings,Winnipeg Jets,Los Angeles Kings,Winnipeg Jets,5,2,REG
2017-03-24,Pittsburgh Penguins,New York Islanders,New York Islanders,Pittsburgh Penguins,4,3,SO
2017-03-24,Detroit Red Wings,Tampa Bay Lightning,Tampa Bay Lightning,Detroit Red Wings,2,1,OT
2017-03-25,Dallas Stars,San Jose Sharks,Dallas Stars,San Jose Sharks,5,1,REG
2017-03-25,Anaheim Ducks,Winnipeg Jets,Anaheim Ducks,Winnipeg Jets,3,1,REG
2017-03-25,Minnesota Wild,Vancouver Canucks,Vancouver Canucks,Minnesota Wild,4,2,REG
2017-03-25,Buffalo Sabres,Toronto Maple Leafs,Buffalo Sabres,Toronto Maple Leafs,5,2,REG
2017-03-25,Montreal Canadiens,Ottawa Senators,Montreal Canadiens,Ottawa Senators,3,1,REG
2017-03-25,Florida Panthers,Chicago Blackhawks,Florida Panthers,Chicago Blackhawks,4,0,REG
2017-03-25,New Jersey Devils,Carolina Hurricanes,Carolina Hurricanes,New Jersey Devils,3,1,REG
2017-03-25,New York Islanders,Boston Bruins,Boston Bruins,New York Islanders,2,1,REG
2017-03-25,Washington Capitals,Arizona Coyotes,Washington Capitals,Arizona Coyotes,4,1,REG
2017-03-25,St. Louis Blues,Calgary Flames,Calgary Flames,St. Louis Blues,3,2,OT
2017-03-26,Nashville Predators,San Jose Sharks,Nashville Predators,San Jose Sharks,6,2,REG
2017-03-26,Edmonton Oilers,Colorado Avalanche,Edmonton Oilers,Colorado Avalanche,4,1,REG
2017-03-26,Los Angeles Kings,New York Rangers,New York Rangers,Los Angeles Kings,3,0,REG
2017-03-26,Detroit Red Wings,Minnesota Wild,Detroit Red Wings,Minnesota Wild,3,2,OT
2017-03-26,New Jersey Devils,Dallas Stars,Dallas Stars,New Jersey Devils,2,1,OT
2017-03-26,Pittsburgh Penguins,Philadelphia Flyers,Philadelphia Flyers,Pittsburgh Penguins,6,2,REG
2017-03-27,Winnipeg Jets,Vancouver Canucks,Winnipeg Jets,Vancouver Canucks,2,1,REG
2017-03-27,Anaheim Ducks,New York Rangers,Anaheim Ducks,New York Rangers,6,3,REG
2017-03-27,Buffalo Sabres,Florida Panthers,Buffalo Sabres,Florida Panthers,4,2,REG
2017-03-27,New York Islanders,Nashville Predators,Nashville Predators,New York Islanders,3,1,REG
2017-03-27,Carolina Hurricanes,Detroit Red Wings,Detroit Red Wings,Carolina Hurricanes,4,3,OT
2017-03-27,Tampa Bay Lightning,Chicago Blackhawks,Tampa Bay Lightning,Chicago Blackhawks,5,4,OT
2017-03-28,St. Louis Blues,Arizona Coyotes,St. Louis Blues,Arizona Coyotes,4,1,REG
2017-03-28,Calgary Flames,Colorado Avalanche,Calgary Flames,Colorado Avalanche,4,2,REG
2017-03-28,Boston Bruins,Nashville Predators,Boston Bruins,Nashville Predators,4,1,REG
2017-03-28,Philadelphia Flyers,Ottawa Senators,Philadelphia Flyers,Ottawa Senators,3,2,SO
2017-03-28,Carolina Hurricanes,Detroit Red Wings,Carolina Hurricanes,Detroit Red Wings,4,1,REG
2017-03-28,Columbus Blue Jackets,Buffalo Sabres,Columbus Blue Jackets,Buffalo Sabres,3,1,REG
2017-03-28,New Jersey Devils,Winnipeg Jets,Winnipeg Jets,New Jersey Devils,4,3,SO
2017-03-28,Toronto Maple Leafs,Florida Panthers,Toronto Maple Leafs,Florida Panthers,3,2,REG
2017-03-28,Montreal Canadiens,Dallas Stars,Montreal Canadiens,Dallas Stars,4,1,REG
2017-03-29,Minnesota Wild,Washington Capitals,Washington Capitals,Minnesota Wild,5,4,OT
2017-03-29,Edmonton Oilers,Los Angeles Kings,Edmonton Oilers,Los Angeles Kings,2,1,REG
2017-03-29,Vancouver Canucks,Anaheim Ducks,Anaheim Ducks,Vancouver Canucks,4,1,REG
2017-03-29,San Jose Sharks,New York Rangers,San Jose Sharks,New York Rangers,5,4,OT
2017-03-30,Pittsburgh Penguins,Chicago Blackhawks,Chicago Blackhawks,Pittsburgh Penguins,5,1,REG
2017-03-30,Calgary Flames,Los Angeles Kings,Los Angeles Kings,Calgary Flames,4,1,REG
2017-03-30,Colorado Avalanche,Washington Capitals,Washington Capitals,Colorado Avalanche,5,3,REG
2017-03-30,Arizona Coyotes,St. Louis Blues,St. Louis Blues,Arizona Coyotes,3,1,REG
2017-03-30,Philadelphia Flyers,New York Islanders,Philadelphia Flyers,New York Islanders,6,3,REG
2017-03-30,Carolina Hurricanes,Columbus Blue Jackets,Carolina Hurricanes,Columbus Blue Jackets,2,1,OT
2017-03-30,Boston Bruins,Dallas Stars,Boston Bruins,Dallas Stars,2,0,REG
2017-03-30,Montreal Canadiens,Florida Panthers,Montreal Canadiens,Florida Panthers,6,2,REG
2017-03-30,Tampa Bay Lightning,Detroit Red Wings,Tampa Bay Lightning,Detroit Red Wings,5,3,REG
2017-03-31,Nashville Predators,Toronto Maple Leafs,Toronto Maple Leafs,Nashville Predators,3,1,REG
2017-03-31,Minnesota Wild,Ottawa Senators,Minnesota Wild,Ottawa Senators,5,1,REG
2017-03-31,Winnipeg Jets,Anaheim Ducks,Winnipeg Jets,Anaheim Ducks,4,3,OT
2017-03-31,Edmonton Oilers,San Jose Sharks,Edmonton Oilers,San Jose Sharks,3,2,REG
2017-03-31,New York Rangers,Pittsburgh Penguins,Pittsburgh Penguins,New York Rangers,4,3,SO
2017-03-31,New York Islanders,New Jersey Devils,New York Islanders,New Jersey Devils,2,1,REG
2017-04-01,Chicago Blackhawks,Columbus Blue Jackets,Chicago Blackhawks,Columbus Blue Jackets,3,1,REG
2017-04-01,Colorado Avalanche,St. Louis Blues,Colorado Avalanche,St. Louis Blues,2,1,SO
2017-04-01,Calgary Flames,San Jose Sharks,Calgary Flames,San Jose Sharks,5,2,REG
2017-04-01,Vancouver Canucks,Los Angeles Kings,Los Angeles Kings,Vancouver Canucks,2,0,REG
2017-04-01,Arizona Coyotes,Washington Capitals,Arizona Coyotes,Washington Capitals,6,3,REG
2017-04-01,Boston Bruins,Florida Panthers,Boston Bruins,Florida Panthers,5,2,REG
2017-04-01,Nashville Predators,Minnesota Wild,Nashville Predators,Minnesota Wild,3,0,REG
2017-04-01,Detroit Red Wings,Toronto Maple Leafs,Toronto Maple Leafs,Detroit Red Wings,5,4,REG
2017-04-01,Tampa Bay Lightning,Montreal Canadiens,Montreal Canadiens,Tampa Bay Lightning,2,1,OT
2017-04-01,Philadelphia Flyers,New Jersey Devils,Philadelphia Flyers,New Jersey Devils,3,0,REG
2017-04-01,Carolina Hurricanes,Dallas Stars,Dallas Stars,Carolina Hurricanes,3,0,REG
2017-04-01,Winnipeg Jets,Ottawa Senators,Winnipeg Jets,Ottawa Senators,4,2,REG
2017-04-02,Edmonton Oilers,Anaheim Ducks,Edmonton Oilers,Anaheim Ducks,3,2,OT
2017-04-02,Chicago Blackhawks,Boston Bruins,Boston Bruins,Chicago Blackhawks,3,2,REG
2017-04-02,Buffalo Sabres,New York Islanders,New York Islanders,Buffalo Sabres,4,2,REG
2017-04-02,St. Louis Blues,Nashville Predators,St. Louis Blues,Nashville Predators,4,1,REG
2017-04-02,Pittsburgh Penguins,Carolina Hurricanes,Pittsburgh Penguins,Carolina Hurricanes,3,2,REG
2017-04-02,Tampa Bay Lightning,Dallas Stars,Tampa Bay Lightning,Dallas Stars,6,3,REG
2017-04-02,Columbus Blue Jackets,Washington Capitals,Washington Capitals,Columbus Blue Jackets,3,2,REG
2017-04-02,Minnesota Wild,Colorado Avalanche,Minnesota Wild,Colorado Avalanche,5,2,REG
2017-04-02,Vancouver Canucks,San Jose Sharks,San Jose Sharks,Vancouver Canucks,3,1,REG
2017-04-02,New York Rangers,Philadelphia Flyers,New York Rangers,Philadelphia Flyers,4,3,REG
2017-04-03,Calgary Flames,Anaheim Ducks,Anaheim Ducks,Calgary Flames,4,3,REG
2017-04-03,Los Angeles Kings,Arizona Coyotes,Arizona Coyotes,Los Angeles Kings,2,1,REG
2017-04-03,Buffalo Sabres,Toronto Maple Leafs,Toronto Maple Leafs,Buffalo Sabres,4,2,REG
2017-04-03,Detroit Red Wings,Ottawa Senators,Detroit Red Wings,Ottawa Senators,5,4,SO
2017-04-03,Florida Panthers,Montreal Canadiens,Montreal Canadiens,Florida Panthers,4,1,REG
2017-04-04,Boston Bruins,Tampa Bay Lightning,Boston Bruins,Tampa Bay Lightning,4,0,REG
2017-04-04,Pittsburgh Penguins,Columbus Blue Jackets,Pittsburgh Penguins,Columbus Blue Jackets,4,1,REG
2017-04-04,Toronto Maple Leafs,Washington Capitals,Washington Capitals,Toronto Maple Leafs,4,1,REG
2017-04-04,Ottawa Senators,Detroit Red Wings,Ottawa Senators,Detroit Red Wings,2,0,REG
2017-04-05,St. Louis Blues,Winnipeg Jets,Winnipeg Jets,St. Louis Blues,5,2,REG
2017-04-05,Nashville Predators,New York Islanders,New York Islanders,Nashville Predators,2,1,OT
2017-04-05,Minnesota Wild,Carolina Hurricanes,Minnesota Wild,Carolina Hurricanes,5,3,REG
2017-04-05,Dallas Stars,Arizona Coyotes,Dallas Stars,Arizona Coyotes,3,2,OT
2017-04-05,Colorado Avalanche,Chicago Blackhawks,Colorado Avalanche,Chicago Blackhawks,4,3,OT
2017-04-05,Anaheim Ducks,Calgary Flames,Anaheim Ducks,Calgary Flames,3,1,REG
2017-04-05,Los Angeles Kings,Edmonton Oilers,Los Angeles Kings,Edmonton Oilers,6,4,REG
2017-04-05,San Jose Sharks,Vancouver Canucks,San Jose Sharks,Vancouver Canucks,3,1,REG
2017-04-05,Buffalo Sabres,Montreal Canadiens,Buffalo Sabres,Montreal Canadiens,2,1,REG
2017-04-06,Washington Capitals,New York Rangers,Washington Capitals,New York Rangers,2,0,REG
2017-04-06,Boston Bruins,Ottawa Senators,Ottawa Senators,Boston Bruins,2,1,SO
2017-04-06,New Jersey Devils,Pittsburgh Penguins,Pittsburgh Penguins,New Jersey Devils,7,4,REG
2017-04-06,Carolina Hurricanes,New York Islanders,New York Islanders,Carolina Hurricanes,3,0,REG
2017-04-06,Columbus Blue Jackets,Winnipeg Jets,Winnipeg Jets,Columbus Blue Jackets,5,4,REG
2017-04-06,Toronto Maple Leafs,Tampa Bay Lightning,Tampa Bay Lightning,Toronto Maple Leafs,4,1,REG
2017-04-06,Florida Panthers,St. Louis Blues,St. Louis Blues,Florida Panthers,6,3,REG
2017-04-07,Dallas Stars,Nashville Predators,Nashville Predators,Dallas Stars,7,3,REG
2017-04-07,Colorado Avalanche,Minnesota Wild,Minnesota Wild,Colorado Avalanche,4,3,REG
2017-04-07,Arizona Coyotes,Vancouver Canucks,Arizona Coyotes,Vancouver Canucks,4,3,REG
2017-04-07,Anaheim Ducks,Chicago Blackhawks,Anaheim Ducks,Chicago Blackhawks,4,0,REG
2017-04-07,Los Angeles Kings,Calgary Flames,Calgary Flames,Los Angeles Kings,4,1,REG
2017-04-07,San Jose Sharks,Edmonton Oilers,Edmonton Oilers,San Jose Sharks,4,2,REG
2017-04-07,Montreal Canadiens,Tampa Bay Lightning,Tampa Bay Lightning,Montreal Canadiens,4,2,REG
2017-04-08,Ottawa Senators,New York Rangers,Ottawa Senators,New York Rangers,3,1,REG
2017-04-08,Philadelphia Flyers,Columbus Blue Jackets,Philadelphia Flyers,Columbus Blue Jackets,4,2,REG
2017-04-08,Boston Bruins,Washington Capitals,Washington Capitals,Boston Bruins,3,1,REG
2017-04-08,New Jersey Devils,New York Islanders,New York Islanders,New Jersey Devils,4,2,REG
2017-04-08,Los Angeles Kings,Chicago Blackhawks,Los Angeles Kings,Chicago Blackhawks,3,2,OT
2017-04-08,Toronto Maple Leafs,Pittsburgh Penguins,Toronto Maple Leafs,Pittsburgh Penguins,5,3,REG
2017-04-08,Detroit Red Wings,Montreal Canadiens,Montreal Canadiens,Detroit Red Wings,3,2,OT
2017-04-08,Florida Panthers,Buffalo Sabres,Florida Panthers,Buffalo Sabres,3,0,REG
2017-04-08,Carolina Hurricanes,St. Louis Blues,St. Louis Blues,Carolina Hurricanes,5,4,SO
2017-04-08,Winnipeg Jets,Nashville Predators,Winnipeg Jets,Nashville Predators,2,1,REG
2017-04-09,Dallas Stars,Colorado Avalanche,Dallas Stars,Colorado Avalanche,4,3,SO
2017-04-09,Arizona Coyotes,Minnesota Wild,Minnesota Wild,Arizona Coyotes,3,1,REG
2017-04-09,Vancouver Canucks,Edmonton Oilers,Edmonton Oilers,Vancouver Canucks,3,2,REG
2017-04-09,San Jose Sharks,Calgary Flames,San Jose Sharks,Calgary Flames,3,1,REG
2017-04-09,Detroit Red Wings,New Jersey Devils,Detroit Red Wings,New Jersey Devils,4,1,REG
2017-04-09,Tampa Bay Lightning,Buffalo Sabres,Tampa Bay Lightning,Buffalo Sabres,4,2,REG
2017-04-09,New York Islanders,Ottawa Senators,New York Islanders,Ottawa Senators,4,2,REG
2017-04-09,Toronto Maple Leafs,Columbus Blue Jackets,Columbus Blue Jackets,Toronto Maple Leafs,3,2,REG
2017-04-09,St. Louis Blues,Colorado Avalanche,St. Louis Blues,Colorado Avalanche,3,2,REG
2017-04-09,New York Rangers,Pittsburgh Penguins,New York Rangers,Pittsburgh Penguins,3,2,REG
2017-04-09,Philadelphia Flyers,Carolina Hurricanes,Carolina Hurricanes,Philadelphia Flyers,4,3,SO
2017-04-09,Washington Capitals,Florida Panthers,Florida Panthers,Washington Capitals,2,0,REG
2017-04-10,Anaheim Ducks,Los Angeles Kings,Anaheim Ducks,Los Angeles Kings,4,3,OT
2017-04-10,Edmonton Oilers,Vancouver Canucks,Edmonton Oilers,Vancouver Canucks,5,2,REG
2017-04-12,Montreal Canadiens,New York Rangers,New York Rangers,Montreal Canadiens,2,0,REG
2017-04-12,Ottawa Senators,Boston Bruins,Boston Bruins,Ottawa Senators,2,1,REG
2017-04-12,Pittsburgh Penguins,Columbus Blue Jackets,Pittsburgh Penguins,Columbus Blue Jackets,3,1,REG
2017-04-13,Minnesota Wild,St. Louis Blues,St. Louis Blues,Minnesota Wild,2,1,OT
2017-04-13,Edmonton Oilers,San Jose Sharks,San Jose Sharks,Edmonton Oilers,3,2,OT
2017-04-13,Washington Capitals,Toronto Maple Leafs,Washington Capitals,Toronto Maple Leafs,3,2,OT
2017-04-14,Anaheim Ducks,Calgary Flames,Anaheim Ducks,Calgary Flames,3,2,REG
2017-04-14,Montreal Canadiens,New York Rangers,Montreal Canadiens,New York Rangers,4,3,OT
2017-04-14,Pittsburgh Penguins,Columbus Blue Jackets,Pittsburgh Penguins,Columbus Blue Jackets,4,1,REG
2017-04-15,Minnesota Wild,St. Louis Blues,St. Louis Blues,Minnesota Wild,2,1,REG
2017-04-15,Edmonton Oilers,San Jose Sharks,Edmonton Oilers,San Jose Sharks,2,0,REG
2017-04-15,Ottawa Senators,Boston Bruins,Ottawa Senators,Boston Bruins,4,3,OT
2017-04-15,Washington Capitals,Toronto Maple Leafs,Toronto Maple Leafs,Washington Capitals,4,3,OT
2017-04-16,Chicago Blackhawks,Nashville Predators,Nashville Predators,Chicago Blackhawks,4,0,REG
2017-04-16,Anaheim Ducks,Calgary Flames,Anaheim Ducks,Calgary Flames,3,2,REG
2017-04-16,St. Louis Blues,Minnesota Wild,St. Louis Blues,Minnesota Wild,3,1,REG
2017-04-16,Columbus Blue Jackets,Pittsburgh Penguins,Pittsburgh Penguins,Columbus Blue Jackets,5,4,OT
2017-04-16,New York Rangers,Montreal Canadiens,Montreal Canadiens,New York Rangers,3,1,REG
2017-04-17,Boston Bruins,Ottawa Senators,Ottawa Senators,Boston Bruins,4,3,OT
2017-04-17,Toronto Maple Leafs,Washington Capitals,Toronto Maple Leafs,Washington Capitals,4,3,OT
2017-04-18,Nashville Predators,Chicago Blackhawks,Nashville Predators,Chicago Blackhawks,3,2,OT
2017-04-18,Calgary Flames,Anaheim Ducks,Anaheim Ducks,Calgary Flames,5,4,OT
2017-04-18,New York Rangers,Montreal Canadiens,New York Rangers,Montreal Canadiens,2,1,REG
2017-04-18,Columbus Blue Jackets,Pittsburgh Penguins,Columbus Blue Jackets,Pittsburgh Penguins,5,4,REG
2017-04-19,San Jose Sharks,Edmonton Oilers,San Jose Sharks,Edmonton Oilers,4,0,REG
2017-04-19,Toronto Maple Leafs,Washington Capitals,Washington Capitals,Toronto Maple Leafs,5,4,REG
2017-04-20,St. Louis Blues,Minnesota Wild,Minnesota Wild,St. Louis Blues,2,0,REG
2017-04-20,Calgary Flames,Anaheim Ducks,Anaheim Ducks,Calgary Flames,3,1,REG
2017-04-20,Montreal Canadiens,New York Rangers,New York Rangers,Montreal Canadiens,3,2,OT
2017-04-20,Pittsburgh Penguins,Columbus Blue Jackets,Pittsburgh Penguins,Columbus Blue Jackets,5,2,REG
2017-04-21,Nashville Predators,Chicago Blackhawks,Nashville Predators,Chicago Blackhawks,4,1,REG
2017-04-21,Edmonton Oilers,San Jose Sharks,Edmonton Oilers,San Jose Sharks,4,3,OT
2017-04-21,Washington Capitals,Toronto Maple Leafs,Washington Capitals,Toronto Maple Leafs,2,1,OT
2017-04-21,Ottawa Senators,Boston Bruins,Boston Bruins,Ottawa Senators,3,2,OT
2017-04-22,Minnesota Wild,St. Louis Blues,St. Louis Blues,Minnesota Wild,4,3,OT
2017-04-23,New York Rangers,Montreal Canadiens,New York Rangers,Montreal Canadiens,3,1,REG
2017-04-23,San Jose Sharks,Edmonton Oilers,Edmonton Oilers,San Jose Sharks,3,1,REG
2017-04-23,Boston Bruins,Ottawa Senators,Ottawa Senators,Boston Bruins,3,2,OT
2017-04-23,Toronto Maple Leafs,Washington Capitals,Washington Capitals,Toronto Maple Leafs,2,1,OT
2017-04-27,St. Louis Blues,Nashville Predators,Nashville Predators,St. Louis Blues,4,3,REG
2017-04-27,Anaheim Ducks,Edmonton Oilers,Edmonton Oilers,Anaheim Ducks,5,3,REG
2017-04-27,Ottawa Senators,New York Rangers,Ottawa Senators,New York Rangers,2,1,REG
2017-04-27,Washington Capitals,Pittsburgh Penguins,Pittsburgh Penguins,Washington Capitals,3,2,REG
2017-04-29,St. Louis Blues,Nashville Predators,St. Louis Blues,Nashville Predators,3,2,REG
2017-04-29,Anaheim Ducks,Edmonton Oilers,Edmonton Oilers,Anaheim Ducks,2,1,REG
2017-04-29,Ottawa Senators,New York Rangers,Ottawa Senators,New York Rangers,6,5,OT
2017-04-30,Washington Capitals,Pittsburgh Penguins,Pittsburgh Penguins,Washington Capitals,6,2,REG
2017-04-30,Nashville Predators,St. Louis Blues,Nashville Predators,St. Louis Blues,3,1,REG
2017-04-30,Edmonton Oilers,Anaheim Ducks,Anaheim Ducks,Edmonton Oilers,6,3,REG
2017-05-01,Pittsburgh Penguins,Washington Capitals,Washington Capitals,Pittsburgh Penguins,3,2,OT
2017-05-02,New York Rangers,Ottawa Senators,New York Rangers,Ottawa Senators,4,1,REG
2017-05-03,Nashville Predators,St. Louis Blues,Nashville Predators,St. Louis Blues,2,1,REG
2017-05-03,Pittsburgh Penguins,Washington Capitals,Pittsburgh Penguins,Washington Capitals,3,2,REG
2017-05-04,Edmonton Oilers,Anaheim Ducks,Anaheim Ducks,Edmonton Oilers,4,3,OT
2017-05-04,New York Rangers,Ottawa Senators,New York Rangers,Ottawa Senators,4,1,REG
2017-05-06,St. Louis Blues,Nashville Predators,St. Louis Blues,Nashville Predators,2,1,REG
2017-05-06,Anaheim Ducks,Edmonton Oilers,Anaheim Ducks,Edmonton Oilers,4,3,OT
2017-05-06,Ottawa Senators,New York Rangers,Ottawa Senators,New York Rangers,5,4,OT
2017-05-06,Washington Capitals,Pittsburgh Penguins,Washington Capitals,Pittsburgh Penguins,4,2,REG
2017-05-07,Nashville Predators,St. Louis Blues,Nashville Predators,St. Louis Blues,3,1,REG
2017-05-07,Edmonton Oilers,Anaheim Ducks,Edmonton Oilers,Anaheim Ducks,5,1,REG
2017-05-08,Pittsburgh Penguins,Washington Capitals,Washington Capitals,Pittsburgh Penguins,5,2,REG
2017-05-09,New York Rangers,Ottawa Senators,Ottawa Senators,New York Rangers,4,2,REG
2017-05-10,Washington Capitals,Pittsburgh Penguins,Pittsburgh Penguins,Washington Capitals,2,0,REG
2017-05-11,Anaheim Ducks,Edmonton Oilers,Anaheim Ducks,Edmonton Oilers,2,1,REG
2017-05-13,Anaheim Ducks,Nashville Predators,Nashville Predators,Anaheim Ducks,3,2,OT
2017-05-13,Pittsburgh Penguins,Ottawa Senators,Ottawa Senators,Pittsburgh Penguins,2,1,OT
2017-05-14,Anaheim Ducks,Nashville Predators,Anaheim Ducks,Nashville Predators,5,3,REG
2017-05-17,Nashville Predators,Anaheim Ducks,Nashville Predators,Anaheim Ducks,2,1,REG
2017-05-18,Ottawa Senators,Pittsburgh Penguins,Ottawa Senators,Pittsburgh Penguins,5,1,REG
2017-05-19,Nashville Predators,Anaheim Ducks,Anaheim Ducks,Nashville Predators,3,2,OT
2017-05-20,Ottawa Senators,Pittsburgh Penguins,Pittsburgh Penguins,Ottawa Senators,3,2,REG
2017-05-20,Anaheim Ducks,Nashville Predators,Nashville Predators,Anaheim Ducks,3,1,REG
2017-05-21,Pittsburgh Penguins,Ottawa Senators,Pittsburgh Penguins,Ottawa Senators,4,0,REG
2017-05-23,Nashville Predators,Anaheim Ducks,Nashville Predators,Anaheim Ducks,6,3,REG
2017-05-24,Ottawa Senators,Pittsburgh Penguins,Ottawa Senators,Pittsburgh Penguins,2,1,REG
2017-05-26,Pittsburgh Penguins,Ottawa Senators,Pittsburgh Penguins,Ottawa Senators,3,2,OT
2017-05-30,Pittsburgh Penguins,Nashville Predators,Pittsburgh Penguins,Nashville Predators,5,3,REG
2017-06-01,Pittsburgh Penguins,Nashville Predators,Pittsburgh Penguins,Nashville Predators,4,1,REG
2017-06-04,Nashville Predators,Pittsburgh Penguins,Nashville Predators,Pittsburgh Penguins,5,1,REG
2017-06-06,Nashville Predators,Pittsburgh Penguins,Nashville Predators,Pittsburgh Penguins,4,1,REG
2017-06-09,Pittsburgh Penguins,Nashville Predators,Pittsburgh Penguins,Nashville Predators,4,0,REG
2017-06-12,Nashville Predators,Pittsburgh Penguins,Pittsburgh Penguins,Nashville Predators,2,0,REG
