date,home,away,winner,loser,winner_pts,loser_pts,end_type
2024-10-01,Pittsburgh Penguins,Detroit Red Wings,Detroit Red Wings,Pittsburgh Penguins,2,1,REG
2024-10-01,New York Rangers,New Jersey Devils,New York Rangers,New Jersey Devils,5,4,REG
2024-10-01,Montreal Canadiens,Ottawa Senators,Ottawa Senators,Montreal Canadiens,4,3,REG
2024-10-01,Boston Bruins,Philadelphia Flyers,Boston Bruins,Philadelphia Flyers,4,1,REG
2024-10-02,Minnesota Wild,Chicago Blackhawks,Minnesota Wild,Chicago Blackhawks,6,2,REG
2024-10-02,St. Louis Blues,Columbus Blue Jackets,Columbus Blue Jackets,St. Louis Blues,3,1,REG
2024-10-02,Colorado Avalanche,Vegas Golden Knights,Vegas Golden Knights,Colorado Avalanche,5,1,REG
2024-10-02,San Jose Sharks,Utah Hockey Club,Utah Hockey Club,San Jose Sharks,3,1,REG
2024-10-02,Carolina Hurricanes,Nashville Predators,Nashville Predators,Carolina Hurricanes,6,4,REG
2024-10-02,Tampa Bay Lightning,Florida Panthers,Florida Panthers,Tampa Bay Lightning,2,1,OT
2024-10-03,Winnipeg Jets,Calgary Flames,Winnipeg Jets,Calgary Flames,5,2,REG
2024-10-03,Seattle Kraken,Edmonton Oilers,Seattle Kraken,Edmonton Oilers,6,2,REG
2024-10-03,Anaheim Ducks,Utah Hockey Club,Anaheim Ducks,Utah Hockey Club,5,2,REG
2024-10-03,Los Angeles Kings,Boston Bruins,Los Angeles Kings,Boston Bruins,4,1,REG
2024-10-03,Philadelphia Flyers,New Jersey Devils,Philadelphia Flyers,New Jersey Devils,5,4,REG
2024-10-03,Columbus Blue Jackets,Pittsburgh Penguins,Pittsburgh Penguins,Columbus Blue Jackets,3,1,REG
2024-10-03,Detroit Red Wings,Toronto Maple Leafs,Toronto Maple Leafs,Detroit Red Wings,2,0,REG
2024-10-04,St. Louis Blues,Dallas Stars,St. Louis Blues,Dallas Stars,4,3,OT
2024-10-04,Vegas Golden Knights,Colorado Avalanche,Colorado Avalanche,Vegas Golden Knights,3,1,REG
2024-10-04,Buffalo Sabres,New Jersey Devils,New Jersey Devils,Buffalo Sabres,4,1,REG
2024-10-04,Pittsburgh Penguins,Columbus Blue Jackets,Pittsburgh Penguins,Columbus Blue Jackets,7,3,REG
2024-10-04,Carolina Hurricanes,Tampa Bay Lightning,Carolina Hurricanes,Tampa Bay Lightning,2,1,OT
2024-10-04,New York Islanders,New York Rangers,New York Islanders,New York Rangers,5,2,REG
2024-10-04,Detroit Red Wings,Ottawa Senators,Ottawa Senators,Detroit Red Wings,4,3,OT
2024-10-05,Chicago Blackhawks,Minnesota Wild,Minnesota Wild,Chicago Blackhawks,5,1,REG
2024-10-05,Calgary Flames,Winnipeg Jets,Winnipeg Jets,Calgary Flames,3,2,REG
2024-10-05,San Jose Sharks,Anaheim Ducks,Anaheim Ducks,San Jose Sharks,3,2,SO
2024-10-05,Vancouver Canucks,Edmonton Oilers,Vancouver Canucks,Edmonton Oilers,4,1,REG
2024-10-05,New Jersey Devils,Buffalo Sabres,New Jersey Devils,Buffalo Sabres,3,1,REG
2024-10-05,Washington Capitals,Boston Bruins,Washington Capitals,Boston Bruins,2,0,REG
2024-10-05,Nashville Predators,Carolina Hurricanes,Carolina Hurricanes,Nashville Predators,5,3,REG
2024-10-05,Utah Hockey Club,Colorado Avalanche,Utah Hockey Club,Colorado Avalanche,2,1,REG
2024-10-05,Toronto Maple Leafs,Detroit Red Wings,Toronto Maple Leafs,Detroit Red Wings,3,2,REG
2024-10-05,Los Angeles Kings,Florida Panthers,Florida Panthers,Los Angeles Kings,4,2,REG
2024-10-05,Ottawa Senators,Montreal Canadiens,Ottawa Senators,Montreal Canadiens,4,2,REG
2024-10-06,Chicago Blackhawks,St. Louis Blues,Chicago Blackhawks,St. Louis Blues,6,2,REG
2024-10-06,Vegas Golden Knights,San Jose Sharks,San Jose Sharks,Vegas Golden Knights,6,5,REG
2024-10-08,Seattle Kraken,St. Louis Blues,St. Louis Blues,Seattle Kraken,3,2,REG
2024-10-08,Florida Panthers,Boston Bruins,Florida Panthers,Boston Bruins,6,4,REG
2024-10-09,Utah Hockey Club,Chicago Blackhawks,Utah Hockey Club,Chicago Blackhawks,5,2,REG
2024-10-09,Pittsburgh Penguins,New York Rangers,New York Rangers,Pittsburgh Penguins,4,0,REG
2024-10-10,Edmonton Oilers,Winnipeg Jets,Winnipeg Jets,Edmonton Oilers,4,0,REG
2024-10-10,Vancouver Canucks,Calgary Flames,Calgary Flames,Vancouver Canucks,6,5,OT
2024-10-10,Vegas Golden Knights,Colorado Avalanche,Vegas Golden Knights,Colorado Avalanche,8,4,REG
2024-10-10,Boston Bruins,Montreal Canadiens,Boston Bruins,Montreal Canadiens,6,4,REG
2024-10-10,Buffalo Sabres,Los Angeles Kings,Los Angeles Kings,Buffalo Sabres,3,1,REG
2024-10-10,Ottawa Senators,Florida Panthers,Ottawa Senators,Florida Panthers,3,1,REG
2024-10-10,New Jersey Devils,Toronto Maple Leafs,Toronto Maple Leafs,New Jersey Devils,4,2,REG
2024-10-10,New York Islanders,Utah Hockey Club,Utah Hockey Club,New York Islanders,5,4,OT
2024-10-11,Detroit Red Wings,Pittsburgh Penguins,Pittsburgh Penguins,Detroit Red Wings,6,3,REG
2024-10-11,Nashville Predators,Dallas Stars,Dallas Stars,Nashville Predators,4,3,REG
2024-10-11,Minnesota Wild,Columbus Blue Jackets,Minnesota Wild,Columbus Blue Jackets,3,2,REG
2024-10-11,San Jose Sharks,St. Louis Blues,St. Louis Blues,San Jose Sharks,5,4,OT
2024-10-11,Carolina Hurricanes,Tampa Bay Lightning,Tampa Bay Lightning,Carolina Hurricanes,4,1,REG
2024-10-12,Winnipeg Jets,Chicago Blackhawks,Winnipeg Jets,Chicago Blackhawks,2,1,OT
2024-10-12,Vancouver Canucks,Philadelphia Flyers,Philadelphia Flyers,Vancouver Canucks,3,2,SO
2024-10-12,Vegas Golden Knights,St. Louis Blues,Vegas Golden Knights,St. Louis Blues,4,3,REG
2024-10-12,Boston Bruins,Los Angeles Kings,Boston Bruins,Los Angeles Kings,2,1,OT
2024-10-12,Buffalo Sabres,Florida Panthers,Buffalo Sabres,Florida Panthers,5,2,REG
2024-10-12,Toronto Maple Leafs,Pittsburgh Penguins,Toronto Maple Leafs,Pittsburgh Penguins,4,2,REG
2024-10-12,Montreal Canadiens,Ottawa Senators,Montreal Canadiens,Ottawa Senators,4,1,REG
2024-10-12,Detroit Red Wings,Nashville Predators,Detroit Red Wings,Nashville Predators,3,0,REG
2024-10-12,New York Rangers,Utah Hockey Club,Utah Hockey Club,New York Rangers,6,5,OT
2024-10-12,Washington Capitals,New Jersey Devils,New Jersey Devils,Washington Capitals,5,3,REG
2024-10-13,Dallas Stars,New York Islanders,Dallas Stars,New York Islanders,3,0,REG
2024-10-13,Minnesota Wild,Seattle Kraken,Seattle Kraken,Minnesota Wild,5,4,SO
2024-10-13,Colorado Avalanche,Columbus Blue Jackets,Columbus Blue Jackets,Colorado Avalanche,6,4,REG
2024-10-13,Calgary Flames,Philadelphia Flyers,Calgary Flames,Philadelphia Flyers,6,3,REG
2024-10-13,Edmonton Oilers,Chicago Blackhawks,Chicago Blackhawks,Edmonton Oilers,5,2,REG
2024-10-13,San Jose Sharks,Anaheim Ducks,Anaheim Ducks,San Jose Sharks,2,0,REG
2024-10-13,Winnipeg Jets,Minnesota Wild,Winnipeg Jets,Minnesota Wild,2,1,OT
2024-10-14,Dallas Stars,Seattle Kraken,Dallas Stars,Seattle Kraken,2,0,REG
2024-10-14,Edmonton Oilers,Calgary Flames,Calgary Flames,Edmonton Oilers,4,1,REG
2024-10-14,Vegas Golden Knights,Anaheim Ducks,Vegas Golden Knights,Anaheim Ducks,3,1,REG
2024-10-14,Boston Bruins,Florida Panthers,Florida Panthers,Boston Bruins,4,3,REG
2024-10-14,Ottawa Senators,Los Angeles Kings,Ottawa Senators,Los Angeles Kings,8,7,OT
2024-10-14,New Jersey Devils,Utah Hockey Club,New Jersey Devils,Utah Hockey Club,3,0,REG
2024-10-14,New York Rangers,Detroit Red Wings,New York Rangers,Detroit Red Wings,4,1,REG
2024-10-14,Montreal Canadiens,Pittsburgh Penguins,Pittsburgh Penguins,Montreal Canadiens,6,3,REG
2024-10-15,Colorado Avalanche,New York Islanders,New York Islanders,Colorado Avalanche,6,2,REG
2024-10-15,Tampa Bay Lightning,Vancouver Canucks,Tampa Bay Lightning,Vancouver Canucks,4,1,REG
2024-10-15,Washington Capitals,Vegas Golden Knights,Washington Capitals,Vegas Golden Knights,4,2,REG
2024-10-15,Carolina Hurricanes,New Jersey Devils,Carolina Hurricanes,New Jersey Devils,4,2,REG
2024-10-15,Columbus Blue Jackets,Florida Panthers,Florida Panthers,Columbus Blue Jackets,4,3,REG
2024-10-15,St. Louis Blues,Minnesota Wild,Minnesota Wild,St. Louis Blues,4,1,REG
2024-10-16,Nashville Predators,Seattle Kraken,Seattle Kraken,Nashville Predators,7,3,REG
2024-10-16,Dallas Stars,San Jose Sharks,Dallas Stars,San Jose Sharks,3,2,SO
2024-10-16,Calgary Flames,Chicago Blackhawks,Calgary Flames,Chicago Blackhawks,3,1,REG
2024-10-16,Edmonton Oilers,Philadelphia Flyers,Edmonton Oilers,Philadelphia Flyers,4,3,OT
2024-10-16,Pittsburgh Penguins,Buffalo Sabres,Pittsburgh Penguins,Buffalo Sabres,6,5,OT
2024-10-16,Toronto Maple Leafs,Los Angeles Kings,Toronto Maple Leafs,Los Angeles Kings,6,2,REG
2024-10-17,Colorado Avalanche,Boston Bruins,Boston Bruins,Colorado Avalanche,5,3,REG
2024-10-17,Anaheim Ducks,Utah Hockey Club,Anaheim Ducks,Utah Hockey Club,5,4,OT
2024-10-17,Montreal Canadiens,Los Angeles Kings,Los Angeles Kings,Montreal Canadiens,4,1,REG
2024-10-17,Ottawa Senators,New Jersey Devils,New Jersey Devils,Ottawa Senators,3,1,REG
2024-10-17,Tampa Bay Lightning,Vegas Golden Knights,Tampa Bay Lightning,Vegas Golden Knights,4,3,REG
2024-10-17,Florida Panthers,Vancouver Canucks,Vancouver Canucks,Florida Panthers,3,2,OT
2024-10-17,Washington Capitals,Dallas Stars,Washington Capitals,Dallas Stars,3,2,REG
2024-10-17,Columbus Blue Jackets,Buffalo Sabres,Columbus Blue Jackets,Buffalo Sabres,6,4,REG
2024-10-17,Detroit Red Wings,New York Rangers,New York Rangers,Detroit Red Wings,5,2,REG
2024-10-18,Nashville Predators,Edmonton Oilers,Edmonton Oilers,Nashville Predators,4,2,REG
2024-10-18,Chicago Blackhawks,San Jose Sharks,Chicago Blackhawks,San Jose Sharks,4,2,REG
2024-10-18,Seattle Kraken,Philadelphia Flyers,Seattle Kraken,Philadelphia Flyers,6,4,REG
2024-10-18,Pittsburgh Penguins,Carolina Hurricanes,Carolina Hurricanes,Pittsburgh Penguins,4,1,REG
2024-10-19,Winnipeg Jets,San Jose Sharks,Winnipeg Jets,San Jose Sharks,7,3,REG
2024-10-19,Colorado Avalanche,Anaheim Ducks,Colorado Avalanche,Anaheim Ducks,4,3,OT
2024-10-19,Ottawa Senators,Tampa Bay Lightning,Ottawa Senators,Tampa Bay Lightning,5,4,REG
2024-10-19,Nashville Predators,Detroit Red Wings,Detroit Red Wings,Nashville Predators,5,2,REG
2024-10-19,Dallas Stars,Edmonton Oilers,Dallas Stars,Edmonton Oilers,4,1,REG
2024-10-19,Florida Panthers,Vegas Golden Knights,Florida Panthers,Vegas Golden Knights,4,3,OT
2024-10-19,Toronto Maple Leafs,New York Rangers,New York Rangers,Toronto Maple Leafs,4,1,REG
2024-10-19,New Jersey Devils,Washington Capitals,Washington Capitals,New Jersey Devils,6,5,OT
2024-10-19,New York Islanders,Montreal Canadiens,New York Islanders,Montreal Canadiens,4,3,SO
2024-10-19,Philadelphia Flyers,Vancouver Canucks,Vancouver Canucks,Philadelphia Flyers,3,0,REG
2024-10-19,Columbus Blue Jackets,Minnesota Wild,Minnesota Wild,Columbus Blue Jackets,3,1,REG
2024-10-19,St. Louis Blues,Carolina Hurricanes,St. Louis Blues,Carolina Hurricanes,4,3,REG
2024-10-20,Chicago Blackhawks,Buffalo Sabres,Buffalo Sabres,Chicago Blackhawks,4,2,REG
2024-10-20,Utah Hockey Club,Boston Bruins,Utah Hockey Club,Boston Bruins,2,1,OT
2024-10-20,Seattle Kraken,Calgary Flames,Seattle Kraken,Calgary Flames,2,1,OT
2024-10-20,Winnipeg Jets,Pittsburgh Penguins,Winnipeg Jets,Pittsburgh Penguins,6,3,REG
2024-10-21,San Jose Sharks,Colorado Avalanche,Colorado Avalanche,San Jose Sharks,4,1,REG
2024-10-21,Anaheim Ducks,Los Angeles Kings,Los Angeles Kings,Anaheim Ducks,4,1,REG
2024-10-21,Toronto Maple Leafs,Tampa Bay Lightning,Toronto Maple Leafs,Tampa Bay Lightning,5,2,REG
2024-10-22,Philadelphia Flyers,Washington Capitals,Washington Capitals,Philadelphia Flyers,4,1,REG
2024-10-22,Florida Panthers,Minnesota Wild,Minnesota Wild,Florida Panthers,5,1,REG
2024-10-22,New Jersey Devils,Tampa Bay Lightning,Tampa Bay Lightning,New Jersey Devils,8,5,REG
2024-10-22,Buffalo Sabres,Dallas Stars,Buffalo Sabres,Dallas Stars,4,2,REG
2024-10-22,Montreal Canadiens,New York Rangers,New York Rangers,Montreal Canadiens,6,2,REG
2024-10-22,Columbus Blue Jackets,Toronto Maple Leafs,Columbus Blue Jackets,Toronto Maple Leafs,6,2,REG
2024-10-23,St. Louis Blues,Winnipeg Jets,Winnipeg Jets,St. Louis Blues,3,2,REG
2024-10-23,Chicago Blackhawks,Vancouver Canucks,Vancouver Canucks,Chicago Blackhawks,6,3,REG
2024-10-23,Seattle Kraken,Colorado Avalanche,Colorado Avalanche,Seattle Kraken,3,2,REG
2024-10-23,Nashville Predators,Boston Bruins,Nashville Predators,Boston Bruins,4,0,REG
2024-10-23,Edmonton Oilers,Carolina Hurricanes,Carolina Hurricanes,Edmonton Oilers,3,2,OT
2024-10-23,Utah Hockey Club,Ottawa Senators,Ottawa Senators,Utah Hockey Club,4,0,REG
2024-10-23,Calgary Flames,Pittsburgh Penguins,Calgary Flames,Pittsburgh Penguins,4,3,SO
2024-10-23,Anaheim Ducks,San Jose Sharks,Anaheim Ducks,San Jose Sharks,3,1,REG
2024-10-23,Vegas Golden Knights,Los Angeles Kings,Vegas Golden Knights,Los Angeles Kings,5,1,REG
2024-10-23,Washington Capitals,Philadelphia Flyers,Washington Capitals,Philadelphia Flyers,6,3,REG
2024-10-24,Boston Bruins,Dallas Stars,Dallas Stars,Boston Bruins,5,2,REG
2024-10-24,Toronto Maple Leafs,St. Louis Blues,St. Louis Blues,Toronto Maple Leafs,5,1,REG
2024-10-24,Detroit Red Wings,New Jersey Devils,Detroit Red Wings,New Jersey Devils,5,3,REG
2024-10-24,Tampa Bay Lightning,Minnesota Wild,Minnesota Wild,Tampa Bay Lightning,4,2,REG
2024-10-24,New York Rangers,Florida Panthers,Florida Panthers,New York Rangers,3,1,REG
2024-10-25,Calgary Flames,Carolina Hurricanes,Carolina Hurricanes,Calgary Flames,4,2,REG
2024-10-25,Utah Hockey Club,Colorado Avalanche,Colorado Avalanche,Utah Hockey Club,5,1,REG
2024-10-25,Seattle Kraken,Winnipeg Jets,Winnipeg Jets,Seattle Kraken,4,3,OT
2024-10-25,Los Angeles Kings,San Jose Sharks,Los Angeles Kings,San Jose Sharks,3,2,REG
2024-10-25,Vegas Golden Knights,Ottawa Senators,Vegas Golden Knights,Ottawa Senators,6,4,REG
2024-10-25,New Jersey Devils,New York Islanders,New York Islanders,New Jersey Devils,4,3,OT
2024-10-26,Chicago Blackhawks,Nashville Predators,Nashville Predators,Chicago Blackhawks,3,2,REG
2024-10-26,Edmonton Oilers,Pittsburgh Penguins,Edmonton Oilers,Pittsburgh Penguins,4,0,REG
2024-10-26,Buffalo Sabres,Detroit Red Wings,Buffalo Sabres,Detroit Red Wings,5,3,REG
2024-10-26,Philadelphia Flyers,Minnesota Wild,Philadelphia Flyers,Minnesota Wild,7,5,REG
2024-10-26,Los Angeles Kings,Utah Hockey Club,Los Angeles Kings,Utah Hockey Club,3,2,REG
2024-10-26,Boston Bruins,Toronto Maple Leafs,Boston Bruins,Toronto Maple Leafs,4,3,OT
2024-10-26,Montreal Canadiens,St. Louis Blues,Montreal Canadiens,St. Louis Blues,5,2,REG
2024-10-26,Tampa Bay Lightning,Washington Capitals,Tampa Bay Lightning,Washington Capitals,3,0,REG
2024-10-26,New York Rangers,Anaheim Ducks,New York Rangers,Anaheim Ducks,2,1,REG
2024-10-26,Calgary Flames,Winnipeg Jets,Winnipeg Jets,Calgary Flames,5,3,REG
2024-10-26,New York Islanders,Florida Panthers,Florida Panthers,New York Islanders,6,3,REG
2024-10-27,Nashville Predators,Columbus Blue Jackets,Nashville Predators,Columbus Blue Jackets,4,3,OT
2024-10-27,Dallas Stars,Chicago Blackhawks,Dallas Stars,Chicago Blackhawks,4,2,REG
2024-10-27,Vancouver Canucks,Pittsburgh Penguins,Vancouver Canucks,Pittsburgh Penguins,4,3,REG
2024-10-27,Vegas Golden Knights,San Jose Sharks,Vegas Golden Knights,San Jose Sharks,7,3,REG
2024-10-27,Seattle Kraken,Carolina Hurricanes,Carolina Hurricanes,Seattle Kraken,4,1,REG
2024-10-27,Detroit Red Wings,Edmonton Oilers,Edmonton Oilers,Detroit Red Wings,3,2,OT
2024-10-27,New Jersey Devils,Anaheim Ducks,New Jersey Devils,Anaheim Ducks,6,2,REG
2024-10-27,Philadelphia Flyers,Montreal Canadiens,Montreal Canadiens,Philadelphia Flyers,4,3,REG
2024-10-28,Colorado Avalanche,Ottawa Senators,Colorado Avalanche,Ottawa Senators,5,4,REG
2024-10-28,Buffalo Sabres,Florida Panthers,Florida Panthers,Buffalo Sabres,5,2,REG
2024-10-28,Columbus Blue Jackets,Edmonton Oilers,Columbus Blue Jackets,Edmonton Oilers,5,1,REG
2024-10-28,Tampa Bay Lightning,Nashville Predators,Tampa Bay Lightning,Nashville Predators,3,2,OT
2024-10-28,Winnipeg Jets,Toronto Maple Leafs,Toronto Maple Leafs,Winnipeg Jets,6,4,REG
2024-10-29,Colorado Avalanche,Chicago Blackhawks,Chicago Blackhawks,Colorado Avalanche,5,2,REG
2024-10-29,Utah Hockey Club,San Jose Sharks,San Jose Sharks,Utah Hockey Club,5,4,OT
2024-10-29,Vancouver Canucks,Carolina Hurricanes,Carolina Hurricanes,Vancouver Canucks,4,3,OT
2024-10-29,Vegas Golden Knights,Calgary Flames,Vegas Golden Knights,Calgary Flames,4,0,REG
2024-10-29,Boston Bruins,Philadelphia Flyers,Philadelphia Flyers,Boston Bruins,2,0,REG
2024-10-29,Montreal Canadiens,Seattle Kraken,Seattle Kraken,Montreal Canadiens,6,2,REG
2024-10-29,New York Islanders,Anaheim Ducks,Anaheim Ducks,New York Islanders,3,1,REG
2024-10-29,Pittsburgh Penguins,Minnesota Wild,Minnesota Wild,Pittsburgh Penguins,5,3,REG
2024-10-29,Ottawa Senators,St. Louis Blues,Ottawa Senators,St. Louis Blues,5,1,REG
2024-10-29,Washington Capitals,New York Rangers,Washington Capitals,New York Rangers,5,3,REG
2024-10-30,San Jose Sharks,Los Angeles Kings,San Jose Sharks,Los Angeles Kings,4,2,REG
2024-10-30,Columbus Blue Jackets,New York Islanders,Columbus Blue Jackets,New York Islanders,2,0,REG
2024-10-30,Detroit Red Wings,Winnipeg Jets,Winnipeg Jets,Detroit Red Wings,6,2,REG
2024-10-31,Colorado Avalanche,Tampa Bay Lightning,Tampa Bay Lightning,Colorado Avalanche,5,2,REG
2024-10-31,Utah Hockey Club,Calgary Flames,Utah Hockey Club,Calgary Flames,5,1,REG
2024-10-31,Los Angeles Kings,Vegas Golden Knights,Los Angeles Kings,Vegas Golden Knights,6,3,REG
2024-10-31,Vancouver Canucks,New Jersey Devils,New Jersey Devils,Vancouver Canucks,4,0,REG
2024-10-31,Toronto Maple Leafs,Seattle Kraken,Toronto Maple Leafs,Seattle Kraken,4,1,REG
2024-10-31,Philadelphia Flyers,St. Louis Blues,Philadelphia Flyers,St. Louis Blues,2,1,REG
2024-10-31,Pittsburgh Penguins,Anaheim Ducks,Pittsburgh Penguins,Anaheim Ducks,2,1,OT
2024-10-31,Washington Capitals,Montreal Canadiens,Washington Capitals,Montreal Canadiens,6,3,REG
2024-10-31,Carolina Hurricanes,Boston Bruins,Carolina Hurricanes,Boston Bruins,6,2,REG
2024-11-01,Nashville Predators,Edmonton Oilers,Edmonton Oilers,Nashville Predators,5,1,REG
2024-11-01,San Jose Sharks,Chicago Blackhawks,San Jose Sharks,Chicago Blackhawks,3,2,REG
2024-11-01,Dallas Stars,Florida Panthers,Florida Panthers,Dallas Stars,6,4,REG
2024-11-01,Buffalo Sabres,New York Islanders,New York Islanders,Buffalo Sabres,4,3,REG
2024-11-01,New York Rangers,Ottawa Senators,New York Rangers,Ottawa Senators,2,1,REG
2024-11-01,Columbus Blue Jackets,Winnipeg Jets,Winnipeg Jets,Columbus Blue Jackets,6,2,REG
2024-11-02,Minnesota Wild,Tampa Bay Lightning,Minnesota Wild,Tampa Bay Lightning,5,3,REG
2024-11-02,Calgary Flames,New Jersey Devils,Calgary Flames,New Jersey Devils,3,0,REG
2024-11-02,Florida Panthers,Dallas Stars,Florida Panthers,Dallas Stars,4,2,REG
2024-11-02,Philadelphia Flyers,Boston Bruins,Boston Bruins,Philadelphia Flyers,3,0,REG
2024-11-02,Los Angeles Kings,Chicago Blackhawks,Chicago Blackhawks,Los Angeles Kings,4,3,SO
2024-11-02,Washington Capitals,Columbus Blue Jackets,Washington Capitals,Columbus Blue Jackets,6,2,REG
2024-11-02,Ottawa Senators,Seattle Kraken,Ottawa Senators,Seattle Kraken,3,0,REG
2024-11-02,Detroit Red Wings,Buffalo Sabres,Detroit Red Wings,Buffalo Sabres,2,1,REG
2024-11-02,Pittsburgh Penguins,Montreal Canadiens,Pittsburgh Penguins,Montreal Canadiens,3,1,REG
2024-11-02,St. Louis Blues,Toronto Maple Leafs,St. Louis Blues,Toronto Maple Leafs,4,2,REG
2024-11-03,Nashville Predators,Colorado Avalanche,Nashville Predators,Colorado Avalanche,5,2,REG
2024-11-03,Vegas Golden Knights,Utah Hockey Club,Vegas Golden Knights,Utah Hockey Club,4,3,OT
2024-11-03,San Jose Sharks,Vancouver Canucks,Vancouver Canucks,San Jose Sharks,3,2,REG
2024-11-03,New York Rangers,New York Islanders,New York Rangers,New York Islanders,5,2,REG
2024-11-03,Winnipeg Jets,Tampa Bay Lightning,Winnipeg Jets,Tampa Bay Lightning,7,4,REG
2024-11-03,Boston Bruins,Seattle Kraken,Boston Bruins,Seattle Kraken,2,0,REG
2024-11-03,Carolina Hurricanes,Washington Capitals,Carolina Hurricanes,Washington Capitals,4,2,REG
2024-11-03,Minnesota Wild,Toronto Maple Leafs,Minnesota Wild,Toronto Maple Leafs,2,1,OT
2024-11-04,Calgary Flames,Edmonton Oilers,Edmonton Oilers,Calgary Flames,4,2,REG
2024-11-04,Anaheim Ducks,Chicago Blackhawks,Chicago Blackhawks,Anaheim Ducks,4,2,REG
2024-11-05,Nashville Predators,Los Angeles Kings,Los Angeles Kings,Nashville Predators,3,0,REG
2024-11-05,Edmonton Oilers,New Jersey Devils,New Jersey Devils,Edmonton Oilers,3,0,REG
2024-11-06,Buffalo Sabres,Ottawa Senators,Buffalo Sabres,Ottawa Senators,5,1,REG
2024-11-06,Toronto Maple Leafs,Boston Bruins,Toronto Maple Leafs,Boston Bruins,4,0,REG
2024-11-06,Montreal Canadiens,Calgary Flames,Calgary Flames,Montreal Canadiens,3,2,OT
2024-11-06,Carolina Hurricanes,Philadelphia Flyers,Carolina Hurricanes,Philadelphia Flyers,6,4,REG
2024-11-06,New York Islanders,Pittsburgh Penguins,New York Islanders,Pittsburgh Penguins,4,3,SO
2024-11-06,St. Louis Blues,Tampa Bay Lightning,St. Louis Blues,Tampa Bay Lightning,3,2,REG
2024-11-06,Minnesota Wild,Los Angeles Kings,Los Angeles Kings,Minnesota Wild,5,1,REG
2024-11-06,Winnipeg Jets,Utah Hockey Club,Winnipeg Jets,Utah Hockey Club,3,0,REG
2024-11-06,Colorado Avalanche,Seattle Kraken,Colorado Avalanche,Seattle Kraken,6,3,REG
2024-11-06,Anaheim Ducks,Vancouver Canucks,Vancouver Canucks,Anaheim Ducks,5,1,REG
2024-11-06,San Jose Sharks,Columbus Blue Jackets,San Jose Sharks,Columbus Blue Jackets,2,1,OT
2024-11-07,Washington Capitals,Nashville Predators,Washington Capitals,Nashville Predators,3,2,REG
2024-11-07,Chicago Blackhawks,Detroit Red Wings,Detroit Red Wings,Chicago Blackhawks,4,1,REG
2024-11-07,Edmonton Oilers,Vegas Golden Knights,Vegas Golden Knights,Edmonton Oilers,4,2,REG
2024-11-08,Boston Bruins,Calgary Flames,Boston Bruins,Calgary Flames,4,3,OT
2024-11-08,Ottawa Senators,New York Islanders,New York Islanders,Ottawa Senators,4,2,REG
2024-11-08,Florida Panthers,Nashville Predators,Florida Panthers,Nashville Predators,6,2,REG
2024-11-08,New Jersey Devils,Montreal Canadiens,New Jersey Devils,Montreal Canadiens,5,3,REG
2024-11-08,New York Rangers,Buffalo Sabres,Buffalo Sabres,New York Rangers,5,1,REG
2024-11-08,Carolina Hurricanes,Pittsburgh Penguins,Carolina Hurricanes,Pittsburgh Penguins,5,1,REG
2024-11-08,Tampa Bay Lightning,Philadelphia Flyers,Philadelphia Flyers,Tampa Bay Lightning,2,1,SO
2024-11-08,St. Louis Blues,Utah Hockey Club,Utah Hockey Club,St. Louis Blues,4,2,REG
2024-11-08,Dallas Stars,Chicago Blackhawks,Dallas Stars,Chicago Blackhawks,3,1,REG
2024-11-08,Los Angeles Kings,Vancouver Canucks,Vancouver Canucks,Los Angeles Kings,4,2,REG
2024-11-08,San Jose Sharks,Minnesota Wild,Minnesota Wild,San Jose Sharks,5,2,REG
2024-11-09,Toronto Maple Leafs,Detroit Red Wings,Toronto Maple Leafs,Detroit Red Wings,3,1,REG
2024-11-09,Washington Capitals,Pittsburgh Penguins,Pittsburgh Penguins,Washington Capitals,4,2,REG
2024-11-09,Anaheim Ducks,Minnesota Wild,Minnesota Wild,Anaheim Ducks,5,2,REG
2024-11-09,Seattle Kraken,Vegas Golden Knights,Seattle Kraken,Vegas Golden Knights,4,3,OT
2024-11-09,Buffalo Sabres,Calgary Flames,Buffalo Sabres,Calgary Flames,3,2,SO
2024-11-09,Winnipeg Jets,Dallas Stars,Winnipeg Jets,Dallas Stars,4,1,REG
2024-11-09,Florida Panthers,Philadelphia Flyers,Florida Panthers,Philadelphia Flyers,4,3,SO
2024-11-10,Boston Bruins,Ottawa Senators,Ottawa Senators,Boston Bruins,3,2,OT
2024-11-10,Toronto Maple Leafs,Montreal Canadiens,Toronto Maple Leafs,Montreal Canadiens,4,1,REG
2024-11-10,Detroit Red Wings,New York Rangers,New York Rangers,Detroit Red Wings,4,0,REG
2024-11-10,St. Louis Blues,Washington Capitals,Washington Capitals,St. Louis Blues,5,1,REG
2024-11-10,New York Islanders,New Jersey Devils,New Jersey Devils,New York Islanders,4,3,OT
2024-11-10,Nashville Predators,Utah Hockey Club,Nashville Predators,Utah Hockey Club,4,0,REG
2024-11-10,Colorado Avalanche,Carolina Hurricanes,Colorado Avalanche,Carolina Hurricanes,6,4,REG
2024-11-10,Los Angeles Kings,Columbus Blue Jackets,Los Angeles Kings,Columbus Blue Jackets,5,2,REG
2024-11-10,Vancouver Canucks,Edmonton Oilers,Edmonton Oilers,Vancouver Canucks,7,3,REG
2024-11-11,Chicago Blackhawks,Minnesota Wild,Chicago Blackhawks,Minnesota Wild,2,1,OT
2024-11-11,Anaheim Ducks,Columbus Blue Jackets,Anaheim Ducks,Columbus Blue Jackets,4,2,REG
2024-11-11,Buffalo Sabres,Montreal Canadiens,Montreal Canadiens,Buffalo Sabres,7,5,REG
2024-11-12,Philadelphia Flyers,San Jose Sharks,Philadelphia Flyers,San Jose Sharks,4,3,SO
2024-11-12,Pittsburgh Penguins,Dallas Stars,Dallas Stars,Pittsburgh Penguins,5,1,REG
2024-11-12,Calgary Flames,Los Angeles Kings,Calgary Flames,Los Angeles Kings,3,1,REG
2024-11-12,Colorado Avalanche,Nashville Predators,Colorado Avalanche,Nashville Predators,3,2,OT
2024-11-12,Vegas Golden Knights,Carolina Hurricanes,Carolina Hurricanes,Vegas Golden Knights,5,2,REG
2024-11-13,Toronto Maple Leafs,Ottawa Senators,Ottawa Senators,Toronto Maple Leafs,3,0,REG
2024-11-13,New York Rangers,Winnipeg Jets,Winnipeg Jets,New York Rangers,6,3,REG
2024-11-13,Florida Panthers,New Jersey Devils,New Jersey Devils,Florida Panthers,4,1,REG
2024-11-13,St. Louis Blues,Boston Bruins,Boston Bruins,St. Louis Blues,3,2,REG
2024-11-13,Edmonton Oilers,New York Islanders,Edmonton Oilers,New York Islanders,4,3,OT
2024-11-13,Vancouver Canucks,Calgary Flames,Vancouver Canucks,Calgary Flames,3,1,REG
2024-11-13,Seattle Kraken,Columbus Blue Jackets,Seattle Kraken,Columbus Blue Jackets,5,2,REG
2024-11-14,Pittsburgh Penguins,Detroit Red Wings,Detroit Red Wings,Pittsburgh Penguins,3,2,OT
2024-11-14,Washington Capitals,Toronto Maple Leafs,Toronto Maple Leafs,Washington Capitals,4,3,OT
2024-11-14,Utah Hockey Club,Carolina Hurricanes,Utah Hockey Club,Carolina Hurricanes,4,1,REG
2024-11-14,Colorado Avalanche,Los Angeles Kings,Colorado Avalanche,Los Angeles Kings,4,2,REG
2024-11-14,Anaheim Ducks,Vegas Golden Knights,Vegas Golden Knights,Anaheim Ducks,3,2,REG
2024-11-15,Ottawa Senators,Philadelphia Flyers,Philadelphia Flyers,Ottawa Senators,5,4,OT
2024-11-15,Tampa Bay Lightning,Winnipeg Jets,Tampa Bay Lightning,Winnipeg Jets,4,1,REG
2024-11-15,Florida Panthers,New Jersey Devils,New Jersey Devils,Florida Panthers,6,2,REG
2024-11-15,New York Rangers,San Jose Sharks,New York Rangers,San Jose Sharks,3,2,REG
2024-11-15,Buffalo Sabres,St. Louis Blues,Buffalo Sabres,St. Louis Blues,4,3,OT
2024-11-15,Dallas Stars,Boston Bruins,Dallas Stars,Boston Bruins,6,2,REG
2024-11-15,Minnesota Wild,Montreal Canadiens,Minnesota Wild,Montreal Canadiens,3,0,REG
2024-11-15,Edmonton Oilers,Nashville Predators,Edmonton Oilers,Nashville Predators,3,2,OT
2024-11-15,Vancouver Canucks,New York Islanders,New York Islanders,Vancouver Canucks,5,2,REG
2024-11-15,Seattle Kraken,Chicago Blackhawks,Seattle Kraken,Chicago Blackhawks,3,1,REG
2024-11-16,Columbus Blue Jackets,Pittsburgh Penguins,Columbus Blue Jackets,Pittsburgh Penguins,6,2,REG
2024-11-16,Colorado Avalanche,Washington Capitals,Washington Capitals,Colorado Avalanche,5,2,REG
2024-11-16,Calgary Flames,Nashville Predators,Calgary Flames,Nashville Predators,2,0,REG
2024-11-16,Utah Hockey Club,Vegas Golden Knights,Vegas Golden Knights,Utah Hockey Club,4,2,REG
2024-11-16,Anaheim Ducks,Detroit Red Wings,Anaheim Ducks,Detroit Red Wings,6,4,REG
2024-11-16,Boston Bruins,St. Louis Blues,St. Louis Blues,Boston Bruins,3,2,OT
2024-11-16,Seattle Kraken,New York Islanders,Seattle Kraken,New York Islanders,3,2,REG
2024-11-17,Toronto Maple Leafs,Edmonton Oilers,Toronto Maple Leafs,Edmonton Oilers,4,3,OT
2024-11-17,Montreal Canadiens,Columbus Blue Jackets,Montreal Canadiens,Columbus Blue Jackets,5,1,REG
2024-11-17,Tampa Bay Lightning,New Jersey Devils,Tampa Bay Lightning,New Jersey Devils,4,0,REG
2024-11-17,Florida Panthers,Winnipeg Jets,Florida Panthers,Winnipeg Jets,4,0,REG
2024-11-17,Philadelphia Flyers,Buffalo Sabres,Philadelphia Flyers,Buffalo Sabres,5,2,REG
2024-11-17,Pittsburgh Penguins,San Jose Sharks,Pittsburgh Penguins,San Jose Sharks,4,3,SO
2024-11-17,Carolina Hurricanes,Ottawa Senators,Carolina Hurricanes,Ottawa Senators,4,0,REG
2024-11-17,Minnesota Wild,Dallas Stars,Dallas Stars,Minnesota Wild,2,1,REG
2024-11-17,Los Angeles Kings,Detroit Red Wings,Los Angeles Kings,Detroit Red Wings,4,1,REG
2024-11-17,Vancouver Canucks,Chicago Blackhawks,Vancouver Canucks,Chicago Blackhawks,4,1,REG
2024-11-17,Carolina Hurricanes,St. Louis Blues,Carolina Hurricanes,St. Louis Blues,4,1,REG
2024-11-18,Vegas Golden Knights,Washington Capitals,Washington Capitals,Vegas Golden Knights,5,2,REG
2024-11-18,Seattle Kraken,New York Rangers,New York Rangers,Seattle Kraken,2,0,REG
2024-11-18,Vancouver Canucks,Nashville Predators,Nashville Predators,Vancouver Canucks,5,3,REG
2024-11-19,Boston Bruins,Columbus Blue Jackets,Columbus Blue Jackets,Boston Bruins,5,1,REG
2024-11-19,Philadelphia Flyers,Colorado Avalanche,Colorado Avalanche,Philadelphia Flyers,3,2,REG
2024-11-19,Montreal Canadiens,Edmonton Oilers,Montreal Canadiens,Edmonton Oilers,3,0,REG
2024-11-19,Dallas Stars,Anaheim Ducks,Anaheim Ducks,Dallas Stars,4,2,REG
2024-11-19,Utah Hockey Club,Washington Capitals,Washington Capitals,Utah Hockey Club,6,2,REG
2024-11-19,San Jose Sharks,Detroit Red Wings,San Jose Sharks,Detroit Red Wings,5,4,OT
2024-11-20,Ottawa Senators,Edmonton Oilers,Edmonton Oilers,Ottawa Senators,5,2,REG
2024-11-20,Pittsburgh Penguins,Tampa Bay Lightning,Tampa Bay Lightning,Pittsburgh Penguins,3,2,OT
2024-11-20,St. Louis Blues,Minnesota Wild,Minnesota Wild,St. Louis Blues,4,2,REG
2024-11-20,Winnipeg Jets,Florida Panthers,Winnipeg Jets,Florida Panthers,6,3,REG
2024-11-20,Chicago Blackhawks,Anaheim Ducks,Anaheim Ducks,Chicago Blackhawks,3,2,REG
2024-11-20,Calgary Flames,New York Islanders,Calgary Flames,New York Islanders,2,1,SO
2024-11-20,Vancouver Canucks,New York Rangers,New York Rangers,Vancouver Canucks,4,3,REG
2024-11-21,Toronto Maple Leafs,Vegas Golden Knights,Toronto Maple Leafs,Vegas Golden Knights,3,0,REG
2024-11-21,Philadelphia Flyers,Carolina Hurricanes,Carolina Hurricanes,Philadelphia Flyers,4,1,REG
2024-11-21,Dallas Stars,San Jose Sharks,Dallas Stars,San Jose Sharks,5,2,REG
2024-11-21,Seattle Kraken,Nashville Predators,Seattle Kraken,Nashville Predators,3,0,REG
2024-11-22,Ottawa Senators,Vegas Golden Knights,Vegas Golden Knights,Ottawa Senators,3,2,REG
2024-11-22,Detroit Red Wings,New York Islanders,Detroit Red Wings,New York Islanders,2,1,REG
2024-11-22,New Jersey Devils,Carolina Hurricanes,New Jersey Devils,Carolina Hurricanes,4,2,REG
2024-11-22,Washington Capitals,Colorado Avalanche,Colorado Avalanche,Washington Capitals,2,1,REG
2024-11-22,Columbus Blue Jackets,Tampa Bay Lightning,Columbus Blue Jackets,Tampa Bay Lightning,7,6,OT
2024-11-22,St. Louis Blues,San Jose Sharks,St. Louis Blues,San Jose Sharks,3,2,SO
2024-11-22,Chicago Blackhawks,Florida Panthers,Chicago Blackhawks,Florida Panthers,3,1,REG
2024-11-22,Calgary Flames,New York Rangers,Calgary Flames,New York Rangers,3,2,REG
2024-11-22,Edmonton Oilers,Minnesota Wild,Minnesota Wild,Edmonton Oilers,5,3,REG
2024-11-23,Pittsburgh Penguins,Winnipeg Jets,Winnipeg Jets,Pittsburgh Penguins,4,1,REG
2024-11-23,Anaheim Ducks,Buffalo Sabres,Buffalo Sabres,Anaheim Ducks,3,2,OT
2024-11-23,Philadelphia Flyers,Chicago Blackhawks,Philadelphia Flyers,Chicago Blackhawks,3,2,OT
2024-11-23,Calgary Flames,Minnesota Wild,Calgary Flames,Minnesota Wild,4,3,SO
2024-11-23,Los Angeles Kings,Seattle Kraken,Los Angeles Kings,Seattle Kraken,2,1,REG
2024-11-23,Florida Panthers,Colorado Avalanche,Colorado Avalanche,Florida Panthers,7,4,REG
2024-11-24,Montreal Canadiens,Vegas Golden Knights,Vegas Golden Knights,Montreal Canadiens,6,2,REG
2024-11-24,Ottawa Senators,Vancouver Canucks,Vancouver Canucks,Ottawa Senators,4,3,REG
2024-11-24,Detroit Red Wings,Boston Bruins,Boston Bruins,Detroit Red Wings,2,1,REG
2024-11-24,Tampa Bay Lightning,Dallas Stars,Dallas Stars,Tampa Bay Lightning,4,2,REG
2024-11-24,Pittsburgh Penguins,Utah Hockey Club,Utah Hockey Club,Pittsburgh Penguins,5,1,REG
2024-11-24,Washington Capitals,New Jersey Devils,New Jersey Devils,Washington Capitals,3,2,REG
2024-11-24,Columbus Blue Jackets,Carolina Hurricanes,Columbus Blue Jackets,Carolina Hurricanes,5,4,SO
2024-11-24,Nashville Predators,Winnipeg Jets,Nashville Predators,Winnipeg Jets,4,1,REG
2024-11-24,New York Islanders,St. Louis Blues,New York Islanders,St. Louis Blues,3,1,REG
2024-11-24,San Jose Sharks,Buffalo Sabres,Buffalo Sabres,San Jose Sharks,4,2,REG
2024-11-24,Edmonton Oilers,New York Rangers,Edmonton Oilers,New York Rangers,6,2,REG
2024-11-25,Toronto Maple Leafs,Utah Hockey Club,Toronto Maple Leafs,Utah Hockey Club,3,2,REG
2024-11-26,Tampa Bay Lightning,Colorado Avalanche,Tampa Bay Lightning,Colorado Avalanche,6,2,REG
2024-11-26,Florida Panthers,Washington Capitals,Washington Capitals,Florida Panthers,4,1,REG
2024-11-26,New Jersey Devils,Nashville Predators,New Jersey Devils,Nashville Predators,5,2,REG
2024-11-26,New York Rangers,St. Louis Blues,St. Louis Blues,New York Rangers,5,2,REG
2024-11-26,Philadelphia Flyers,Vegas Golden Knights,Vegas Golden Knights,Philadelphia Flyers,5,4,SO
2024-11-26,Carolina Hurricanes,Dallas Stars,Carolina Hurricanes,Dallas Stars,6,4,REG
2024-11-26,Ottawa Senators,Calgary Flames,Ottawa Senators,Calgary Flames,4,3,REG
2024-11-26,New York Islanders,Detroit Red Wings,Detroit Red Wings,New York Islanders,4,2,REG
2024-11-26,Minnesota Wild,Winnipeg Jets,Winnipeg Jets,Minnesota Wild,4,1,REG
2024-11-26,Anaheim Ducks,Seattle Kraken,Seattle Kraken,Anaheim Ducks,3,2,REG
2024-11-26,San Jose Sharks,Los Angeles Kings,San Jose Sharks,Los Angeles Kings,6,2,REG
2024-11-27,Boston Bruins,Vancouver Canucks,Vancouver Canucks,Boston Bruins,2,0,REG
2024-11-27,Montreal Canadiens,Utah Hockey Club,Utah Hockey Club,Montreal Canadiens,3,2,OT
2024-11-28,New Jersey Devils,St. Louis Blues,St. Louis Blues,New Jersey Devils,3,0,REG
2024-11-28,Carolina Hurricanes,New York Rangers,Carolina Hurricanes,New York Rangers,4,3,REG
2024-11-28,Detroit Red Wings,Calgary Flames,Detroit Red Wings,Calgary Flames,2,1,OT
2024-11-28,Tampa Bay Lightning,Washington Capitals,Washington Capitals,Tampa Bay Lightning,5,4,REG
2024-11-28,Florida Panthers,Toronto Maple Leafs,Florida Panthers,Toronto Maple Leafs,5,1,REG
2024-11-28,New York Islanders,Boston Bruins,Boston Bruins,New York Islanders,6,3,REG
2024-11-28,Pittsburgh Penguins,Vancouver Canucks,Pittsburgh Penguins,Vancouver Canucks,5,4,REG
2024-11-28,Columbus Blue Jackets,Montreal Canadiens,Montreal Canadiens,Columbus Blue Jackets,4,3,OT
2024-11-28,Nashville Predators,Philadelphia Flyers,Philadelphia Flyers,Nashville Predators,3,2,OT
2024-11-28,Chicago Blackhawks,Dallas Stars,Chicago Blackhawks,Dallas Stars,6,2,REG
2024-11-28,Colorado Avalanche,Vegas Golden Knights,Colorado Avalanche,Vegas Golden Knights,2,1,SO
2024-11-28,Los Angeles Kings,Winnipeg Jets,Los Angeles Kings,Winnipeg Jets,4,1,REG
2024-11-28,Seattle Kraken,Anaheim Ducks,Anaheim Ducks,Seattle Kraken,5,2,REG
2024-11-28,San Jose Sharks,Ottawa Senators,Ottawa Senators,San Jose Sharks,4,3,REG
2024-11-29,Philadelphia Flyers,New York Rangers,Philadelphia Flyers,New York Rangers,3,1,REG
2024-11-29,Minnesota Wild,Chicago Blackhawks,Minnesota Wild,Chicago Blackhawks,3,2,REG
2024-11-29,Buffalo Sabres,Vancouver Canucks,Vancouver Canucks,Buffalo Sabres,4,3,OT
2024-11-29,Detroit Red Wings,New Jersey Devils,New Jersey Devils,Detroit Red Wings,5,4,REG
2024-11-29,Washington Capitals,New York Islanders,Washington Capitals,New York Islanders,5,4,OT
2024-11-29,Carolina Hurricanes,Florida Panthers,Florida Panthers,Carolina Hurricanes,6,3,REG
2024-11-29,Columbus Blue Jackets,Calgary Flames,Columbus Blue Jackets,Calgary Flames,5,2,REG
2024-11-29,Nashville Predators,Tampa Bay Lightning,Tampa Bay Lightning,Nashville Predators,3,2,OT
2024-11-29,Anaheim Ducks,Los Angeles Kings,Los Angeles Kings,Anaheim Ducks,2,1,REG
2024-11-29,San Jose Sharks,Seattle Kraken,San Jose Sharks,Seattle Kraken,8,5,REG
2024-11-29,Boston Bruins,Pittsburgh Penguins,Pittsburgh Penguins,Boston Bruins,2,1,REG
2024-11-30,Vegas Golden Knights,Winnipeg Jets,Vegas Golden Knights,Winnipeg Jets,4,3,REG
2024-11-30,Dallas Stars,Colorado Avalanche,Dallas Stars,Colorado Avalanche,5,3,REG
2024-11-30,Utah Hockey Club,Edmonton Oilers,Edmonton Oilers,Utah Hockey Club,4,3,OT
2024-11-30,New York Rangers,Montreal Canadiens,New York Rangers,Montreal Canadiens,4,3,REG
2024-11-30,Florida Panthers,Carolina Hurricanes,Florida Panthers,Carolina Hurricanes,4,0,REG
2024-12-01,Tampa Bay Lightning,Toronto Maple Leafs,Toronto Maple Leafs,Tampa Bay Lightning,5,3,REG
2024-12-01,New Jersey Devils,Washington Capitals,Washington Capitals,New Jersey Devils,6,5,REG
2024-12-01,Pittsburgh Penguins,Calgary Flames,Pittsburgh Penguins,Calgary Flames,6,2,REG
2024-12-01,St. Louis Blues,Philadelphia Flyers,Philadelphia Flyers,St. Louis Blues,3,2,OT
2024-12-01,Los Angeles Kings,Ottawa Senators,Los Angeles Kings,Ottawa Senators,5,2,REG
2024-12-01,New York Islanders,Buffalo Sabres,New York Islanders,Buffalo Sabres,3,0,REG
2024-12-01,Minnesota Wild,Nashville Predators,Minnesota Wild,Nashville Predators,3,2,OT
2024-12-01,Colorado Avalanche,Edmonton Oilers,Edmonton Oilers,Colorado Avalanche,4,1,REG
2024-12-01,Vegas Golden Knights,Utah Hockey Club,Utah Hockey Club,Vegas Golden Knights,4,0,REG
2024-12-01,Seattle Kraken,San Jose Sharks,San Jose Sharks,Seattle Kraken,4,2,REG
2024-12-01,Detroit Red Wings,Vancouver Canucks,Vancouver Canucks,Detroit Red Wings,5,4,OT
2024-12-01,Boston Bruins,Montreal Canadiens,Boston Bruins,Montreal Canadiens,6,3,REG
2024-12-01,Chicago Blackhawks,Columbus Blue Jackets,Columbus Blue Jackets,Chicago Blackhawks,6,3,REG
2024-12-01,Dallas Stars,Winnipeg Jets,Dallas Stars,Winnipeg Jets,3,1,REG
2024-12-02,Anaheim Ducks,Ottawa Senators,Anaheim Ducks,Ottawa Senators,4,3,SO
2024-12-03,New York Rangers,New Jersey Devils,New Jersey Devils,New York Rangers,5,1,REG
2024-12-03,Toronto Maple Leafs,Chicago Blackhawks,Toronto Maple Leafs,Chicago Blackhawks,4,1,REG
2024-12-03,Utah Hockey Club,Dallas Stars,Dallas Stars,Utah Hockey Club,2,1,REG
2024-12-04,Boston Bruins,Detroit Red Wings,Boston Bruins,Detroit Red Wings,3,2,OT
2024-12-04,Buffalo Sabres,Colorado Avalanche,Colorado Avalanche,Buffalo Sabres,5,4,REG
2024-12-04,Montreal Canadiens,New York Islanders,Montreal Canadiens,New York Islanders,2,1,OT
2024-12-04,Pittsburgh Penguins,Florida Panthers,Pittsburgh Penguins,Florida Panthers,5,4,OT
2024-12-04,Washington Capitals,San Jose Sharks,San Jose Sharks,Washington Capitals,2,1,OT
2024-12-04,Carolina Hurricanes,Seattle Kraken,Seattle Kraken,Carolina Hurricanes,4,2,REG
2024-12-04,Minnesota Wild,Vancouver Canucks,Minnesota Wild,Vancouver Canucks,3,2,OT
2024-12-04,Winnipeg Jets,St. Louis Blues,St. Louis Blues,Winnipeg Jets,4,1,REG
2024-12-04,Calgary Flames,Columbus Blue Jackets,Calgary Flames,Columbus Blue Jackets,3,0,REG
2024-12-05,Toronto Maple Leafs,Nashville Predators,Toronto Maple Leafs,Nashville Predators,3,2,REG
2024-12-05,Chicago Blackhawks,Boston Bruins,Boston Bruins,Chicago Blackhawks,4,2,REG
2024-12-05,Anaheim Ducks,Vegas Golden Knights,Vegas Golden Knights,Anaheim Ducks,4,1,REG
2024-12-05,Los Angeles Kings,Dallas Stars,Los Angeles Kings,Dallas Stars,3,2,REG
2024-12-06,Buffalo Sabres,Winnipeg Jets,Winnipeg Jets,Buffalo Sabres,3,2,OT
2024-12-06,Montreal Canadiens,Nashville Predators,Montreal Canadiens,Nashville Predators,3,0,REG
2024-12-06,Ottawa Senators,Detroit Red Wings,Ottawa Senators,Detroit Red Wings,2,1,REG
2024-12-06,Tampa Bay Lightning,San Jose Sharks,Tampa Bay Lightning,San Jose Sharks,5,1,REG
2024-12-06,Philadelphia Flyers,Florida Panthers,Florida Panthers,Philadelphia Flyers,7,5,REG
2024-12-06,Carolina Hurricanes,Colorado Avalanche,Carolina Hurricanes,Colorado Avalanche,5,3,REG
2024-12-06,New York Islanders,Seattle Kraken,Seattle Kraken,New York Islanders,5,2,REG
2024-12-06,Calgary Flames,St. Louis Blues,St. Louis Blues,Calgary Flames,4,3,OT
2024-12-06,Edmonton Oilers,Columbus Blue Jackets,Edmonton Oilers,Columbus Blue Jackets,6,3,REG
2024-12-07,Toronto Maple Leafs,Washington Capitals,Washington Capitals,Toronto Maple Leafs,3,1,REG
2024-12-07,New Jersey Devils,Seattle Kraken,New Jersey Devils,Seattle Kraken,3,2,REG
2024-12-07,New York Rangers,Pittsburgh Penguins,New York Rangers,Pittsburgh Penguins,4,2,REG
2024-12-07,Vancouver Canucks,Columbus Blue Jackets,Vancouver Canucks,Columbus Blue Jackets,5,2,REG
2024-12-07,Vegas Golden Knights,Dallas Stars,Vegas Golden Knights,Dallas Stars,3,2,REG
2024-12-07,Anaheim Ducks,Minnesota Wild,Minnesota Wild,Anaheim Ducks,5,1,REG
2024-12-07,Boston Bruins,Philadelphia Flyers,Boston Bruins,Philadelphia Flyers,4,3,OT
2024-12-07,Buffalo Sabres,Utah Hockey Club,Utah Hockey Club,Buffalo Sabres,5,2,REG
2024-12-07,Chicago Blackhawks,Winnipeg Jets,Winnipeg Jets,Chicago Blackhawks,4,2,REG
2024-12-07,New York Islanders,Carolina Hurricanes,New York Islanders,Carolina Hurricanes,4,3,REG
2024-12-07,Florida Panthers,San Jose Sharks,Florida Panthers,San Jose Sharks,3,1,REG
2024-12-08,Montreal Canadiens,Washington Capitals,Washington Capitals,Montreal Canadiens,4,2,REG
2024-12-08,Ottawa Senators,Nashville Predators,Ottawa Senators,Nashville Predators,3,1,REG
2024-12-08,Detroit Red Wings,Colorado Avalanche,Colorado Avalanche,Detroit Red Wings,2,1,REG
2024-12-08,Pittsburgh Penguins,Toronto Maple Leafs,Pittsburgh Penguins,Toronto Maple Leafs,5,2,REG
2024-12-08,Los Angeles Kings,Minnesota Wild,Los Angeles Kings,Minnesota Wild,4,1,REG
2024-12-08,Edmonton Oilers,St. Louis Blues,Edmonton Oilers,St. Louis Blues,4,2,REG
2024-12-08,New York Rangers,Seattle Kraken,Seattle Kraken,New York Rangers,7,5,REG
2024-12-08,Vancouver Canucks,Tampa Bay Lightning,Tampa Bay Lightning,Vancouver Canucks,4,2,REG
2024-12-08,Ottawa Senators,New York Islanders,New York Islanders,Ottawa Senators,4,2,REG
2024-12-08,Winnipeg Jets,Columbus Blue Jackets,Columbus Blue Jackets,Winnipeg Jets,4,1,REG
2024-12-09,New Jersey Devils,Colorado Avalanche,Colorado Avalanche,New Jersey Devils,4,0,REG
2024-12-09,Philadelphia Flyers,Utah Hockey Club,Utah Hockey Club,Philadelphia Flyers,4,2,REG
2024-12-09,Dallas Stars,Calgary Flames,Dallas Stars,Calgary Flames,6,2,REG
2024-12-10,Buffalo Sabres,Detroit Red Wings,Detroit Red Wings,Buffalo Sabres,6,5,SO
2024-12-10,New York Rangers,Chicago Blackhawks,Chicago Blackhawks,New York Rangers,2,1,REG
2024-12-10,Montreal Canadiens,Anaheim Ducks,Montreal Canadiens,Anaheim Ducks,3,2,SO
2024-12-11,New Jersey Devils,Toronto Maple Leafs,Toronto Maple Leafs,New Jersey Devils,2,1,OT
2024-12-11,Pittsburgh Penguins,Colorado Avalanche,Colorado Avalanche,Pittsburgh Penguins,6,2,REG
2024-12-11,Carolina Hurricanes,San Jose Sharks,Carolina Hurricanes,San Jose Sharks,3,2,REG
2024-12-11,Columbus Blue Jackets,Philadelphia Flyers,Philadelphia Flyers,Columbus Blue Jackets,5,3,REG
2024-12-11,New York Islanders,Los Angeles Kings,Los Angeles Kings,New York Islanders,3,1,REG
2024-12-11,Nashville Predators,Calgary Flames,Calgary Flames,Nashville Predators,4,3,REG
2024-12-11,Winnipeg Jets,Boston Bruins,Winnipeg Jets,Boston Bruins,5,1,REG
2024-12-11,Edmonton Oilers,Tampa Bay Lightning,Edmonton Oilers,Tampa Bay Lightning,2,1,REG
2024-12-11,Utah Hockey Club,Minnesota Wild,Minnesota Wild,Utah Hockey Club,5,4,SO
2024-12-11,Vancouver Canucks,St. Louis Blues,St. Louis Blues,Vancouver Canucks,4,3,OT
2024-12-11,Seattle Kraken,Florida Panthers,Florida Panthers,Seattle Kraken,2,1,SO
2024-12-12,Buffalo Sabres,New York Rangers,New York Rangers,Buffalo Sabres,3,2,REG
2024-12-12,Ottawa Senators,Anaheim Ducks,Ottawa Senators,Anaheim Ducks,5,1,REG
2024-12-13,Toronto Maple Leafs,Anaheim Ducks,Toronto Maple Leafs,Anaheim Ducks,3,2,REG
2024-12-13,Montreal Canadiens,Pittsburgh Penguins,Pittsburgh Penguins,Montreal Canadiens,6,2,REG
2024-12-13,New Jersey Devils,Los Angeles Kings,New Jersey Devils,Los Angeles Kings,3,1,REG
2024-12-13,Philadelphia Flyers,Detroit Red Wings,Philadelphia Flyers,Detroit Red Wings,4,1,REG
2024-12-13,Columbus Blue Jackets,Washington Capitals,Washington Capitals,Columbus Blue Jackets,2,1,OT
2024-12-13,New York Islanders,Chicago Blackhawks,New York Islanders,Chicago Blackhawks,5,4,REG
2024-12-13,St. Louis Blues,San Jose Sharks,San Jose Sharks,St. Louis Blues,4,3,REG
2024-12-13,Dallas Stars,Nashville Predators,Nashville Predators,Dallas Stars,4,1,REG
2024-12-13,Winnipeg Jets,Vegas Golden Knights,Vegas Golden Knights,Winnipeg Jets,3,2,OT
2024-12-13,Minnesota Wild,Edmonton Oilers,Edmonton Oilers,Minnesota Wild,5,1,REG
2024-12-13,Colorado Avalanche,Utah Hockey Club,Utah Hockey Club,Colorado Avalanche,4,1,REG
2024-12-13,Calgary Flames,Tampa Bay Lightning,Tampa Bay Lightning,Calgary Flames,7,3,REG
2024-12-13,Vancouver Canucks,Florida Panthers,Vancouver Canucks,Florida Panthers,4,0,REG
2024-12-13,Seattle Kraken,Boston Bruins,Seattle Kraken,Boston Bruins,5,1,REG
2024-12-14,Carolina Hurricanes,Ottawa Senators,Ottawa Senators,Carolina Hurricanes,3,0,REG
2024-12-14,New Jersey Devils,Chicago Blackhawks,New Jersey Devils,Chicago Blackhawks,4,1,REG
2024-12-14,New York Rangers,Los Angeles Kings,Los Angeles Kings,New York Rangers,5,1,REG
2024-12-14,Minnesota Wild,Philadelphia Flyers,Minnesota Wild,Philadelphia Flyers,4,1,REG
2024-12-14,Edmonton Oilers,Vegas Golden Knights,Edmonton Oilers,Vegas Golden Knights,6,3,REG
2024-12-15,Ottawa Senators,Pittsburgh Penguins,Ottawa Senators,Pittsburgh Penguins,3,2,OT
2024-12-15,Detroit Red Wings,Toronto Maple Leafs,Detroit Red Wings,Toronto Maple Leafs,4,2,REG
2024-12-15,Washington Capitals,Buffalo Sabres,Washington Capitals,Buffalo Sabres,4,2,REG
2024-12-15,Columbus Blue Jackets,Anaheim Ducks,Anaheim Ducks,Columbus Blue Jackets,4,3,OT
2024-12-15,Winnipeg Jets,Montreal Canadiens,Winnipeg Jets,Montreal Canadiens,4,2,REG
2024-12-15,Dallas Stars,St. Louis Blues,Dallas Stars,St. Louis Blues,2,1,OT
2024-12-15,Colorado Avalanche,Nashville Predators,Colorado Avalanche,Nashville Predators,5,2,REG
2024-12-15,Calgary Flames,Florida Panthers,Calgary Flames,Florida Panthers,3,0,REG
2024-12-15,Vancouver Canucks,Boston Bruins,Boston Bruins,Vancouver Canucks,5,1,REG
2024-12-15,San Jose Sharks,Utah Hockey Club,Utah Hockey Club,San Jose Sharks,4,3,REG
2024-12-15,Seattle Kraken,Tampa Bay Lightning,Tampa Bay Lightning,Seattle Kraken,5,1,REG
2024-12-15,Chicago Blackhawks,New York Islanders,Chicago Blackhawks,New York Islanders,5,3,REG
2024-12-15,Toronto Maple Leafs,Buffalo Sabres,Toronto Maple Leafs,Buffalo Sabres,5,3,REG
2024-12-15,Carolina Hurricanes,Columbus Blue Jackets,Carolina Hurricanes,Columbus Blue Jackets,4,1,REG
2024-12-15,St. Louis Blues,New York Rangers,St. Louis Blues,New York Rangers,3,2,REG
2024-12-15,Minnesota Wild,Vegas Golden Knights,Vegas Golden Knights,Minnesota Wild,3,2,REG
2024-12-17,Dallas Stars,Washington Capitals,Dallas Stars,Washington Capitals,3,1,REG
2024-12-17,Edmonton Oilers,Florida Panthers,Florida Panthers,Edmonton Oilers,6,5,REG
2024-12-17,Vancouver Canucks,Colorado Avalanche,Vancouver Canucks,Colorado Avalanche,3,1,REG
2024-12-18,Montreal Canadiens,Buffalo Sabres,Montreal Canadiens,Buffalo Sabres,5,1,REG
2024-12-18,Tampa Bay Lightning,Columbus Blue Jackets,Tampa Bay Lightning,Columbus Blue Jackets,5,3,REG
2024-12-18,Pittsburgh Penguins,Los Angeles Kings,Pittsburgh Penguins,Los Angeles Kings,3,2,OT
2024-12-18,Carolina Hurricanes,New York Islanders,Carolina Hurricanes,New York Islanders,4,0,REG
2024-12-18,St. Louis Blues,New Jersey Devils,New Jersey Devils,St. Louis Blues,4,1,REG
2024-12-18,Nashville Predators,New York Rangers,Nashville Predators,New York Rangers,2,0,REG
2024-12-18,Chicago Blackhawks,Washington Capitals,Chicago Blackhawks,Washington Capitals,3,2,REG
2024-12-18,Calgary Flames,Boston Bruins,Boston Bruins,Calgary Flames,4,3,OT
2024-12-18,Seattle Kraken,Ottawa Senators,Ottawa Senators,Seattle Kraken,3,0,REG
2024-12-18,San Jose Sharks,Winnipeg Jets,Winnipeg Jets,San Jose Sharks,4,3,REG
2024-12-19,Detroit Red Wings,Philadelphia Flyers,Detroit Red Wings,Philadelphia Flyers,6,4,REG
2024-12-19,Dallas Stars,Toronto Maple Leafs,Toronto Maple Leafs,Dallas Stars,5,3,REG
2024-12-19,Minnesota Wild,Florida Panthers,Florida Panthers,Minnesota Wild,5,1,REG
2024-12-19,Utah Hockey Club,Vancouver Canucks,Utah Hockey Club,Vancouver Canucks,3,2,OT
2024-12-19,Anaheim Ducks,Winnipeg Jets,Anaheim Ducks,Winnipeg Jets,3,2,REG
2024-12-20,Tampa Bay Lightning,St. Louis Blues,Tampa Bay Lightning,St. Louis Blues,3,1,REG
2024-12-20,Columbus Blue Jackets,New Jersey Devils,Columbus Blue Jackets,New Jersey Devils,4,2,REG
2024-12-20,Philadelphia Flyers,Los Angeles Kings,Los Angeles Kings,Philadelphia Flyers,7,3,REG
2024-12-20,Nashville Predators,Pittsburgh Penguins,Pittsburgh Penguins,Nashville Predators,5,4,OT
2024-12-20,Chicago Blackhawks,Seattle Kraken,Chicago Blackhawks,Seattle Kraken,3,1,REG
2024-12-20,Calgary Flames,Ottawa Senators,Ottawa Senators,Calgary Flames,3,2,OT
2024-12-20,Edmonton Oilers,Boston Bruins,Edmonton Oilers,Boston Bruins,3,2,OT
2024-12-20,Vegas Golden Knights,Vancouver Canucks,Vegas Golden Knights,Vancouver Canucks,3,1,REG
2024-12-20,San Jose Sharks,Colorado Avalanche,Colorado Avalanche,San Jose Sharks,4,2,REG
2024-12-21,Buffalo Sabres,Toronto Maple Leafs,Toronto Maple Leafs,Buffalo Sabres,6,3,REG
2024-12-21,Detroit Red Wings,Montreal Canadiens,Montreal Canadiens,Detroit Red Wings,4,3,REG
2024-12-21,Florida Panthers,St. Louis Blues,Florida Panthers,St. Louis Blues,2,1,OT
2024-12-21,Washington Capitals,Carolina Hurricanes,Washington Capitals,Carolina Hurricanes,3,1,REG
2024-12-21,Dallas Stars,New York Rangers,New York Rangers,Dallas Stars,3,1,REG
2024-12-21,Minnesota Wild,Utah Hockey Club,Utah Hockey Club,Minnesota Wild,2,1,REG
2024-12-21,Anaheim Ducks,Colorado Avalanche,Colorado Avalanche,Anaheim Ducks,4,2,REG
2024-12-21,Nashville Predators,Los Angeles Kings,Nashville Predators,Los Angeles Kings,3,2,OT
2024-12-21,Calgary Flames,Chicago Blackhawks,Calgary Flames,Chicago Blackhawks,6,4,REG
2024-12-21,Edmonton Oilers,San Jose Sharks,Edmonton Oilers,San Jose Sharks,3,2,OT
2024-12-22,Boston Bruins,Buffalo Sabres,Boston Bruins,Buffalo Sabres,3,1,REG
2024-12-22,Toronto Maple Leafs,New York Islanders,New York Islanders,Toronto Maple Leafs,6,3,REG
2024-12-22,Montreal Canadiens,Detroit Red Wings,Montreal Canadiens,Detroit Red Wings,5,1,REG
2024-12-22,New Jersey Devils,Pittsburgh Penguins,New Jersey Devils,Pittsburgh Penguins,3,0,REG
2024-12-22,Philadelphia Flyers,Columbus Blue Jackets,Philadelphia Flyers,Columbus Blue Jackets,5,4,OT
2024-12-22,Winnipeg Jets,Minnesota Wild,Winnipeg Jets,Minnesota Wild,4,0,REG
2024-12-22,Vancouver Canucks,Ottawa Senators,Ottawa Senators,Vancouver Canucks,5,4,OT
2024-12-22,Vegas Golden Knights,Seattle Kraken,Vegas Golden Knights,Seattle Kraken,6,2,REG
2024-12-22,New York Rangers,Carolina Hurricanes,Carolina Hurricanes,New York Rangers,3,1,REG
2024-12-22,Tampa Bay Lightning,Florida Panthers,Florida Panthers,Tampa Bay Lightning,4,2,REG
2024-12-22,Washington Capitals,Los Angeles Kings,Washington Capitals,Los Angeles Kings,3,1,REG
2024-12-22,Utah Hockey Club,Anaheim Ducks,Anaheim Ducks,Utah Hockey Club,5,4,SO
2024-12-23,Colorado Avalanche,Seattle Kraken,Colorado Avalanche,Seattle Kraken,5,2,REG
2024-12-23,Edmonton Oilers,Ottawa Senators,Edmonton Oilers,Ottawa Senators,3,1,REG
2024-12-23,New Jersey Devils,New York Rangers,New Jersey Devils,New York Rangers,4,0,REG
2024-12-23,Toronto Maple Leafs,Winnipeg Jets,Winnipeg Jets,Toronto Maple Leafs,5,2,REG
2024-12-24,Boston Bruins,Washington Capitals,Boston Bruins,Washington Capitals,4,1,REG
2024-12-24,Detroit Red Wings,St. Louis Blues,St. Louis Blues,Detroit Red Wings,4,0,REG
2024-12-24,Florida Panthers,Tampa Bay Lightning,Tampa Bay Lightning,Florida Panthers,4,0,REG
2024-12-24,Pittsburgh Penguins,Philadelphia Flyers,Pittsburgh Penguins,Philadelphia Flyers,7,3,REG
2024-12-24,Columbus Blue Jackets,Montreal Canadiens,Columbus Blue Jackets,Montreal Canadiens,5,4,REG
2024-12-24,New York Islanders,Buffalo Sabres,Buffalo Sabres,New York Islanders,5,1,REG
2024-12-24,Nashville Predators,Carolina Hurricanes,Nashville Predators,Carolina Hurricanes,5,2,REG
2024-12-24,Minnesota Wild,Chicago Blackhawks,Minnesota Wild,Chicago Blackhawks,4,3,REG
2024-12-24,Vancouver Canucks,San Jose Sharks,Vancouver Canucks,San Jose Sharks,4,3,REG
2024-12-24,Utah Hockey Club,Dallas Stars,Dallas Stars,Utah Hockey Club,3,2,REG
2024-12-24,Vegas Golden Knights,Anaheim Ducks,Vegas Golden Knights,Anaheim Ducks,3,1,REG
2024-12-28,Buffalo Sabres,Chicago Blackhawks,Buffalo Sabres,Chicago Blackhawks,6,2,REG
2024-12-28,Detroit Red Wings,Toronto Maple Leafs,Toronto Maple Leafs,Detroit Red Wings,5,2,REG
2024-12-28,New Jersey Devils,Carolina Hurricanes,New Jersey Devils,Carolina Hurricanes,4,2,REG
2024-12-28,Columbus Blue Jackets,Boston Bruins,Columbus Blue Jackets,Boston Bruins,6,2,REG
2024-12-28,St. Louis Blues,Nashville Predators,St. Louis Blues,Nashville Predators,7,4,REG
2024-12-28,Dallas Stars,Minnesota Wild,Minnesota Wild,Dallas Stars,3,2,OT
2024-12-28,Utah Hockey Club,Colorado Avalanche,Colorado Avalanche,Utah Hockey Club,4,1,REG
2024-12-28,San Jose Sharks,Vegas Golden Knights,Vegas Golden Knights,San Jose Sharks,6,3,REG
2024-12-28,Florida Panthers,Montreal Canadiens,Montreal Canadiens,Florida Panthers,4,0,REG
2024-12-28,Vancouver Canucks,Seattle Kraken,Seattle Kraken,Vancouver Canucks,5,4,OT
2024-12-28,Anaheim Ducks,Philadelphia Flyers,Philadelphia Flyers,Anaheim Ducks,3,1,REG
2024-12-28,Los Angeles Kings,Edmonton Oilers,Los Angeles Kings,Edmonton Oilers,4,3,OT
2024-12-29,Boston Bruins,Columbus Blue Jackets,Boston Bruins,Columbus Blue Jackets,4,0,REG
2024-12-29,Toronto Maple Leafs,Washington Capitals,Washington Capitals,Toronto Maple Leafs,5,2,REG
2024-12-29,Tampa Bay Lightning,New York Rangers,Tampa Bay Lightning,New York Rangers,6,2,REG
2024-12-29,Carolina Hurricanes,New Jersey Devils,Carolina Hurricanes,New Jersey Devils,5,2,REG
2024-12-29,Winnipeg Jets,Ottawa Senators,Winnipeg Jets,Ottawa Senators,4,2,REG
2024-12-29,New York Islanders,Pittsburgh Penguins,New York Islanders,Pittsburgh Penguins,6,3,REG
2024-12-29,San Jose Sharks,Calgary Flames,Calgary Flames,San Jose Sharks,3,1,REG
2024-12-29,St. Louis Blues,Buffalo Sabres,Buffalo Sabres,St. Louis Blues,4,2,REG
2024-12-29,Anaheim Ducks,Edmonton Oilers,Anaheim Ducks,Edmonton Oilers,5,3,REG
2024-12-29,Detroit Red Wings,Washington Capitals,Detroit Red Wings,Washington Capitals,4,2,REG
2024-12-29,Tampa Bay Lightning,Montreal Canadiens,Montreal Canadiens,Tampa Bay Lightning,5,2,REG
2024-12-29,Pittsburgh Penguins,New York Islanders,Pittsburgh Penguins,New York Islanders,3,2,REG
2024-12-30,Minnesota Wild,Ottawa Senators,Ottawa Senators,Minnesota Wild,3,1,REG
2024-12-30,Vegas Golden Knights,Calgary Flames,Vegas Golden Knights,Calgary Flames,3,0,REG
2024-12-30,Chicago Blackhawks,Dallas Stars,Dallas Stars,Chicago Blackhawks,5,1,REG
2024-12-30,Los Angeles Kings,Philadelphia Flyers,Los Angeles Kings,Philadelphia Flyers,5,4,REG
2024-12-31,Florida Panthers,New York Rangers,Florida Panthers,New York Rangers,5,3,REG
2024-12-31,Winnipeg Jets,Nashville Predators,Winnipeg Jets,Nashville Predators,3,0,REG
2024-12-31,Seattle Kraken,Utah Hockey Club,Seattle Kraken,Utah Hockey Club,5,2,REG
2024-12-31,Washington Capitals,Boston Bruins,Washington Capitals,Boston Bruins,3,1,REG
2024-12-31,Toronto Maple Leafs,New York Islanders,Toronto Maple Leafs,New York Islanders,3,1,REG
2024-12-31,Vegas Golden Knights,Montreal Canadiens,Montreal Canadiens,Vegas Golden Knights,3,2,REG
2024-12-31,Chicago Blackhawks,St. Louis Blues,St. Louis Blues,Chicago Blackhawks,6,2,REG
2025-01-01,Detroit Red Wings,Pittsburgh Penguins,Detroit Red Wings,Pittsburgh Penguins,4,2,REG
2025-01-01,Columbus Blue Jackets,Carolina Hurricanes,Columbus Blue Jackets,Carolina Hurricanes,4,3,SO
2025-01-01,Dallas Stars,Buffalo Sabres,Dallas Stars,Buffalo Sabres,4,2,REG
2025-01-01,Minnesota Wild,Nashville Predators,Minnesota Wild,Nashville Predators,5,3,REG
2025-01-01,Colorado Avalanche,Winnipeg Jets,Colorado Avalanche,Winnipeg Jets,5,2,REG
2025-01-01,Anaheim Ducks,New Jersey Devils,Anaheim Ducks,New Jersey Devils,3,2,REG
2025-01-01,San Jose Sharks,Philadelphia Flyers,Philadelphia Flyers,San Jose Sharks,4,0,REG
2025-01-01,Calgary Flames,Vancouver Canucks,Calgary Flames,Vancouver Canucks,3,1,REG
2025-01-01,Edmonton Oilers,Utah Hockey Club,Edmonton Oilers,Utah Hockey Club,4,1,REG
2025-01-01,Los Angeles Kings,New Jersey Devils,Los Angeles Kings,New Jersey Devils,3,0,REG
2025-01-03,Florida Panthers,Carolina Hurricanes,Carolina Hurricanes,Florida Panthers,3,1,REG
2025-01-03,New York Rangers,Boston Bruins,New York Rangers,Boston Bruins,2,1,REG
2025-01-03,Washington Capitals,Minnesota Wild,Minnesota Wild,Washington Capitals,4,3,SO
2025-01-03,Columbus Blue Jackets,Detroit Red Wings,Detroit Red Wings,Columbus Blue Jackets,5,4,REG
2025-01-03,New York Islanders,Toronto Maple Leafs,Toronto Maple Leafs,New York Islanders,2,1,REG
2025-01-03,Dallas Stars,Ottawa Senators,Dallas Stars,Ottawa Senators,4,2,REG
2025-01-03,Winnipeg Jets,Anaheim Ducks,Anaheim Ducks,Winnipeg Jets,4,3,OT
2025-01-03,Colorado Avalanche,Buffalo Sabres,Colorado Avalanche,Buffalo Sabres,6,5,OT
2025-01-03,Calgary Flames,Utah Hockey Club,Utah Hockey Club,Calgary Flames,5,3,REG
2025-01-03,Vegas Golden Knights,Philadelphia Flyers,Vegas Golden Knights,Philadelphia Flyers,5,2,REG
2025-01-03,Seattle Kraken,Vancouver Canucks,Vancouver Canucks,Seattle Kraken,4,3,SO
2025-01-03,San Jose Sharks,Tampa Bay Lightning,San Jose Sharks,Tampa Bay Lightning,2,1,REG
2025-01-04,Florida Panthers,Pittsburgh Penguins,Florida Panthers,Pittsburgh Penguins,3,2,SO
2025-01-04,Chicago Blackhawks,Montreal Canadiens,Chicago Blackhawks,Montreal Canadiens,4,2,REG
2025-01-04,St. Louis Blues,Ottawa Senators,St. Louis Blues,Ottawa Senators,4,0,REG
2025-01-04,Edmonton Oilers,Anaheim Ducks,Edmonton Oilers,Anaheim Ducks,3,2,REG
2025-01-04,Vancouver Canucks,Nashville Predators,Nashville Predators,Vancouver Canucks,3,0,REG
2025-01-04,Washington Capitals,New York Rangers,Washington Capitals,New York Rangers,7,4,REG
2025-01-04,San Jose Sharks,New Jersey Devils,San Jose Sharks,New Jersey Devils,3,2,REG
2025-01-05,Winnipeg Jets,Detroit Red Wings,Detroit Red Wings,Winnipeg Jets,4,2,REG
2025-01-05,Toronto Maple Leafs,Boston Bruins,Toronto Maple Leafs,Boston Bruins,6,4,REG
2025-01-05,Carolina Hurricanes,Minnesota Wild,Minnesota Wild,Carolina Hurricanes,4,0,REG
2025-01-05,Columbus Blue Jackets,St. Louis Blues,Columbus Blue Jackets,St. Louis Blues,6,4,REG
2025-01-05,Colorado Avalanche,Montreal Canadiens,Montreal Canadiens,Colorado Avalanche,2,1,SO
2025-01-05,Dallas Stars,Utah Hockey Club,Dallas Stars,Utah Hockey Club,3,2,OT
2025-01-05,Los Angeles Kings,Tampa Bay Lightning,Los Angeles Kings,Tampa Bay Lightning,2,1,REG
2025-01-05,Calgary Flames,Nashville Predators,Nashville Predators,Calgary Flames,4,1,REG
2025-01-05,Vegas Golden Knights,Buffalo Sabres,Vegas Golden Knights,Buffalo Sabres,3,1,REG
2025-01-05,Seattle Kraken,Edmonton Oilers,Edmonton Oilers,Seattle Kraken,4,2,REG
2025-01-05,Chicago Blackhawks,New York Rangers,New York Rangers,Chicago Blackhawks,6,2,REG
2025-01-05,Boston Bruins,New York Islanders,New York Islanders,Boston Bruins,5,4,OT
2025-01-05,Carolina Hurricanes,Pittsburgh Penguins,Carolina Hurricanes,Pittsburgh Penguins,4,3,OT
2025-01-06,Toronto Maple Leafs,Philadelphia Flyers,Toronto Maple Leafs,Philadelphia Flyers,3,2,OT
2025-01-06,Anaheim Ducks,Tampa Bay Lightning,Anaheim Ducks,Tampa Bay Lightning,4,1,REG
2025-01-07,Buffalo Sabres,Washington Capitals,Buffalo Sabres,Washington Capitals,4,3,SO
2025-01-07,Montreal Canadiens,Vancouver Canucks,Montreal Canadiens,Vancouver Canucks,5,4,OT
2025-01-07,Colorado Avalanche,Florida Panthers,Colorado Avalanche,Florida Panthers,3,1,REG
2025-01-07,Seattle Kraken,New Jersey Devils,New Jersey Devils,Seattle Kraken,3,2,REG
2025-01-08,Boston Bruins,Edmonton Oilers,Edmonton Oilers,Boston Bruins,4,0,REG
2025-01-08,Detroit Red Wings,Ottawa Senators,Detroit Red Wings,Ottawa Senators,3,2,OT
2025-01-08,New York Rangers,Dallas Stars,Dallas Stars,New York Rangers,5,4,OT
2025-01-08,Pittsburgh Penguins,Columbus Blue Jackets,Columbus Blue Jackets,Pittsburgh Penguins,4,3,SO
2025-01-08,Tampa Bay Lightning,Carolina Hurricanes,Tampa Bay Lightning,Carolina Hurricanes,3,2,REG
2025-01-08,Philadelphia Flyers,Toronto Maple Leafs,Toronto Maple Leafs,Philadelphia Flyers,3,2,REG
2025-01-08,Minnesota Wild,St. Louis Blues,Minnesota Wild,St. Louis Blues,6,4,REG
2025-01-08,Winnipeg Jets,Nashville Predators,Winnipeg Jets,Nashville Predators,5,2,REG
2025-01-08,Anaheim Ducks,Calgary Flames,Calgary Flames,Anaheim Ducks,3,2,OT
2025-01-08,San Jose Sharks,Vegas Golden Knights,Vegas Golden Knights,San Jose Sharks,4,2,REG
2025-01-09,Washington Capitals,Vancouver Canucks,Washington Capitals,Vancouver Canucks,2,1,OT
2025-01-09,Chicago Blackhawks,Colorado Avalanche,Chicago Blackhawks,Colorado Avalanche,3,1,REG
2025-01-09,Utah Hockey Club,Florida Panthers,Florida Panthers,Utah Hockey Club,4,1,REG
2025-01-10,Ottawa Senators,Buffalo Sabres,Buffalo Sabres,Ottawa Senators,4,0,REG
2025-01-10,Tampa Bay Lightning,Boston Bruins,Tampa Bay Lightning,Boston Bruins,4,1,REG
2025-01-10,New York Rangers,New Jersey Devils,New York Rangers,New Jersey Devils,3,2,OT
2025-01-10,Philadelphia Flyers,Dallas Stars,Dallas Stars,Philadelphia Flyers,4,1,REG
2025-01-10,Pittsburgh Penguins,Edmonton Oilers,Pittsburgh Penguins,Edmonton Oilers,5,3,REG
2025-01-10,Columbus Blue Jackets,Seattle Kraken,Columbus Blue Jackets,Seattle Kraken,6,2,REG
2025-01-10,Carolina Hurricanes,Toronto Maple Leafs,Carolina Hurricanes,Toronto Maple Leafs,6,3,REG
2025-01-10,St. Louis Blues,Anaheim Ducks,St. Louis Blues,Anaheim Ducks,6,2,REG
2025-01-10,Minnesota Wild,Colorado Avalanche,Colorado Avalanche,Minnesota Wild,5,1,REG
2025-01-10,Vegas Golden Knights,New York Islanders,New York Islanders,Vegas Golden Knights,4,0,REG
2025-01-11,Detroit Red Wings,Chicago Blackhawks,Detroit Red Wings,Chicago Blackhawks,5,3,REG
2025-01-11,Washington Capitals,Montreal Canadiens,Montreal Canadiens,Washington Capitals,3,2,OT
2025-01-11,Carolina Hurricanes,Vancouver Canucks,Carolina Hurricanes,Vancouver Canucks,2,0,REG
2025-01-11,Winnipeg Jets,Los Angeles Kings,Los Angeles Kings,Winnipeg Jets,2,1,OT
2025-01-11,Utah Hockey Club,San Jose Sharks,Utah Hockey Club,San Jose Sharks,2,1,REG
2025-01-11,Florida Panthers,Boston Bruins,Boston Bruins,Florida Panthers,4,3,OT
2025-01-11,Buffalo Sabres,Seattle Kraken,Seattle Kraken,Buffalo Sabres,6,2,REG
2025-01-11,Pittsburgh Penguins,Ottawa Senators,Ottawa Senators,Pittsburgh Penguins,4,0,REG
2025-01-12,Toronto Maple Leafs,Vancouver Canucks,Vancouver Canucks,Toronto Maple Leafs,3,0,REG
2025-01-12,Montreal Canadiens,Dallas Stars,Dallas Stars,Montreal Canadiens,2,1,SO
2025-01-12,New Jersey Devils,Tampa Bay Lightning,New Jersey Devils,Tampa Bay Lightning,3,2,OT
2025-01-12,Philadelphia Flyers,Anaheim Ducks,Philadelphia Flyers,Anaheim Ducks,4,0,REG
2025-01-12,Chicago Blackhawks,Edmonton Oilers,Edmonton Oilers,Chicago Blackhawks,4,3,REG
2025-01-12,St. Louis Blues,Columbus Blue Jackets,Columbus Blue Jackets,St. Louis Blues,2,1,REG
2025-01-12,Winnipeg Jets,Colorado Avalanche,Winnipeg Jets,Colorado Avalanche,3,0,REG
2025-01-12,Nashville Predators,Washington Capitals,Washington Capitals,Nashville Predators,4,1,REG
2025-01-12,Utah Hockey Club,New York Islanders,New York Islanders,Utah Hockey Club,2,1,REG
2025-01-12,Calgary Flames,Los Angeles Kings,Calgary Flames,Los Angeles Kings,2,1,REG
2025-01-12,Vegas Golden Knights,New York Rangers,New York Rangers,Vegas Golden Knights,2,1,REG
2025-01-12,San Jose Sharks,Minnesota Wild,Minnesota Wild,San Jose Sharks,3,1,REG
2025-01-12,Detroit Red Wings,Seattle Kraken,Detroit Red Wings,Seattle Kraken,6,2,REG
2025-01-12,Ottawa Senators,Dallas Stars,Ottawa Senators,Dallas Stars,3,2,REG
2025-01-12,Pittsburgh Penguins,Tampa Bay Lightning,Tampa Bay Lightning,Pittsburgh Penguins,5,2,REG
2025-01-12,Carolina Hurricanes,Anaheim Ducks,Anaheim Ducks,Carolina Hurricanes,3,2,OT
2025-01-13,Vegas Golden Knights,Minnesota Wild,Vegas Golden Knights,Minnesota Wild,4,1,REG
2025-01-14,Philadelphia Flyers,Florida Panthers,Philadelphia Flyers,Florida Panthers,4,3,REG
2025-01-14,Chicago Blackhawks,Calgary Flames,Calgary Flames,Chicago Blackhawks,5,2,REG
2025-01-15,Boston Bruins,Tampa Bay Lightning,Boston Bruins,Tampa Bay Lightning,6,2,REG
2025-01-15,Toronto Maple Leafs,Dallas Stars,Dallas Stars,Toronto Maple Leafs,4,1,REG
2025-01-15,Detroit Red Wings,San Jose Sharks,San Jose Sharks,Detroit Red Wings,6,3,REG
2025-01-15,Pittsburgh Penguins,Seattle Kraken,Seattle Kraken,Pittsburgh Penguins,4,2,REG
2025-01-15,Washington Capitals,Anaheim Ducks,Washington Capitals,Anaheim Ducks,3,0,REG
2025-01-15,Columbus Blue Jackets,Philadelphia Flyers,Columbus Blue Jackets,Philadelphia Flyers,3,2,SO
2025-01-15,New Jersey Devils,Florida Panthers,Florida Panthers,New Jersey Devils,2,1,SO
2025-01-15,New York Islanders,Ottawa Senators,Ottawa Senators,New York Islanders,2,0,REG
2025-01-15,St. Louis Blues,Calgary Flames,St. Louis Blues,Calgary Flames,2,1,REG
2025-01-15,Nashville Predators,Vegas Golden Knights,Nashville Predators,Vegas Golden Knights,5,3,REG
2025-01-15,Winnipeg Jets,Vancouver Canucks,Winnipeg Jets,Vancouver Canucks,5,1,REG
2025-01-15,Colorado Avalanche,New York Rangers,Colorado Avalanche,New York Rangers,3,2,OT
2025-01-15,Utah Hockey Club,Montreal Canadiens,Montreal Canadiens,Utah Hockey Club,5,3,REG
2025-01-15,Buffalo Sabres,Carolina Hurricanes,Buffalo Sabres,Carolina Hurricanes,4,2,REG
2025-01-16,Minnesota Wild,Edmonton Oilers,Edmonton Oilers,Minnesota Wild,5,3,REG
2025-01-17,Toronto Maple Leafs,New Jersey Devils,Toronto Maple Leafs,New Jersey Devils,4,3,OT
2025-01-17,Tampa Bay Lightning,Anaheim Ducks,Tampa Bay Lightning,Anaheim Ducks,4,3,SO
2025-01-17,Florida Panthers,Detroit Red Wings,Detroit Red Wings,Florida Panthers,5,2,REG
2025-01-17,Columbus Blue Jackets,San Jose Sharks,Columbus Blue Jackets,San Jose Sharks,4,1,REG
2025-01-17,New York Islanders,Philadelphia Flyers,Philadelphia Flyers,New York Islanders,5,3,REG
2025-01-17,St. Louis Blues,Calgary Flames,St. Louis Blues,Calgary Flames,4,1,REG
2025-01-17,Nashville Predators,Chicago Blackhawks,Nashville Predators,Chicago Blackhawks,3,2,SO
2025-01-17,Dallas Stars,Montreal Canadiens,Montreal Canadiens,Dallas Stars,3,1,REG
2025-01-17,Winnipeg Jets,Seattle Kraken,Winnipeg Jets,Seattle Kraken,2,1,REG
2025-01-17,Utah Hockey Club,New York Rangers,New York Rangers,Utah Hockey Club,5,3,REG
2025-01-17,Colorado Avalanche,Edmonton Oilers,Edmonton Oilers,Colorado Avalanche,4,3,REG
2025-01-17,Vancouver Canucks,Los Angeles Kings,Los Angeles Kings,Vancouver Canucks,5,1,REG
2025-01-18,Buffalo Sabres,Pittsburgh Penguins,Pittsburgh Penguins,Buffalo Sabres,5,2,REG
2025-01-18,Carolina Hurricanes,Vegas Golden Knights,Carolina Hurricanes,Vegas Golden Knights,3,2,REG
2025-01-18,New Jersey Devils,Philadelphia Flyers,Philadelphia Flyers,New Jersey Devils,3,1,REG
2025-01-18,Ottawa Senators,Boston Bruins,Ottawa Senators,Boston Bruins,6,5,SO
2025-01-18,Colorado Avalanche,Dallas Stars,Colorado Avalanche,Dallas Stars,6,3,REG
2025-01-18,Florida Panthers,Anaheim Ducks,Florida Panthers,Anaheim Ducks,3,0,REG
2025-01-19,Montreal Canadiens,Toronto Maple Leafs,Toronto Maple Leafs,Montreal Canadiens,7,3,REG
2025-01-19,Tampa Bay Lightning,Detroit Red Wings,Tampa Bay Lightning,Detroit Red Wings,5,1,REG
2025-01-19,Washington Capitals,Pittsburgh Penguins,Washington Capitals,Pittsburgh Penguins,4,1,REG
2025-01-19,Winnipeg Jets,Calgary Flames,Calgary Flames,Winnipeg Jets,3,1,REG
2025-01-19,New York Islanders,San Jose Sharks,New York Islanders,San Jose Sharks,4,1,REG
2025-01-19,Chicago Blackhawks,Vegas Golden Knights,Chicago Blackhawks,Vegas Golden Knights,5,3,REG
2025-01-19,Nashville Predators,Minnesota Wild,Nashville Predators,Minnesota Wild,6,2,REG
2025-01-19,Utah Hockey Club,St. Louis Blues,Utah Hockey Club,St. Louis Blues,4,2,REG
2025-01-19,Vancouver Canucks,Edmonton Oilers,Vancouver Canucks,Edmonton Oilers,3,2,REG
2025-01-19,Seattle Kraken,Los Angeles Kings,Seattle Kraken,Los Angeles Kings,4,2,REG
2025-01-19,New Jersey Devils,Ottawa Senators,Ottawa Senators,New Jersey Devils,2,1,REG
2025-01-20,Montreal Canadiens,New York Rangers,Montreal Canadiens,New York Rangers,5,4,OT
2025-01-20,Dallas Stars,Detroit Red Wings,Dallas Stars,Detroit Red Wings,4,1,REG
2025-01-20,Boston Bruins,San Jose Sharks,Boston Bruins,San Jose Sharks,6,3,REG
2025-01-20,Colorado Avalanche,Minnesota Wild,Minnesota Wild,Colorado Avalanche,3,1,REG
2025-01-20,Seattle Kraken,Buffalo Sabres,Seattle Kraken,Buffalo Sabres,6,4,REG
2025-01-20,Vegas Golden Knights,St. Louis Blues,St. Louis Blues,Vegas Golden Knights,5,4,SO
2025-01-21,Toronto Maple Leafs,Tampa Bay Lightning,Toronto Maple Leafs,Tampa Bay Lightning,5,3,REG
2025-01-21,New York Islanders,Columbus Blue Jackets,New York Islanders,Columbus Blue Jackets,3,1,REG
2025-01-21,Chicago Blackhawks,Carolina Hurricanes,Carolina Hurricanes,Chicago Blackhawks,4,3,OT
2025-01-21,Utah Hockey Club,Winnipeg Jets,Utah Hockey Club,Winnipeg Jets,5,2,REG
2025-01-21,Los Angeles Kings,Pittsburgh Penguins,Pittsburgh Penguins,Los Angeles Kings,5,1,REG
2025-01-22,Montreal Canadiens,Tampa Bay Lightning,Montreal Canadiens,Tampa Bay Lightning,3,2,REG
2025-01-22,New York Rangers,Ottawa Senators,New York Rangers,Ottawa Senators,4,0,REG
2025-01-22,Philadelphia Flyers,Detroit Red Wings,Philadelphia Flyers,Detroit Red Wings,2,1,OT
2025-01-22,Nashville Predators,San Jose Sharks,Nashville Predators,San Jose Sharks,7,5,REG
2025-01-22,Dallas Stars,Carolina Hurricanes,Carolina Hurricanes,Dallas Stars,2,1,REG
2025-01-22,Edmonton Oilers,Washington Capitals,Washington Capitals,Edmonton Oilers,3,2,REG
2025-01-22,Vancouver Canucks,Buffalo Sabres,Buffalo Sabres,Vancouver Canucks,3,2,REG
2025-01-22,Anaheim Ducks,Florida Panthers,Florida Panthers,Anaheim Ducks,5,2,REG
2025-01-23,New Jersey Devils,Boston Bruins,New Jersey Devils,Boston Bruins,5,1,REG
2025-01-23,Toronto Maple Leafs,Columbus Blue Jackets,Columbus Blue Jackets,Toronto Maple Leafs,5,1,REG
2025-01-23,Colorado Avalanche,Winnipeg Jets,Winnipeg Jets,Colorado Avalanche,3,2,OT
2025-01-23,Los Angeles Kings,Florida Panthers,Los Angeles Kings,Florida Panthers,2,1,REG
2025-01-24,Boston Bruins,Ottawa Senators,Boston Bruins,Ottawa Senators,2,0,REG
2025-01-24,Detroit Red Wings,Montreal Canadiens,Detroit Red Wings,Montreal Canadiens,4,2,REG
2025-01-24,New York Rangers,Philadelphia Flyers,New York Rangers,Philadelphia Flyers,5,1,REG
2025-01-24,Carolina Hurricanes,Columbus Blue Jackets,Carolina Hurricanes,Columbus Blue Jackets,7,4,REG
2025-01-24,St. Louis Blues,Vegas Golden Knights,Vegas Golden Knights,St. Louis Blues,4,2,REG
2025-01-24,Minnesota Wild,Utah Hockey Club,Utah Hockey Club,Minnesota Wild,4,0,REG
2025-01-24,Calgary Flames,Buffalo Sabres,Calgary Flames,Buffalo Sabres,5,2,REG
2025-01-24,Edmonton Oilers,Vancouver Canucks,Edmonton Oilers,Vancouver Canucks,6,2,REG
2025-01-24,Anaheim Ducks,Pittsburgh Penguins,Anaheim Ducks,Pittsburgh Penguins,5,1,REG
2025-01-24,Seattle Kraken,Washington Capitals,Washington Capitals,Seattle Kraken,3,0,REG
2025-01-24,San Jose Sharks,Nashville Predators,Nashville Predators,San Jose Sharks,6,5,REG
2025-01-25,New York Islanders,Philadelphia Flyers,New York Islanders,Philadelphia Flyers,3,1,REG
2025-01-25,Dallas Stars,Vegas Golden Knights,Dallas Stars,Vegas Golden Knights,4,3,REG
2025-01-25,Chicago Blackhawks,Tampa Bay Lightning,Tampa Bay Lightning,Chicago Blackhawks,4,3,OT
2025-01-25,Winnipeg Jets,Utah Hockey Club,Winnipeg Jets,Utah Hockey Club,5,2,REG
2025-01-25,Boston Bruins,Colorado Avalanche,Boston Bruins,Colorado Avalanche,3,1,REG
2025-01-25,Edmonton Oilers,Buffalo Sabres,Edmonton Oilers,Buffalo Sabres,3,2,REG
2025-01-25,Seattle Kraken,Pittsburgh Penguins,Seattle Kraken,Pittsburgh Penguins,4,1,REG
2025-01-26,Montreal Canadiens,New Jersey Devils,New Jersey Devils,Montreal Canadiens,4,3,OT
2025-01-26,Ottawa Senators,Toronto Maple Leafs,Ottawa Senators,Toronto Maple Leafs,2,1,REG
2025-01-26,Detroit Red Wings,Tampa Bay Lightning,Detroit Red Wings,Tampa Bay Lightning,2,0,REG
2025-01-26,Columbus Blue Jackets,Los Angeles Kings,Columbus Blue Jackets,Los Angeles Kings,3,2,OT
2025-01-26,St. Louis Blues,Dallas Stars,Dallas Stars,St. Louis Blues,2,0,REG
2025-01-26,Minnesota Wild,Calgary Flames,Calgary Flames,Minnesota Wild,5,4,REG
2025-01-26,New York Islanders,Carolina Hurricanes,New York Islanders,Carolina Hurricanes,3,2,OT
2025-01-26,Vancouver Canucks,Washington Capitals,Vancouver Canucks,Washington Capitals,2,1,REG
2025-01-26,Anaheim Ducks,Nashville Predators,Anaheim Ducks,Nashville Predators,5,2,REG
2025-01-26,San Jose Sharks,Florida Panthers,Florida Panthers,San Jose Sharks,6,2,REG
2025-01-26,New York Rangers,Colorado Avalanche,Colorado Avalanche,New York Rangers,5,4,REG
2025-01-26,Ottawa Senators,Utah Hockey Club,Ottawa Senators,Utah Hockey Club,3,1,REG
2025-01-26,Winnipeg Jets,Calgary Flames,Winnipeg Jets,Calgary Flames,5,2,REG
2025-01-27,Chicago Blackhawks,Minnesota Wild,Minnesota Wild,Chicago Blackhawks,4,2,REG
2025-01-27,Vegas Golden Knights,Florida Panthers,Vegas Golden Knights,Florida Panthers,4,1,REG
2025-01-28,Detroit Red Wings,Los Angeles Kings,Detroit Red Wings,Los Angeles Kings,5,2,REG
2025-01-28,Philadelphia Flyers,New Jersey Devils,Philadelphia Flyers,New Jersey Devils,4,2,REG
2025-01-28,St. Louis Blues,Vancouver Canucks,Vancouver Canucks,St. Louis Blues,5,2,REG
2025-01-28,Edmonton Oilers,Seattle Kraken,Edmonton Oilers,Seattle Kraken,4,2,REG
2025-01-28,San Jose Sharks,Pittsburgh Penguins,San Jose Sharks,Pittsburgh Penguins,2,1,REG
2025-01-29,Buffalo Sabres,Boston Bruins,Buffalo Sabres,Boston Bruins,6,2,REG
2025-01-29,Montreal Canadiens,Winnipeg Jets,Winnipeg Jets,Montreal Canadiens,4,1,REG
2025-01-29,Tampa Bay Lightning,Chicago Blackhawks,Chicago Blackhawks,Tampa Bay Lightning,4,1,REG
2025-01-29,New York Rangers,Carolina Hurricanes,Carolina Hurricanes,New York Rangers,4,0,REG
2025-01-29,New York Islanders,Colorado Avalanche,New York Islanders,Colorado Avalanche,5,2,REG
2025-01-29,Calgary Flames,Washington Capitals,Washington Capitals,Calgary Flames,3,1,REG
2025-01-29,Vegas Golden Knights,Dallas Stars,Dallas Stars,Vegas Golden Knights,4,3,OT
2025-01-29,Seattle Kraken,Anaheim Ducks,Anaheim Ducks,Seattle Kraken,6,4,REG
2025-01-30,Toronto Maple Leafs,Minnesota Wild,Minnesota Wild,Toronto Maple Leafs,3,1,REG
2025-01-30,Florida Panthers,Los Angeles Kings,Florida Panthers,Los Angeles Kings,3,0,REG
2025-01-30,New Jersey Devils,Philadelphia Flyers,New Jersey Devils,Philadelphia Flyers,4,0,REG
2025-01-30,Nashville Predators,Vancouver Canucks,Vancouver Canucks,Nashville Predators,3,1,REG
2025-01-30,Utah Hockey Club,Pittsburgh Penguins,Pittsburgh Penguins,Utah Hockey Club,3,2,OT
2025-01-31,Boston Bruins,Winnipeg Jets,Winnipeg Jets,Boston Bruins,6,2,REG
2025-01-31,Montreal Canadiens,Minnesota Wild,Minnesota Wild,Montreal Canadiens,4,0,REG
2025-01-31,Ottawa Senators,Washington Capitals,Ottawa Senators,Washington Capitals,5,4,OT
2025-01-31,Tampa Bay Lightning,Los Angeles Kings,Tampa Bay Lightning,Los Angeles Kings,3,0,REG
2025-01-31,Carolina Hurricanes,Chicago Blackhawks,Carolina Hurricanes,Chicago Blackhawks,3,2,REG
2025-01-31,Philadelphia Flyers,New York Islanders,New York Islanders,Philadelphia Flyers,3,0,REG
2025-01-31,Calgary Flames,Anaheim Ducks,Calgary Flames,Anaheim Ducks,4,1,REG
2025-01-31,Edmonton Oilers,Detroit Red Wings,Detroit Red Wings,Edmonton Oilers,3,2,SO
2025-01-31,Vegas Golden Knights,Columbus Blue Jackets,Columbus Blue Jackets,Vegas Golden Knights,2,1,OT
2025-01-31,Seattle Kraken,San Jose Sharks,Seattle Kraken,San Jose Sharks,6,2,REG
2025-02-01,Buffalo Sabres,Nashville Predators,Buffalo Sabres,Nashville Predators,4,3,REG
2025-02-01,Dallas Stars,Vancouver Canucks,Dallas Stars,Vancouver Canucks,5,3,REG
2025-02-01,Colorado Avalanche,St. Louis Blues,Colorado Avalanche,St. Louis Blues,4,0,REG
2025-02-01,Utah Hockey Club,Columbus Blue Jackets,Columbus Blue Jackets,Utah Hockey Club,3,2,OT
2025-02-01,Florida Panthers,Chicago Blackhawks,Florida Panthers,Chicago Blackhawks,5,1,REG
2025-02-01,Boston Bruins,New York Rangers,Boston Bruins,New York Rangers,6,3,REG
2025-02-02,Ottawa Senators,Minnesota Wild,Ottawa Senators,Minnesota Wild,4,0,REG
2025-02-02,Tampa Bay Lightning,New York Islanders,New York Islanders,Tampa Bay Lightning,3,2,OT
2025-02-02,Pittsburgh Penguins,Nashville Predators,Pittsburgh Penguins,Nashville Predators,3,0,REG
2025-02-02,Washington Capitals,Winnipeg Jets,Winnipeg Jets,Washington Capitals,5,4,OT
2025-02-02,Carolina Hurricanes,Los Angeles Kings,Los Angeles Kings,Carolina Hurricanes,4,2,REG
2025-02-02,Edmonton Oilers,Toronto Maple Leafs,Toronto Maple Leafs,Edmonton Oilers,4,3,REG
2025-02-02,Calgary Flames,Detroit Red Wings,Detroit Red Wings,Calgary Flames,3,1,REG
2025-02-02,Buffalo Sabres,New Jersey Devils,Buffalo Sabres,New Jersey Devils,4,3,REG
2025-02-02,Colorado Avalanche,Philadelphia Flyers,Colorado Avalanche,Philadelphia Flyers,2,0,REG
2025-02-02,Anaheim Ducks,Montreal Canadiens,Anaheim Ducks,Montreal Canadiens,3,2,REG
2025-02-02,Florida Panthers,New York Islanders,Florida Panthers,New York Islanders,6,3,REG
2025-02-02,New York Rangers,Vegas Golden Knights,New York Rangers,Vegas Golden Knights,4,2,REG
2025-02-02,Dallas Stars,Columbus Blue Jackets,Dallas Stars,Columbus Blue Jackets,5,3,REG
2025-02-03,Utah Hockey Club,St. Louis Blues,St. Louis Blues,Utah Hockey Club,2,1,REG
2025-02-03,Vancouver Canucks,Detroit Red Wings,Detroit Red Wings,Vancouver Canucks,3,2,OT
2025-02-03,Seattle Kraken,Calgary Flames,Calgary Flames,Seattle Kraken,3,2,REG
2025-02-04,Nashville Predators,Ottawa Senators,Ottawa Senators,Nashville Predators,5,2,REG
2025-02-05,Boston Bruins,Minnesota Wild,Boston Bruins,Minnesota Wild,3,0,REG
2025-02-05,Buffalo Sabres,Columbus Blue Jackets,Buffalo Sabres,Columbus Blue Jackets,3,2,REG
2025-02-05,Tampa Bay Lightning,Ottawa Senators,Tampa Bay Lightning,Ottawa Senators,4,3,REG
2025-02-05,Pittsburgh Penguins,New Jersey Devils,New Jersey Devils,Pittsburgh Penguins,3,2,SO
2025-02-05,Washington Capitals,Florida Panthers,Washington Capitals,Florida Panthers,6,3,REG
2025-02-05,New York Islanders,Vegas Golden Knights,New York Islanders,Vegas Golden Knights,2,1,REG
2025-02-05,St. Louis Blues,Edmonton Oilers,Edmonton Oilers,St. Louis Blues,3,2,OT
2025-02-05,Winnipeg Jets,Carolina Hurricanes,Winnipeg Jets,Carolina Hurricanes,3,0,REG
2025-02-05,Calgary Flames,Toronto Maple Leafs,Toronto Maple Leafs,Calgary Flames,6,3,REG
2025-02-05,Utah Hockey Club,Philadelphia Flyers,Utah Hockey Club,Philadelphia Flyers,3,2,OT
2025-02-05,Vancouver Canucks,Colorado Avalanche,Vancouver Canucks,Colorado Avalanche,3,0,REG
2025-02-05,Seattle Kraken,Detroit Red Wings,Detroit Red Wings,Seattle Kraken,5,4,SO
2025-02-05,Anaheim Ducks,Dallas Stars,Anaheim Ducks,Dallas Stars,2,1,REG
2025-02-05,San Jose Sharks,Montreal Canadiens,Montreal Canadiens,San Jose Sharks,4,3,REG
2025-02-06,New York Rangers,Boston Bruins,New York Rangers,Boston Bruins,3,2,REG
2025-02-06,Chicago Blackhawks,Edmonton Oilers,Edmonton Oilers,Chicago Blackhawks,4,3,OT
2025-02-06,Los Angeles Kings,Montreal Canadiens,Los Angeles Kings,Montreal Canadiens,6,3,REG
2025-02-07,Tampa Bay Lightning,Ottawa Senators,Tampa Bay Lightning,Ottawa Senators,5,1,REG
2025-02-07,New Jersey Devils,Vegas Golden Knights,Vegas Golden Knights,New Jersey Devils,3,1,REG
2025-02-07,Philadelphia Flyers,Washington Capitals,Washington Capitals,Philadelphia Flyers,4,3,REG
2025-02-07,Columbus Blue Jackets,Utah Hockey Club,Utah Hockey Club,Columbus Blue Jackets,3,2,OT
2025-02-07,Minnesota Wild,Carolina Hurricanes,Minnesota Wild,Carolina Hurricanes,2,1,REG
2025-02-07,St. Louis Blues,Florida Panthers,Florida Panthers,St. Louis Blues,3,2,REG
2025-02-07,Calgary Flames,Colorado Avalanche,Colorado Avalanche,Calgary Flames,4,2,REG
2025-02-07,Seattle Kraken,Toronto Maple Leafs,Toronto Maple Leafs,Seattle Kraken,3,1,REG
2025-02-07,San Jose Sharks,Vancouver Canucks,Vancouver Canucks,San Jose Sharks,2,1,OT
2025-02-08,New York Rangers,Pittsburgh Penguins,Pittsburgh Penguins,New York Rangers,3,2,REG
2025-02-08,Winnipeg Jets,New York Islanders,Winnipeg Jets,New York Islanders,4,3,REG
2025-02-08,Chicago Blackhawks,Nashville Predators,Chicago Blackhawks,Nashville Predators,6,2,REG
2025-02-08,Edmonton Oilers,Colorado Avalanche,Colorado Avalanche,Edmonton Oilers,5,4,REG
2025-02-08,Los Angeles Kings,Dallas Stars,Los Angeles Kings,Dallas Stars,5,4,SO
2025-02-08,Montreal Canadiens,New Jersey Devils,New Jersey Devils,Montreal Canadiens,4,0,REG
2025-02-08,Detroit Red Wings,Tampa Bay Lightning,Tampa Bay Lightning,Detroit Red Wings,6,3,REG
2025-02-08,Carolina Hurricanes,Utah Hockey Club,Carolina Hurricanes,Utah Hockey Club,7,3,REG
2025-02-08,Boston Bruins,Vegas Golden Knights,Vegas Golden Knights,Boston Bruins,4,3,REG
2025-02-09,Florida Panthers,Ottawa Senators,Florida Panthers,Ottawa Senators,5,1,REG
2025-02-09,Philadelphia Flyers,Pittsburgh Penguins,Philadelphia Flyers,Pittsburgh Penguins,3,2,REG
2025-02-09,Columbus Blue Jackets,New York Rangers,New York Rangers,Columbus Blue Jackets,4,3,REG
2025-02-09,St. Louis Blues,Chicago Blackhawks,St. Louis Blues,Chicago Blackhawks,6,5,SO
2025-02-09,Vancouver Canucks,Toronto Maple Leafs,Vancouver Canucks,Toronto Maple Leafs,2,1,REG
2025-02-09,Nashville Predators,Buffalo Sabres,Nashville Predators,Buffalo Sabres,6,4,REG
2025-02-09,Minnesota Wild,New York Islanders,Minnesota Wild,New York Islanders,6,3,REG
2025-02-09,Calgary Flames,Seattle Kraken,Seattle Kraken,Calgary Flames,3,2,OT
2025-02-09,San Jose Sharks,Dallas Stars,Dallas Stars,San Jose Sharks,7,3,REG
2025-02-09,Los Angeles Kings,Anaheim Ducks,Anaheim Ducks,Los Angeles Kings,2,1,SO
2025-02-09,Washington Capitals,Utah Hockey Club,Utah Hockey Club,Washington Capitals,5,4,SO
2025-02-09,Montreal Canadiens,Tampa Bay Lightning,Tampa Bay Lightning,Montreal Canadiens,5,3,REG
2025-02-22,Detroit Red Wings,Minnesota Wild,Minnesota Wild,Detroit Red Wings,4,3,OT
2025-02-22,Philadelphia Flyers,Edmonton Oilers,Philadelphia Flyers,Edmonton Oilers,6,3,REG
2025-02-22,Pittsburgh Penguins,Washington Capitals,Washington Capitals,Pittsburgh Penguins,7,3,REG
2025-02-22,Buffalo Sabres,New York Rangers,Buffalo Sabres,New York Rangers,6,2,REG
2025-02-22,Florida Panthers,Seattle Kraken,Seattle Kraken,Florida Panthers,2,1,REG
2025-02-22,New Jersey Devils,Dallas Stars,Dallas Stars,New Jersey Devils,4,2,REG
2025-02-22,Nashville Predators,Colorado Avalanche,Nashville Predators,Colorado Avalanche,2,1,REG
2025-02-23,Boston Bruins,Anaheim Ducks,Anaheim Ducks,Boston Bruins,3,2,OT
2025-02-23,Toronto Maple Leafs,Carolina Hurricanes,Toronto Maple Leafs,Carolina Hurricanes,6,3,REG
2025-02-23,Ottawa Senators,Montreal Canadiens,Montreal Canadiens,Ottawa Senators,5,2,REG
2025-02-23,Columbus Blue Jackets,Chicago Blackhawks,Columbus Blue Jackets,Chicago Blackhawks,5,1,REG
2025-02-23,St. Louis Blues,Winnipeg Jets,Winnipeg Jets,St. Louis Blues,4,3,SO
2025-02-23,Los Angeles Kings,Utah Hockey Club,Los Angeles Kings,Utah Hockey Club,5,3,REG
2025-02-23,Vegas Golden Knights,Vancouver Canucks,Vegas Golden Knights,Vancouver Canucks,3,1,REG
2025-02-23,Washington Capitals,Edmonton Oilers,Washington Capitals,Edmonton Oilers,7,3,REG
2025-02-23,Pittsburgh Penguins,New York Rangers,New York Rangers,Pittsburgh Penguins,5,3,REG
2025-02-23,Detroit Red Wings,Anaheim Ducks,Detroit Red Wings,Anaheim Ducks,5,4,OT
2025-02-23,Tampa Bay Lightning,Seattle Kraken,Tampa Bay Lightning,Seattle Kraken,4,1,REG
2025-02-23,St. Louis Blues,Colorado Avalanche,St. Louis Blues,Colorado Avalanche,3,1,REG
2025-02-23,Nashville Predators,New Jersey Devils,New Jersey Devils,Nashville Predators,4,0,REG
2025-02-24,Chicago Blackhawks,Toronto Maple Leafs,Toronto Maple Leafs,Chicago Blackhawks,5,2,REG
2025-02-24,New York Islanders,Dallas Stars,Dallas Stars,New York Islanders,4,3,REG
2025-02-24,Calgary Flames,San Jose Sharks,Calgary Flames,San Jose Sharks,3,2,REG
2025-02-24,Utah Hockey Club,Vancouver Canucks,Utah Hockey Club,Vancouver Canucks,2,1,REG
2025-02-25,Winnipeg Jets,San Jose Sharks,Winnipeg Jets,San Jose Sharks,2,1,OT
2025-02-25,Los Angeles Kings,Vegas Golden Knights,Los Angeles Kings,Vegas Golden Knights,5,2,REG
2025-02-26,Boston Bruins,Toronto Maple Leafs,Toronto Maple Leafs,Boston Bruins,5,4,OT
2025-02-26,Buffalo Sabres,Anaheim Ducks,Buffalo Sabres,Anaheim Ducks,3,2,REG
2025-02-26,Montreal Canadiens,Carolina Hurricanes,Montreal Canadiens,Carolina Hurricanes,4,0,REG
2025-02-26,Philadelphia Flyers,Pittsburgh Penguins,Philadelphia Flyers,Pittsburgh Penguins,5,1,REG
2025-02-26,Washington Capitals,Calgary Flames,Calgary Flames,Washington Capitals,3,1,REG
2025-02-26,Columbus Blue Jackets,Dallas Stars,Columbus Blue Jackets,Dallas Stars,6,4,REG
2025-02-26,Tampa Bay Lightning,Edmonton Oilers,Tampa Bay Lightning,Edmonton Oilers,4,1,REG
2025-02-26,New York Islanders,New York Rangers,New York Rangers,New York Islanders,5,1,REG
2025-02-26,St. Louis Blues,Seattle Kraken,St. Louis Blues,Seattle Kraken,6,2,REG
2025-02-26,Nashville Predators,Florida Panthers,Florida Panthers,Nashville Predators,4,1,REG
2025-02-26,Minnesota Wild,Detroit Red Wings,Detroit Red Wings,Minnesota Wild,3,2,REG
2025-02-26,Utah Hockey Club,Chicago Blackhawks,Utah Hockey Club,Chicago Blackhawks,2,1,REG
2025-02-27,Ottawa Senators,Winnipeg Jets,Winnipeg Jets,Ottawa Senators,4,1,REG
2025-02-27,Colorado Avalanche,New Jersey Devils,Colorado Avalanche,New Jersey Devils,5,1,REG
2025-02-27,Los Angeles Kings,Vancouver Canucks,Vancouver Canucks,Los Angeles Kings,3,2,OT
2025-02-28,Boston Bruins,New York Islanders,New York Islanders,Boston Bruins,2,1,REG
2025-02-28,Montreal Canadiens,San Jose Sharks,Montreal Canadiens,San Jose Sharks,4,3,OT
2025-02-28,Detroit Red Wings,Columbus Blue Jackets,Columbus Blue Jackets,Detroit Red Wings,5,2,REG
2025-02-28,Tampa Bay Lightning,Calgary Flames,Tampa Bay Lightning,Calgary Flames,3,0,REG
2025-02-28,Florida Panthers,Edmonton Oilers,Florida Panthers,Edmonton Oilers,4,3,REG
2025-02-28,Washington Capitals,St. Louis Blues,St. Louis Blues,Washington Capitals,5,2,REG
2025-02-28,Carolina Hurricanes,Buffalo Sabres,Carolina Hurricanes,Buffalo Sabres,5,2,REG
2025-02-28,Pittsburgh Penguins,Philadelphia Flyers,Pittsburgh Penguins,Philadelphia Flyers,5,4,OT
2025-02-28,Nashville Predators,Winnipeg Jets,Nashville Predators,Winnipeg Jets,2,1,REG
2025-02-28,Utah Hockey Club,Minnesota Wild,Utah Hockey Club,Minnesota Wild,5,1,REG
2025-02-28,Vegas Golden Knights,Chicago Blackhawks,Vegas Golden Knights,Chicago Blackhawks,7,5,REG
2025-02-28,Anaheim Ducks,Vancouver Canucks,Anaheim Ducks,Vancouver Canucks,5,2,REG
2025-03-01,New York Rangers,Toronto Maple Leafs,Toronto Maple Leafs,New York Rangers,3,2,REG
2025-03-01,Dallas Stars,Los Angeles Kings,Dallas Stars,Los Angeles Kings,6,2,REG
2025-03-01,Colorado Avalanche,Minnesota Wild,Colorado Avalanche,Minnesota Wild,5,2,REG
2025-03-01,New York Islanders,Nashville Predators,New York Islanders,Nashville Predators,7,4,REG
2025-03-01,Washington Capitals,Tampa Bay Lightning,Tampa Bay Lightning,Washington Capitals,3,1,REG
2025-03-01,Florida Panthers,Calgary Flames,Florida Panthers,Calgary Flames,3,0,REG
2025-03-01,Pittsburgh Penguins,Boston Bruins,Boston Bruins,Pittsburgh Penguins,3,2,REG
2025-03-01,Columbus Blue Jackets,Detroit Red Wings,Columbus Blue Jackets,Detroit Red Wings,5,3,REG
2025-03-02,Buffalo Sabres,Montreal Canadiens,Montreal Canadiens,Buffalo Sabres,4,2,REG
2025-03-02,Ottawa Senators,San Jose Sharks,Ottawa Senators,San Jose Sharks,5,3,REG
2025-03-02,Carolina Hurricanes,Edmonton Oilers,Edmonton Oilers,Carolina Hurricanes,3,1,REG
2025-03-02,Winnipeg Jets,Philadelphia Flyers,Philadelphia Flyers,Winnipeg Jets,2,1,SO
2025-03-02,St. Louis Blues,Los Angeles Kings,St. Louis Blues,Los Angeles Kings,4,1,REG
2025-03-02,Utah Hockey Club,New Jersey Devils,New Jersey Devils,Utah Hockey Club,3,1,REG
2025-03-02,Anaheim Ducks,Chicago Blackhawks,Chicago Blackhawks,Anaheim Ducks,6,3,REG
2025-03-02,Seattle Kraken,Vancouver Canucks,Seattle Kraken,Vancouver Canucks,6,3,REG
2025-03-02,Pittsburgh Penguins,Toronto Maple Leafs,Toronto Maple Leafs,Pittsburgh Penguins,6,5,OT
2025-03-02,Carolina Hurricanes,Calgary Flames,Carolina Hurricanes,Calgary Flames,2,1,OT
2025-03-02,Dallas Stars,St. Louis Blues,Dallas Stars,St. Louis Blues,6,3,REG
2025-03-03,New York Rangers,Nashville Predators,New York Rangers,Nashville Predators,4,0,REG
2025-03-03,Vegas Golden Knights,New Jersey Devils,Vegas Golden Knights,New Jersey Devils,2,0,REG
2025-03-03,Washington Capitals,Ottawa Senators,Washington Capitals,Ottawa Senators,5,4,SO
2025-03-04,Montreal Canadiens,Buffalo Sabres,Montreal Canadiens,Buffalo Sabres,4,3,OT
2025-03-04,Florida Panthers,Tampa Bay Lightning,Florida Panthers,Tampa Bay Lightning,2,1,REG
2025-03-04,New York Rangers,New York Islanders,New York Rangers,New York Islanders,4,0,REG
2025-03-04,Toronto Maple Leafs,San Jose Sharks,San Jose Sharks,Toronto Maple Leafs,3,2,SO
2025-03-04,Chicago Blackhawks,Los Angeles Kings,Chicago Blackhawks,Los Angeles Kings,5,1,REG
2025-03-05,Boston Bruins,Nashville Predators,Nashville Predators,Boston Bruins,6,3,REG
2025-03-05,Buffalo Sabres,San Jose Sharks,San Jose Sharks,Buffalo Sabres,6,2,REG
2025-03-05,Detroit Red Wings,Carolina Hurricanes,Carolina Hurricanes,Detroit Red Wings,2,1,REG
2025-03-05,Tampa Bay Lightning,Columbus Blue Jackets,Tampa Bay Lightning,Columbus Blue Jackets,6,2,REG
2025-03-05,Philadelphia Flyers,Calgary Flames,Calgary Flames,Philadelphia Flyers,6,3,REG
2025-03-05,New York Islanders,Winnipeg Jets,New York Islanders,Winnipeg Jets,3,2,REG
2025-03-05,Dallas Stars,New Jersey Devils,Dallas Stars,New Jersey Devils,4,3,REG
2025-03-05,Colorado Avalanche,Pittsburgh Penguins,Colorado Avalanche,Pittsburgh Penguins,4,1,REG
2025-03-05,Edmonton Oilers,Anaheim Ducks,Anaheim Ducks,Edmonton Oilers,6,2,REG
2025-03-05,Seattle Kraken,Minnesota Wild,Minnesota Wild,Seattle Kraken,4,3,REG
2025-03-06,New York Rangers,Washington Capitals,Washington Capitals,New York Rangers,3,2,OT
2025-03-06,Chicago Blackhawks,Ottawa Senators,Ottawa Senators,Chicago Blackhawks,4,3,OT
2025-03-06,Vegas Golden Knights,Toronto Maple Leafs,Vegas Golden Knights,Toronto Maple Leafs,5,2,REG
2025-03-06,Vancouver Canucks,Anaheim Ducks,Vancouver Canucks,Anaheim Ducks,3,2,REG
2025-03-06,Los Angeles Kings,St. Louis Blues,St. Louis Blues,Los Angeles Kings,3,2,SO
2025-03-07,Detroit Red Wings,Utah Hockey Club,Utah Hockey Club,Detroit Red Wings,4,2,REG
2025-03-07,Tampa Bay Lightning,Buffalo Sabres,Tampa Bay Lightning,Buffalo Sabres,6,5,REG
2025-03-07,Florida Panthers,Columbus Blue Jackets,Florida Panthers,Columbus Blue Jackets,3,0,REG
2025-03-07,Philadelphia Flyers,Winnipeg Jets,Winnipeg Jets,Philadelphia Flyers,4,1,REG
2025-03-07,Carolina Hurricanes,Boston Bruins,Carolina Hurricanes,Boston Bruins,3,2,REG
2025-03-07,Nashville Predators,Seattle Kraken,Nashville Predators,Seattle Kraken,5,3,REG
2025-03-07,Dallas Stars,Calgary Flames,Dallas Stars,Calgary Flames,3,2,OT
2025-03-07,Edmonton Oilers,Montreal Canadiens,Edmonton Oilers,Montreal Canadiens,3,2,OT
2025-03-07,Colorado Avalanche,San Jose Sharks,Colorado Avalanche,San Jose Sharks,7,3,REG
2025-03-08,New Jersey Devils,Winnipeg Jets,Winnipeg Jets,New Jersey Devils,5,1,REG
2025-03-08,Washington Capitals,Detroit Red Wings,Washington Capitals,Detroit Red Wings,5,2,REG
2025-03-08,Chicago Blackhawks,Utah Hockey Club,Chicago Blackhawks,Utah Hockey Club,4,3,OT
2025-03-08,Vancouver Canucks,Minnesota Wild,Vancouver Canucks,Minnesota Wild,3,1,REG
2025-03-08,Vegas Golden Knights,Pittsburgh Penguins,Vegas Golden Knights,Pittsburgh Penguins,4,0,REG
2025-03-08,Anaheim Ducks,St. Louis Blues,St. Louis Blues,Anaheim Ducks,4,3,REG
2025-03-08,Ottawa Senators,New York Rangers,Ottawa Senators,New York Rangers,4,3,OT
2025-03-08,Philadelphia Flyers,Seattle Kraken,Seattle Kraken,Philadelphia Flyers,4,1,REG
2025-03-08,Tampa Bay Lightning,Boston Bruins,Boston Bruins,Tampa Bay Lightning,4,0,REG
2025-03-08,Florida Panthers,Buffalo Sabres,Florida Panthers,Buffalo Sabres,4,0,REG
2025-03-09,Colorado Avalanche,Toronto Maple Leafs,Colorado Avalanche,Toronto Maple Leafs,7,4,REG
2025-03-09,Nashville Predators,Chicago Blackhawks,Nashville Predators,Chicago Blackhawks,3,2,OT
2025-03-09,Los Angeles Kings,St. Louis Blues,Los Angeles Kings,St. Louis Blues,2,1,OT
2025-03-09,Edmonton Oilers,Dallas Stars,Edmonton Oilers,Dallas Stars,5,4,REG
2025-03-09,San Jose Sharks,New York Islanders,New York Islanders,San Jose Sharks,4,2,REG
2025-03-09,Philadelphia Flyers,New Jersey Devils,New Jersey Devils,Philadelphia Flyers,3,1,REG
2025-03-09,Washington Capitals,Seattle Kraken,Washington Capitals,Seattle Kraken,4,2,REG
2025-03-09,Minnesota Wild,Pittsburgh Penguins,Pittsburgh Penguins,Minnesota Wild,3,1,REG
2025-03-09,Carolina Hurricanes,Winnipeg Jets,Carolina Hurricanes,Winnipeg Jets,4,2,REG
2025-03-09,New York Rangers,Columbus Blue Jackets,Columbus Blue Jackets,New York Rangers,7,3,REG
2025-03-10,Vegas Golden Knights,Los Angeles Kings,Los Angeles Kings,Vegas Golden Knights,6,5,REG
2025-03-10,Vancouver Canucks,Dallas Stars,Dallas Stars,Vancouver Canucks,4,1,REG
2025-03-10,Anaheim Ducks,New York Islanders,Anaheim Ducks,New York Islanders,4,1,REG
2025-03-10,Buffalo Sabres,Edmonton Oilers,Buffalo Sabres,Edmonton Oilers,3,2,REG
2025-03-10,Ottawa Senators,Detroit Red Wings,Ottawa Senators,Detroit Red Wings,2,1,REG
2025-03-11,Colorado Avalanche,Chicago Blackhawks,Colorado Avalanche,Chicago Blackhawks,3,0,REG
2025-03-11,Utah Hockey Club,Toronto Maple Leafs,Toronto Maple Leafs,Utah Hockey Club,4,3,SO
2025-03-11,Boston Bruins,Florida Panthers,Boston Bruins,Florida Panthers,3,2,REG
2025-03-11,New Jersey Devils,Columbus Blue Jackets,New Jersey Devils,Columbus Blue Jackets,5,3,REG
2025-03-11,Philadelphia Flyers,Ottawa Senators,Ottawa Senators,Philadelphia Flyers,5,2,REG
2025-03-11,Pittsburgh Penguins,Vegas Golden Knights,Pittsburgh Penguins,Vegas Golden Knights,3,2,OT
2025-03-11,Carolina Hurricanes,Tampa Bay Lightning,Carolina Hurricanes,Tampa Bay Lightning,4,1,REG
2025-03-12,Minnesota Wild,Colorado Avalanche,Minnesota Wild,Colorado Avalanche,2,1,SO
2025-03-12,Winnipeg Jets,New York Rangers,Winnipeg Jets,New York Rangers,2,1,REG
2025-03-12,Vancouver Canucks,Montreal Canadiens,Montreal Canadiens,Vancouver Canucks,4,2,REG
2025-03-12,Anaheim Ducks,Washington Capitals,Washington Capitals,Anaheim Ducks,7,4,REG
2025-03-12,Los Angeles Kings,New York Islanders,Los Angeles Kings,New York Islanders,4,1,REG
2025-03-12,San Jose Sharks,Nashville Predators,Nashville Predators,San Jose Sharks,3,2,REG
2025-03-12,Detroit Red Wings,Buffalo Sabres,Detroit Red Wings,Buffalo Sabres,7,3,REG
2025-03-13,Calgary Flames,Vancouver Canucks,Vancouver Canucks,Calgary Flames,4,3,SO
2025-03-13,Utah Hockey Club,Anaheim Ducks,Utah Hockey Club,Anaheim Ducks,3,2,REG
2025-03-13,Seattle Kraken,Montreal Canadiens,Seattle Kraken,Montreal Canadiens,5,4,OT
2025-03-13,Toronto Maple Leafs,Florida Panthers,Florida Panthers,Toronto Maple Leafs,3,2,REG
2025-03-13,Ottawa Senators,Boston Bruins,Ottawa Senators,Boston Bruins,6,3,REG
2025-03-13,Philadelphia Flyers,Tampa Bay Lightning,Philadelphia Flyers,Tampa Bay Lightning,4,3,SO
2025-03-13,Pittsburgh Penguins,St. Louis Blues,Pittsburgh Penguins,St. Louis Blues,5,3,REG
2025-03-13,Columbus Blue Jackets,Vegas Golden Knights,Vegas Golden Knights,Columbus Blue Jackets,4,0,REG
2025-03-13,New Jersey Devils,Edmonton Oilers,New Jersey Devils,Edmonton Oilers,3,2,REG
2025-03-14,Minnesota Wild,New York Rangers,New York Rangers,Minnesota Wild,3,2,OT
2025-03-14,Los Angeles Kings,Washington Capitals,Los Angeles Kings,Washington Capitals,3,0,REG
2025-03-14,San Jose Sharks,Chicago Blackhawks,San Jose Sharks,Chicago Blackhawks,4,2,REG
2025-03-14,Carolina Hurricanes,Detroit Red Wings,Carolina Hurricanes,Detroit Red Wings,4,2,REG
2025-03-14,New York Islanders,Edmonton Oilers,Edmonton Oilers,New York Islanders,2,1,OT
2025-03-15,Winnipeg Jets,Dallas Stars,Winnipeg Jets,Dallas Stars,4,1,REG
2025-03-15,Calgary Flames,Colorado Avalanche,Colorado Avalanche,Calgary Flames,4,2,REG
2025-03-15,Anaheim Ducks,Nashville Predators,Anaheim Ducks,Nashville Predators,2,1,REG
2025-03-15,Seattle Kraken,Utah Hockey Club,Seattle Kraken,Utah Hockey Club,4,2,REG
2025-03-15,Buffalo Sabres,Vegas Golden Knights,Buffalo Sabres,Vegas Golden Knights,4,3,SO
2025-03-15,Pittsburgh Penguins,New Jersey Devils,Pittsburgh Penguins,New Jersey Devils,7,3,REG
2025-03-15,San Jose Sharks,Washington Capitals,Washington Capitals,San Jose Sharks,5,1,REG
2025-03-15,Boston Bruins,Tampa Bay Lightning,Tampa Bay Lightning,Boston Bruins,6,2,REG
2025-03-15,Toronto Maple Leafs,Ottawa Senators,Ottawa Senators,Toronto Maple Leafs,4,2,REG
2025-03-15,Montreal Canadiens,Florida Panthers,Montreal Canadiens,Florida Panthers,3,1,REG
2025-03-15,Philadelphia Flyers,Carolina Hurricanes,Carolina Hurricanes,Philadelphia Flyers,4,0,REG
2025-03-15,Columbus Blue Jackets,New York Rangers,New York Rangers,Columbus Blue Jackets,4,0,REG
2025-03-16,Minnesota Wild,St. Louis Blues,St. Louis Blues,Minnesota Wild,5,1,REG
2025-03-16,Vancouver Canucks,Chicago Blackhawks,Vancouver Canucks,Chicago Blackhawks,6,2,REG
2025-03-16,Detroit Red Wings,Vegas Golden Knights,Detroit Red Wings,Vegas Golden Knights,3,0,REG
2025-03-16,Colorado Avalanche,Dallas Stars,Colorado Avalanche,Dallas Stars,4,3,OT
2025-03-16,New York Rangers,Edmonton Oilers,Edmonton Oilers,New York Rangers,3,1,REG
2025-03-16,New York Islanders,Florida Panthers,New York Islanders,Florida Panthers,4,2,REG
2025-03-17,St. Louis Blues,Anaheim Ducks,St. Louis Blues,Anaheim Ducks,6,2,REG
2025-03-17,Vancouver Canucks,Utah Hockey Club,Utah Hockey Club,Vancouver Canucks,3,1,REG
2025-03-17,Seattle Kraken,Winnipeg Jets,Winnipeg Jets,Seattle Kraken,3,2,OT
2025-03-17,Boston Bruins,Buffalo Sabres,Buffalo Sabres,Boston Bruins,3,2,OT
2025-03-17,Tampa Bay Lightning,Philadelphia Flyers,Tampa Bay Lightning,Philadelphia Flyers,2,0,REG
2025-03-17,Columbus Blue Jackets,New Jersey Devils,New Jersey Devils,Columbus Blue Jackets,2,1,REG
2025-03-17,Toronto Maple Leafs,Calgary Flames,Toronto Maple Leafs,Calgary Flames,6,2,REG
2025-03-18,Minnesota Wild,Los Angeles Kings,Minnesota Wild,Los Angeles Kings,3,1,REG
2025-03-18,Montreal Canadiens,Ottawa Senators,Montreal Canadiens,Ottawa Senators,6,3,REG
2025-03-18,New York Rangers,Calgary Flames,Calgary Flames,New York Rangers,2,1,REG
2025-03-18,Pittsburgh Penguins,New York Islanders,New York Islanders,Pittsburgh Penguins,4,2,REG
2025-03-18,Washington Capitals,Detroit Red Wings,Washington Capitals,Detroit Red Wings,4,1,REG
2025-03-19,Nashville Predators,St. Louis Blues,St. Louis Blues,Nashville Predators,4,1,REG
2025-03-19,Dallas Stars,Anaheim Ducks,Dallas Stars,Anaheim Ducks,4,3,OT
2025-03-19,Chicago Blackhawks,Seattle Kraken,Seattle Kraken,Chicago Blackhawks,6,2,REG
2025-03-19,Edmonton Oilers,Utah Hockey Club,Edmonton Oilers,Utah Hockey Club,5,1,REG
2025-03-19,Vancouver Canucks,Winnipeg Jets,Vancouver Canucks,Winnipeg Jets,6,2,REG
2025-03-19,Toronto Maple Leafs,Colorado Avalanche,Toronto Maple Leafs,Colorado Avalanche,2,1,REG
2025-03-20,Minnesota Wild,Seattle Kraken,Minnesota Wild,Seattle Kraken,4,0,REG
2025-03-20,Ottawa Senators,Colorado Avalanche,Colorado Avalanche,Ottawa Senators,5,1,REG
2025-03-20,New Jersey Devils,Calgary Flames,Calgary Flames,New Jersey Devils,5,3,REG
2025-03-20,New York Rangers,Toronto Maple Leafs,Toronto Maple Leafs,New York Rangers,4,3,REG
2025-03-20,Washington Capitals,Philadelphia Flyers,Washington Capitals,Philadelphia Flyers,3,2,REG
2025-03-20,New York Islanders,Montreal Canadiens,New York Islanders,Montreal Canadiens,4,3,OT
2025-03-20,St. Louis Blues,Vancouver Canucks,St. Louis Blues,Vancouver Canucks,4,3,OT
2025-03-21,Nashville Predators,Anaheim Ducks,Anaheim Ducks,Nashville Predators,4,1,REG
2025-03-21,Dallas Stars,Tampa Bay Lightning,Tampa Bay Lightning,Dallas Stars,3,2,SO
2025-03-21,Chicago Blackhawks,Los Angeles Kings,Los Angeles Kings,Chicago Blackhawks,3,1,REG
2025-03-21,Edmonton Oilers,Winnipeg Jets,Winnipeg Jets,Edmonton Oilers,4,3,OT
2025-03-21,Utah Hockey Club,Buffalo Sabres,Utah Hockey Club,Buffalo Sabres,5,2,REG
2025-03-21,Vegas Golden Knights,Boston Bruins,Vegas Golden Knights,Boston Bruins,5,1,REG
2025-03-21,San Jose Sharks,Carolina Hurricanes,Carolina Hurricanes,San Jose Sharks,3,1,REG
2025-03-21,Pittsburgh Penguins,Columbus Blue Jackets,Pittsburgh Penguins,Columbus Blue Jackets,6,3,REG
2025-03-22,New York Rangers,Vancouver Canucks,New York Rangers,Vancouver Canucks,5,3,REG
2025-03-22,Dallas Stars,Philadelphia Flyers,Dallas Stars,Philadelphia Flyers,3,2,OT
2025-03-22,Minnesota Wild,Buffalo Sabres,Minnesota Wild,Buffalo Sabres,4,1,REG
2025-03-22,St. Louis Blues,Chicago Blackhawks,St. Louis Blues,Chicago Blackhawks,4,1,REG
2025-03-22,New York Islanders,Calgary Flames,Calgary Flames,New York Islanders,4,3,OT
2025-03-22,Los Angeles Kings,Carolina Hurricanes,Los Angeles Kings,Carolina Hurricanes,6,2,REG
2025-03-22,Washington Capitals,Florida Panthers,Washington Capitals,Florida Panthers,6,3,REG
2025-03-22,Utah Hockey Club,Tampa Bay Lightning,Utah Hockey Club,Tampa Bay Lightning,6,4,REG
2025-03-22,Montreal Canadiens,Colorado Avalanche,Colorado Avalanche,Montreal Canadiens,5,4,SO
2025-03-22,New Jersey Devils,Ottawa Senators,Ottawa Senators,New Jersey Devils,3,2,REG
2025-03-22,Nashville Predators,Toronto Maple Leafs,Nashville Predators,Toronto Maple Leafs,5,2,REG
2025-03-23,Vegas Golden Knights,Detroit Red Wings,Vegas Golden Knights,Detroit Red Wings,6,3,REG
2025-03-23,Edmonton Oilers,Seattle Kraken,Edmonton Oilers,Seattle Kraken,5,4,REG
2025-03-23,San Jose Sharks,Boston Bruins,San Jose Sharks,Boston Bruins,3,1,REG
2025-03-23,Chicago Blackhawks,Philadelphia Flyers,Chicago Blackhawks,Philadelphia Flyers,7,4,REG
2025-03-23,Winnipeg Jets,Buffalo Sabres,Buffalo Sabres,Winnipeg Jets,5,3,REG
2025-03-23,Florida Panthers,Pittsburgh Penguins,Florida Panthers,Pittsburgh Penguins,4,3,SO
2025-03-23,St. Louis Blues,Nashville Predators,St. Louis Blues,Nashville Predators,4,1,REG
2025-03-24,Vegas Golden Knights,Tampa Bay Lightning,Vegas Golden Knights,Tampa Bay Lightning,4,2,REG
2025-03-24,Anaheim Ducks,Carolina Hurricanes,Carolina Hurricanes,Anaheim Ducks,5,2,REG
2025-03-24,Los Angeles Kings,Boston Bruins,Los Angeles Kings,Boston Bruins,6,2,REG
2025-03-24,New Jersey Devils,Vancouver Canucks,Vancouver Canucks,New Jersey Devils,4,3,SO
2025-03-24,New York Islanders,Columbus Blue Jackets,Columbus Blue Jackets,New York Islanders,4,3,SO
2025-03-25,Dallas Stars,Minnesota Wild,Dallas Stars,Minnesota Wild,3,0,REG
2025-03-25,Utah Hockey Club,Detroit Red Wings,Detroit Red Wings,Utah Hockey Club,5,1,REG
2025-03-25,Buffalo Sabres,Ottawa Senators,Buffalo Sabres,Ottawa Senators,3,2,REG
2025-03-25,Toronto Maple Leafs,Philadelphia Flyers,Toronto Maple Leafs,Philadelphia Flyers,6,2,REG
2025-03-25,Tampa Bay Lightning,Pittsburgh Penguins,Tampa Bay Lightning,Pittsburgh Penguins,5,1,REG
2025-03-25,Carolina Hurricanes,Nashville Predators,Nashville Predators,Carolina Hurricanes,3,1,REG
2025-03-26,St. Louis Blues,Montreal Canadiens,St. Louis Blues,Montreal Canadiens,5,1,REG
2025-03-26,Minnesota Wild,Vegas Golden Knights,Vegas Golden Knights,Minnesota Wild,5,1,REG
2025-03-26,Winnipeg Jets,Washington Capitals,Winnipeg Jets,Washington Capitals,3,2,OT
2025-03-26,Colorado Avalanche,Detroit Red Wings,Colorado Avalanche,Detroit Red Wings,5,2,REG
2025-03-26,Calgary Flames,Seattle Kraken,Calgary Flames,Seattle Kraken,4,3,OT
2025-03-26,Los Angeles Kings,New York Rangers,Los Angeles Kings,New York Rangers,3,1,REG
2025-03-26,New York Islanders,Vancouver Canucks,Vancouver Canucks,New York Islanders,5,2,REG
2025-03-26,Chicago Blackhawks,New Jersey Devils,New Jersey Devils,Chicago Blackhawks,5,3,REG
2025-03-27,Edmonton Oilers,Dallas Stars,Dallas Stars,Edmonton Oilers,4,3,REG
2025-03-27,Anaheim Ducks,Boston Bruins,Anaheim Ducks,Boston Bruins,6,2,REG
2025-03-27,Buffalo Sabres,Pittsburgh Penguins,Buffalo Sabres,Pittsburgh Penguins,7,3,REG
2025-03-27,Detroit Red Wings,Ottawa Senators,Ottawa Senators,Detroit Red Wings,4,3,REG
2025-03-27,Tampa Bay Lightning,Utah Hockey Club,Tampa Bay Lightning,Utah Hockey Club,4,0,REG
2025-03-27,Philadelphia Flyers,Montreal Canadiens,Philadelphia Flyers,Montreal Canadiens,6,4,REG
2025-03-27,Minnesota Wild,Washington Capitals,Minnesota Wild,Washington Capitals,4,2,REG
2025-03-28,Nashville Predators,St. Louis Blues,St. Louis Blues,Nashville Predators,3,2,REG
2025-03-28,Calgary Flames,Dallas Stars,Dallas Stars,Calgary Flames,5,2,REG
2025-03-28,Colorado Avalanche,Los Angeles Kings,Colorado Avalanche,Los Angeles Kings,4,0,REG
2025-03-28,Seattle Kraken,Edmonton Oilers,Seattle Kraken,Edmonton Oilers,5,1,REG
2025-03-28,San Jose Sharks,Toronto Maple Leafs,San Jose Sharks,Toronto Maple Leafs,6,5,SO
2025-03-28,Florida Panthers,Utah Hockey Club,Florida Panthers,Utah Hockey Club,2,1,OT
2025-03-28,Carolina Hurricanes,Montreal Canadiens,Carolina Hurricanes,Montreal Canadiens,4,1,REG
2025-03-28,Columbus Blue Jackets,Vancouver Canucks,Columbus Blue Jackets,Vancouver Canucks,7,6,SO
2025-03-29,Winnipeg Jets,New Jersey Devils,Winnipeg Jets,New Jersey Devils,4,0,REG
2025-03-29,Chicago Blackhawks,Vegas Golden Knights,Vegas Golden Knights,Chicago Blackhawks,5,3,REG
2025-03-29,Anaheim Ducks,New York Rangers,Anaheim Ducks,New York Rangers,5,4,OT
2025-03-29,Philadelphia Flyers,Buffalo Sabres,Philadelphia Flyers,Buffalo Sabres,7,4,REG
2025-03-29,Tampa Bay Lightning,New York Islanders,Tampa Bay Lightning,New York Islanders,5,3,REG
2025-03-29,Colorado Avalanche,St. Louis Blues,St. Louis Blues,Colorado Avalanche,2,1,REG
2025-03-29,Minnesota Wild,New Jersey Devils,New Jersey Devils,Minnesota Wild,5,2,REG
2025-03-29,Nashville Predators,Vegas Golden Knights,Vegas Golden Knights,Nashville Predators,3,1,REG
2025-03-29,Ottawa Senators,Columbus Blue Jackets,Ottawa Senators,Columbus Blue Jackets,3,2,REG
2025-03-29,Los Angeles Kings,Toronto Maple Leafs,Toronto Maple Leafs,Los Angeles Kings,3,1,REG
2025-03-30,Detroit Red Wings,Boston Bruins,Detroit Red Wings,Boston Bruins,2,1,REG
2025-03-30,Edmonton Oilers,Calgary Flames,Edmonton Oilers,Calgary Flames,3,2,OT
2025-03-30,San Jose Sharks,New York Rangers,New York Rangers,San Jose Sharks,5,1,REG
2025-03-30,Seattle Kraken,Dallas Stars,Dallas Stars,Seattle Kraken,5,1,REG
2025-03-30,Florida Panthers,Montreal Canadiens,Montreal Canadiens,Florida Panthers,4,2,REG
2025-03-30,Washington Capitals,Buffalo Sabres,Buffalo Sabres,Washington Capitals,8,5,REG
2025-03-30,Winnipeg Jets,Vancouver Canucks,Winnipeg Jets,Vancouver Canucks,3,1,REG
2025-03-30,Chicago Blackhawks,Utah Hockey Club,Utah Hockey Club,Chicago Blackhawks,5,2,REG
2025-03-30,Carolina Hurricanes,New York Islanders,Carolina Hurricanes,New York Islanders,6,4,REG
2025-03-31,Anaheim Ducks,Toronto Maple Leafs,Toronto Maple Leafs,Anaheim Ducks,3,2,REG
2025-03-31,Los Angeles Kings,San Jose Sharks,Los Angeles Kings,San Jose Sharks,5,1,REG
2025-03-31,New Jersey Devils,Minnesota Wild,New Jersey Devils,Minnesota Wild,3,2,SO
2025-03-31,Philadelphia Flyers,Nashville Predators,Philadelphia Flyers,Nashville Predators,2,1,REG
2025-04-01,Colorado Avalanche,Calgary Flames,Calgary Flames,Colorado Avalanche,3,2,SO
2025-04-01,Seattle Kraken,Dallas Stars,Dallas Stars,Seattle Kraken,3,1,REG
2025-04-01,Boston Bruins,Washington Capitals,Washington Capitals,Boston Bruins,4,3,REG
2025-04-01,Montreal Canadiens,Florida Panthers,Montreal Canadiens,Florida Panthers,3,2,OT
2025-04-01,Ottawa Senators,Buffalo Sabres,Buffalo Sabres,Ottawa Senators,5,2,REG
2025-04-01,Columbus Blue Jackets,Nashville Predators,Columbus Blue Jackets,Nashville Predators,8,4,REG
2025-04-01,New York Islanders,Tampa Bay Lightning,Tampa Bay Lightning,New York Islanders,4,1,REG
2025-04-02,St. Louis Blues,Detroit Red Wings,St. Louis Blues,Detroit Red Wings,2,1,OT
2025-04-02,Utah Hockey Club,Calgary Flames,Utah Hockey Club,Calgary Flames,3,1,REG
2025-04-02,Vegas Golden Knights,Edmonton Oilers,Edmonton Oilers,Vegas Golden Knights,3,2,REG
2025-04-02,Anaheim Ducks,San Jose Sharks,Anaheim Ducks,San Jose Sharks,4,3,SO
2025-04-02,Los Angeles Kings,Winnipeg Jets,Los Angeles Kings,Winnipeg Jets,4,1,REG
2025-04-02,New York Rangers,Minnesota Wild,New York Rangers,Minnesota Wild,5,4,OT
2025-04-02,Carolina Hurricanes,Washington Capitals,Carolina Hurricanes,Washington Capitals,5,1,REG
2025-04-02,Toronto Maple Leafs,Florida Panthers,Toronto Maple Leafs,Florida Panthers,3,2,REG
2025-04-03,Chicago Blackhawks,Colorado Avalanche,Colorado Avalanche,Chicago Blackhawks,3,2,SO
2025-04-03,Vancouver Canucks,Seattle Kraken,Seattle Kraken,Vancouver Canucks,4,0,REG
2025-04-03,Montreal Canadiens,Boston Bruins,Montreal Canadiens,Boston Bruins,4,1,REG
2025-04-03,Ottawa Senators,Tampa Bay Lightning,Ottawa Senators,Tampa Bay Lightning,2,1,REG
2025-04-03,Columbus Blue Jackets,Colorado Avalanche,Colorado Avalanche,Columbus Blue Jackets,7,3,REG
2025-04-04,St. Louis Blues,Pittsburgh Penguins,St. Louis Blues,Pittsburgh Penguins,5,4,OT
2025-04-04,Dallas Stars,Nashville Predators,Dallas Stars,Nashville Predators,5,1,REG
2025-04-04,Utah Hockey Club,Los Angeles Kings,Los Angeles Kings,Utah Hockey Club,4,2,REG
2025-04-04,Calgary Flames,Anaheim Ducks,Calgary Flames,Anaheim Ducks,4,1,REG
2025-04-04,Vegas Golden Knights,Winnipeg Jets,Winnipeg Jets,Vegas Golden Knights,4,0,REG
2025-04-04,San Jose Sharks,Edmonton Oilers,Edmonton Oilers,San Jose Sharks,3,2,REG
2025-04-04,Detroit Red Wings,Carolina Hurricanes,Detroit Red Wings,Carolina Hurricanes,5,3,REG
2025-04-04,Washington Capitals,Chicago Blackhawks,Washington Capitals,Chicago Blackhawks,5,3,REG
2025-04-04,New York Islanders,Minnesota Wild,New York Islanders,Minnesota Wild,3,1,REG
2025-04-05,New Jersey Devils,New York Rangers,New Jersey Devils,New York Rangers,4,0,REG
2025-04-05,Ottawa Senators,Florida Panthers,Ottawa Senators,Florida Panthers,3,0,REG
2025-04-05,Dallas Stars,Pittsburgh Penguins,Pittsburgh Penguins,Dallas Stars,5,3,REG
2025-04-05,Vancouver Canucks,Anaheim Ducks,Vancouver Canucks,Anaheim Ducks,6,2,REG
2025-04-05,Los Angeles Kings,Edmonton Oilers,Los Angeles Kings,Edmonton Oilers,3,0,REG
2025-04-05,Boston Bruins,Carolina Hurricanes,Boston Bruins,Carolina Hurricanes,5,1,REG
2025-04-05,Buffalo Sabres,Tampa Bay Lightning,Buffalo Sabres,Tampa Bay Lightning,3,2,SO
2025-04-05,Toronto Maple Leafs,Columbus Blue Jackets,Toronto Maple Leafs,Columbus Blue Jackets,4,0,REG
2025-04-05,Montreal Canadiens,Philadelphia Flyers,Montreal Canadiens,Philadelphia Flyers,3,2,REG
2025-04-05,St. Louis Blues,Colorado Avalanche,St. Louis Blues,Colorado Avalanche,5,4,REG
2025-04-05,Utah Hockey Club,Winnipeg Jets,Utah Hockey Club,Winnipeg Jets,4,1,REG
2025-04-06,Calgary Flames,Vegas Golden Knights,Vegas Golden Knights,Calgary Flames,3,2,OT
2025-04-06,San Jose Sharks,Seattle Kraken,Seattle Kraken,San Jose Sharks,5,1,REG
2025-04-06,New York Islanders,Washington Capitals,New York Islanders,Washington Capitals,4,1,REG
2025-04-06,Minnesota Wild,Dallas Stars,Minnesota Wild,Dallas Stars,3,2,OT
2025-04-06,Ottawa Senators,Columbus Blue Jackets,Ottawa Senators,Columbus Blue Jackets,4,0,REG
2025-04-06,Detroit Red Wings,Florida Panthers,Detroit Red Wings,Florida Panthers,2,1,REG
2025-04-06,Buffalo Sabres,Boston Bruins,Buffalo Sabres,Boston Bruins,6,3,REG
2025-04-06,Chicago Blackhawks,Pittsburgh Penguins,Chicago Blackhawks,Pittsburgh Penguins,3,1,REG
2025-04-06,Nashville Predators,Montreal Canadiens,Montreal Canadiens,Nashville Predators,2,1,REG
2025-04-07,Vancouver Canucks,Vegas Golden Knights,Vegas Golden Knights,Vancouver Canucks,3,2,REG
2025-04-07,New York Rangers,Tampa Bay Lightning,Tampa Bay Lightning,New York Rangers,5,1,REG
2025-04-07,Winnipeg Jets,St. Louis Blues,Winnipeg Jets,St. Louis Blues,3,1,REG
2025-04-08,Anaheim Ducks,Edmonton Oilers,Anaheim Ducks,Edmonton Oilers,3,2,REG
2025-04-08,Los Angeles Kings,Seattle Kraken,Seattle Kraken,Los Angeles Kings,2,1,REG
2025-04-08,San Jose Sharks,Calgary Flames,Calgary Flames,San Jose Sharks,3,2,REG
2025-04-08,Buffalo Sabres,Carolina Hurricanes,Buffalo Sabres,Carolina Hurricanes,3,0,REG
2025-04-08,Montreal Canadiens,Detroit Red Wings,Montreal Canadiens,Detroit Red Wings,4,1,REG
2025-04-08,Florida Panthers,Toronto Maple Leafs,Florida Panthers,Toronto Maple Leafs,3,1,REG
2025-04-08,New Jersey Devils,Boston Bruins,Boston Bruins,New Jersey Devils,6,2,REG
2025-04-08,Columbus Blue Jackets,Ottawa Senators,Columbus Blue Jackets,Ottawa Senators,5,2,REG
2025-04-08,Pittsburgh Penguins,Chicago Blackhawks,Pittsburgh Penguins,Chicago Blackhawks,4,0,REG
2025-04-09,Nashville Predators,New York Islanders,Nashville Predators,New York Islanders,7,6,OT
2025-04-09,Dallas Stars,Vancouver Canucks,Vancouver Canucks,Dallas Stars,6,5,OT
2025-04-09,Utah Hockey Club,Seattle Kraken,Utah Hockey Club,Seattle Kraken,5,1,REG
2025-04-09,Colorado Avalanche,Vegas Golden Knights,Colorado Avalanche,Vegas Golden Knights,3,2,SO
2025-04-09,Tampa Bay Lightning,Toronto Maple Leafs,Toronto Maple Leafs,Tampa Bay Lightning,4,3,OT
2025-04-09,New York Rangers,Philadelphia Flyers,Philadelphia Flyers,New York Rangers,8,5,REG
2025-04-10,Minnesota Wild,San Jose Sharks,Minnesota Wild,San Jose Sharks,8,7,OT
2025-04-10,Edmonton Oilers,St. Louis Blues,Edmonton Oilers,St. Louis Blues,4,3,REG
2025-04-10,Anaheim Ducks,Calgary Flames,Anaheim Ducks,Calgary Flames,4,3,OT
2025-04-10,Boston Bruins,Chicago Blackhawks,Chicago Blackhawks,Boston Bruins,5,2,REG
2025-04-10,Florida Panthers,Detroit Red Wings,Florida Panthers,Detroit Red Wings,4,1,REG
2025-04-10,Columbus Blue Jackets,Buffalo Sabres,Columbus Blue Jackets,Buffalo Sabres,3,2,REG
2025-04-10,Washington Capitals,Carolina Hurricanes,Washington Capitals,Carolina Hurricanes,5,4,SO
2025-04-10,New York Islanders,New York Rangers,New York Rangers,New York Islanders,6,2,REG
2025-04-11,Dallas Stars,Winnipeg Jets,Winnipeg Jets,Dallas Stars,4,0,REG
2025-04-11,Colorado Avalanche,Vancouver Canucks,Vancouver Canucks,Colorado Avalanche,4,1,REG
2025-04-11,Utah Hockey Club,Nashville Predators,Nashville Predators,Utah Hockey Club,4,3,SO
2025-04-11,Vegas Golden Knights,Seattle Kraken,Vegas Golden Knights,Seattle Kraken,2,1,REG
2025-04-11,Los Angeles Kings,Anaheim Ducks,Los Angeles Kings,Anaheim Ducks,5,1,REG
2025-04-11,Ottawa Senators,Montreal Canadiens,Ottawa Senators,Montreal Canadiens,5,2,REG
2025-04-11,Tampa Bay Lightning,Detroit Red Wings,Detroit Red Wings,Tampa Bay Lightning,4,3,OT
2025-04-11,New Jersey Devils,Pittsburgh Penguins,Pittsburgh Penguins,New Jersey Devils,4,2,REG
2025-04-12,Edmonton Oilers,San Jose Sharks,Edmonton Oilers,San Jose Sharks,4,2,REG
2025-04-12,Calgary Flames,Minnesota Wild,Calgary Flames,Minnesota Wild,4,2,REG
2025-04-12,Philadelphia Flyers,New York Islanders,Philadelphia Flyers,New York Islanders,4,3,SO
2025-04-12,Columbus Blue Jackets,Washington Capitals,Columbus Blue Jackets,Washington Capitals,4,0,REG
2025-04-12,Carolina Hurricanes,New York Rangers,Carolina Hurricanes,New York Rangers,7,3,REG
2025-04-12,Los Angeles Kings,Colorado Avalanche,Los Angeles Kings,Colorado Avalanche,5,4,REG
2025-04-12,Florida Panthers,Buffalo Sabres,Florida Panthers,Buffalo Sabres,3,2,SO
2025-04-12,Chicago Blackhawks,Winnipeg Jets,Winnipeg Jets,Chicago Blackhawks,5,4,SO
2025-04-13,Dallas Stars,Utah Hockey Club,Utah Hockey Club,Dallas Stars,5,3,REG
2025-04-13,Vancouver Canucks,Minnesota Wild,Minnesota Wild,Vancouver Canucks,3,2,OT
2025-04-13,Vegas Golden Knights,Nashville Predators,Vegas Golden Knights,Nashville Predators,5,3,REG
2025-04-13,Seattle Kraken,St. Louis Blues,Seattle Kraken,St. Louis Blues,4,3,SO
2025-04-13,Ottawa Senators,Philadelphia Flyers,Ottawa Senators,Philadelphia Flyers,4,3,OT
2025-04-13,Pittsburgh Penguins,Boston Bruins,Boston Bruins,Pittsburgh Penguins,4,1,REG
2025-04-13,Carolina Hurricanes,Toronto Maple Leafs,Toronto Maple Leafs,Carolina Hurricanes,4,1,REG
2025-04-13,Tampa Bay Lightning,Buffalo Sabres,Tampa Bay Lightning,Buffalo Sabres,7,4,REG
2025-04-13,Washington Capitals,Columbus Blue Jackets,Columbus Blue Jackets,Washington Capitals,4,1,REG
2025-04-13,Winnipeg Jets,Edmonton Oilers,Edmonton Oilers,Winnipeg Jets,4,1,REG
2025-04-14,Calgary Flames,San Jose Sharks,Calgary Flames,San Jose Sharks,5,2,REG
2025-04-14,Anaheim Ducks,Colorado Avalanche,Colorado Avalanche,Anaheim Ducks,4,2,REG
2025-04-14,Montreal Canadiens,Chicago Blackhawks,Chicago Blackhawks,Montreal Canadiens,4,3,SO
2025-04-14,Detroit Red Wings,Dallas Stars,Detroit Red Wings,Dallas Stars,6,4,REG
2025-04-14,Florida Panthers,New York Rangers,New York Rangers,Florida Panthers,5,3,REG
2025-04-15,Nashville Predators,Utah Hockey Club,Utah Hockey Club,Nashville Predators,7,3,REG
2025-04-15,Edmonton Oilers,Los Angeles Kings,Los Angeles Kings,Edmonton Oilers,4,0,REG
2025-04-15,Vancouver Canucks,San Jose Sharks,Vancouver Canucks,San Jose Sharks,2,1,OT
2025-04-15,Boston Bruins,New Jersey Devils,New Jersey Devils,Boston Bruins,5,4,OT
2025-04-15,Buffalo Sabres,Toronto Maple Leafs,Toronto Maple Leafs,Buffalo Sabres,4,0,REG
2025-04-15,Ottawa Senators,Chicago Blackhawks,Chicago Blackhawks,Ottawa Senators,4,3,OT
2025-04-15,Philadelphia Flyers,Columbus Blue Jackets,Columbus Blue Jackets,Philadelphia Flyers,3,0,REG
2025-04-15,Tampa Bay Lightning,Florida Panthers,Tampa Bay Lightning,Florida Panthers,5,1,REG
2025-04-15,New York Islanders,Washington Capitals,Washington Capitals,New York Islanders,3,1,REG
2025-04-16,St. Louis Blues,Utah Hockey Club,St. Louis Blues,Utah Hockey Club,5,1,REG
2025-04-16,Minnesota Wild,Anaheim Ducks,Minnesota Wild,Anaheim Ducks,3,2,OT
2025-04-16,Calgary Flames,Vegas Golden Knights,Calgary Flames,Vegas Golden Knights,5,4,SO
2025-04-16,Seattle Kraken,Los Angeles Kings,Los Angeles Kings,Seattle Kraken,6,5,REG
2025-04-16,Montreal Canadiens,Carolina Hurricanes,Montreal Canadiens,Carolina Hurricanes,4,2,REG
2025-04-16,Winnipeg Jets,Anaheim Ducks,Winnipeg Jets,Anaheim Ducks,2,1,OT
2025-04-16,New Jersey Devils,Detroit Red Wings,Detroit Red Wings,New Jersey Devils,5,2,REG
2025-04-17,Nashville Predators,Dallas Stars,Nashville Predators,Dallas Stars,5,1,REG
2025-04-17,Vancouver Canucks,Vegas Golden Knights,Vegas Golden Knights,Vancouver Canucks,4,1,REG
2025-04-17,San Jose Sharks,Edmonton Oilers,Edmonton Oilers,San Jose Sharks,3,0,REG
2025-04-17,Buffalo Sabres,Philadelphia Flyers,Buffalo Sabres,Philadelphia Flyers,5,4,REG
2025-04-17,Toronto Maple Leafs,Detroit Red Wings,Toronto Maple Leafs,Detroit Red Wings,4,3,OT
2025-04-17,Ottawa Senators,Carolina Hurricanes,Ottawa Senators,Carolina Hurricanes,7,5,REG
2025-04-17,New York Rangers,Tampa Bay Lightning,New York Rangers,Tampa Bay Lightning,4,0,REG
2025-04-17,Pittsburgh Penguins,Washington Capitals,Pittsburgh Penguins,Washington Capitals,5,2,REG
2025-04-17,Columbus Blue Jackets,New York Islanders,Columbus Blue Jackets,New York Islanders,5,1,REG
2025-04-18,Los Angeles Kings,Calgary Flames,Calgary Flames,Los Angeles Kings,5,1,REG
2025-04-19,Winnipeg Jets,St. Louis Blues,Winnipeg Jets,St. Louis Blues,5,3,REG
2025-04-20,Dallas Stars,Colorado Avalanche,Colorado Avalanche,Dallas Stars,5,1,REG
2025-04-20,Carolina Hurricanes,New Jersey Devils,Carolina Hurricanes,New Jersey Devils,4,1,REG
2025-04-20,Toronto Maple Leafs,Ottawa Senators,Toronto Maple Leafs,Ottawa Senators,6,2,REG
2025-04-21,Vegas Golden Knights,Minnesota Wild,Vegas Golden Knights,Minnesota Wild,4,2,REG
2025-04-21,Washington Capitals,Montreal Canadiens,Washington Capitals,Montreal Canadiens,3,2,OT
2025-04-21,Winnipeg Jets,St. Louis Blues,Winnipeg Jets,St. Louis Blues,2,1,REG
2025-04-22,Dallas Stars,Colorado Avalanche,Dallas Stars,Colorado Avalanche,4,3,OT
2025-04-22,Los Angeles Kings,Edmonton Oilers,Los Angeles Kings,Edmonton Oilers,6,5,REG
2025-04-22,Carolina Hurricanes,New Jersey Devils,Carolina Hurricanes,New Jersey Devils,3,1,REG
2025-04-22,Toronto Maple Leafs,Ottawa Senators,Toronto Maple Leafs,Ottawa Senators,3,2,OT
2025-04-23,Tampa Bay Lightning,Florida Panthers,Florida Panthers,Tampa Bay Lightning,6,2,REG
2025-04-23,Vegas Golden Knights,Minnesota Wild,Minnesota Wild,Vegas Golden Knights,5,2,REG
2025-04-23,Washington Capitals,Montreal Canadiens,Washington Capitals,Montreal Canadiens,3,1,REG
2025-04-24,Colorado Avalanche,Dallas Stars,Dallas Stars,Colorado Avalanche,2,1,OT
2025-04-24,Los Angeles Kings,Edmonton Oilers,Los Angeles Kings,Edmonton Oilers,6,2,REG
2025-04-24,Tampa Bay Lightning,Florida Panthers,Florida Panthers,Tampa Bay Lightning,2,0,REG
2025-04-24,Ottawa Senators,Toronto Maple Leafs,Toronto Maple Leafs,Ottawa Senators,3,2,OT
2025-04-25,Minnesota Wild,Vegas Golden Knights,Minnesota Wild,Vegas Golden Knights,5,2,REG
2025-04-25,St. Louis Blues,Winnipeg Jets,St. Louis Blues,Winnipeg Jets,6,2,REG
2025-04-25,Montreal Canadiens,Washington Capitals,Montreal Canadiens,Washington Capitals,6,3,REG
2025-04-26,New Jersey Devils,Carolina Hurricanes,New Jersey Devils,Carolina Hurricanes,3,2,OT
2025-04-26,Edmonton Oilers,Los Angeles Kings,Edmonton Oilers,Los Angeles Kings,7,4,REG
2025-04-26,Florida Panthers,Tampa Bay Lightning,Tampa Bay Lightning,Florida Panthers,5,1,REG
2025-04-26,Minnesota Wild,Vegas Golden Knights,Vegas Golden Knights,Minnesota Wild,4,3,OT
2025-04-26,Ottawa Senators,Toronto Maple Leafs,Ottawa Senators,Toronto Maple Leafs,4,3,OT
2025-04-27,Colorado Avalanche,Dallas Stars,Colorado Avalanche,Dallas Stars,4,0,REG
2025-04-27,St. Louis Blues,Winnipeg Jets,St. Louis Blues,Winnipeg Jets,5,1,REG
2025-04-27,New Jersey Devils,Carolina Hurricanes,Carolina Hurricanes,New Jersey Devils,5,2,REG
2025-04-27,Montreal Canadiens,Washington Capitals,Washington Capitals,Montreal Canadiens,5,2,REG
2025-04-28,Edmonton Oilers,Los Angeles Kings,Edmonton Oilers,Los Angeles Kings,4,3,OT
2025-04-28,Florida Panthers,Tampa Bay Lightning,Florida Panthers,Tampa Bay Lightning,4,2,REG
2025-04-29,Dallas Stars,Colorado Avalanche,Dallas Stars,Colorado Avalanche,6,2,REG
2025-04-29,Toronto Maple Leafs,Ottawa Senators,Ottawa Senators,Toronto Maple Leafs,4,0,REG
2025-04-29,Carolina Hurricanes,New Jersey Devils,Carolina Hurricanes,New Jersey Devils,5,4,OT
2025-04-30,Vegas Golden Knights,Minnesota Wild,Vegas Golden Knights,Minnesota Wild,3,2,OT
2025-04-30,Los Angeles Kings,Edmonton Oilers,Edmonton Oilers,Los Angeles Kings,3,1,REG
2025-04-30,Washington Capitals,Montreal Canadiens,Washington Capitals,Montreal Canadiens,4,1,REG
2025-04-30,Tampa Bay Lightning,Florida Panthers,Florida Panthers,Tampa Bay Lightning,6,3,REG
2025-05-01,Winnipeg Jets,St. Louis Blues,Winnipeg Jets,St. Louis Blues,5,3,REG
2025-05-01,Ottawa Senators,Toronto Maple Leafs,Toronto Maple Leafs,Ottawa Senators,4,2,REG
2025-05-01,Minnesota Wild,Vegas Golden Knights,Vegas Golden Knights,Minnesota Wild,3,2,REG
2025-05-02,Colorado Avalanche,Dallas Stars,Colorado Avalanche,Dallas Stars,7,4,REG
2025-05-02,Edmonton Oilers,Los Angeles Kings,Edmonton Oilers,Los Angeles Kings,6,4,REG
2025-05-03,St. Louis Blues,Winnipeg Jets,St. Louis Blues,Winnipeg Jets,5,2,REG
2025-05-04,Dallas Stars,Colorado Avalanche,Dallas Stars,Colorado Avalanche,4,2,REG
2025-05-04,Winnipeg Jets,St. Louis Blues,Winnipeg Jets,St. Louis Blues,4,3,OT
2025-05-06,Toronto Maple Leafs,Florida Panthers,Toronto Maple Leafs,Florida Panthers,5,4,REG
2025-05-06,Washington Capitals,Carolina Hurricanes,Carolina Hurricanes,Washington Capitals,2,1,OT
2025-05-07,Vegas Golden Knights,Edmonton Oilers,Edmonton Oilers,Vegas Golden Knights,4,2,REG
2025-05-07,Toronto Maple Leafs,Florida Panthers,Toronto Maple Leafs,Florida Panthers,4,3,REG
2025-05-08,Winnipeg Jets,Dallas Stars,Dallas Stars,Winnipeg Jets,3,2,REG
2025-05-08,Washington Capitals,Carolina Hurricanes,Washington Capitals,Carolina Hurricanes,3,1,REG
2025-05-09,Vegas Golden Knights,Edmonton Oilers,Edmonton Oilers,Vegas Golden Knights,5,4,OT
2025-05-09,Florida Panthers,Toronto Maple Leafs,Florida Panthers,Toronto Maple Leafs,5,4,OT
2025-05-10,Winnipeg Jets,Dallas Stars,Winnipeg Jets,Dallas Stars,4,0,REG
2025-05-10,Carolina Hurricanes,Washington Capitals,Carolina Hurricanes,Washington Capitals,4,0,REG
2025-05-11,Edmonton Oilers,Vegas Golden Knights,Vegas Golden Knights,Edmonton Oilers,4,3,REG
2025-05-11,Dallas Stars,Winnipeg Jets,Dallas Stars,Winnipeg Jets,5,2,REG
2025-05-11,Florida Panthers,Toronto Maple Leafs,Florida Panthers,Toronto Maple Leafs,2,0,REG
2025-05-12,Carolina Hurricanes,Washington Capitals,Carolina Hurricanes,Washington Capitals,5,2,REG
2025-05-13,Edmonton Oilers,Vegas Golden Knights,Edmonton Oilers,Vegas Golden Knights,3,0,REG
2025-05-14,Dallas Stars,Winnipeg Jets,Dallas Stars,Winnipeg Jets,3,1,REG
2025-05-14,Toronto Maple Leafs,Florida Panthers,Florida Panthers,Toronto Maple Leafs,5,1,REG
2025-05-15,Washington Capitals,Carolina Hurricanes,Carolina Hurricanes,Washington Capitals,3,1,REG
2025-05-16,Winnipeg Jets,Dallas Stars,Winnipeg Jets,Dallas Stars,4,0,REG
2025-05-17,Florida Panthers,Toronto Maple Leafs,Toronto Maple Leafs,Florida Panthers,2,0,REG
2025-05-18,Dallas Stars,Winnipeg Jets,Dallas Stars,Winnipeg Jets,2,1,OT
2025-05-18,Toronto Maple Leafs,Florida Panthers,Florida Panthers,Toronto Maple Leafs,5,1,REG
2025-05-21,Carolina Hurricanes,Florida Panthers,Florida Panthers,Carolina Hurricanes,5,2,REG
2025-05-22,Dallas Stars,Edmonton Oilers,Dallas Stars,Edmonton Oilers,6,3,REG
2025-05-23,Carolina Hurricanes,Florida Panthers,Florida Panthers,Carolina Hurricanes,4,0,REG
2025-05-24,Dallas Stars,Edmonton Oilers,Edmonton Oilers,Dallas Stars,3,0,REG
2025-05-25,Florida Panthers,Carolina Hurricanes,Florida Panthers,Carolina Hurricanes,6,2,REG
2025-05-25,Edmonton Oilers,Dallas Stars,Edmonton Oilers,Dallas Stars,5,1,REG
2025-05-27,Florida Panthers,Carolina Hurricanes,Carolina Hurricanes,Florida Panthers,3,0,REG
2025-05-28,Edmonton Oilers,Dallas Stars,Edmonton Oilers,Dallas Stars,4,1,REG
2025-05-29,Carolina Hurricanes,Florida Panthers,Florida Panthers,Carolina Hurricanes,5,3,REG
2025-05-30,Dallas Stars,Edmonton Oilers,Edmonton Oilers,Dallas Stars,6,3,REG
2025-06-05,Edmonton Oilers,Florida Panthers,Edmonton Oilers,Florida Panthers,4,3,OT
2025-06-07,Edmonton Oilers,Florida Panthers,Florida Panthers,Edmonton Oilers,5,4,OT
2025-06-10,Florida Panthers,Edmonton Oilers,Florida Panthers,Edmonton Oilers,5,1,REG
2025-06-13,Florida Panthers,Edmonton Oilers,Edmonton Oilers,Florida Panthers,5,4,OT
2025-06-15,Edmonton Oilers,Florida Panthers,Florida Panthers,Edmonton Oilers,5,2,REG
2025-06-18,Florida Panthers,Edmonton Oilers,Florida Panthers,Edmonton Oilers,5,1,REG
