date,home,away,winner,loser,winner_pts,loser_pts,end_type
2013-10-01,Montreal Canadiens,Toronto Maple Leafs,Toronto Maple Leafs,Montreal Canadiens,4,3,REG
2013-10-02,Chicago Blackhawks,Washington Capitals,Chicago Blackhawks,Washington Capitals,6,4,REG
2013-10-02,Edmonton Oilers,Winnipeg Jets,Winnipeg Jets,Edmonton Oilers,5,4,REG
2013-10-02,Philadelphia Flyers,Toronto Maple Leafs,Toronto Maple Leafs,Philadelphia Flyers,3,1,REG
2013-10-03,Detroit Red Wings,Buffalo Sabres,Detroit Red Wings,Buffalo Sabres,2,1,REG
2013-10-03,Colorado Avalanche,Anaheim Ducks,Colorado Avalanche,Anaheim Ducks,5,1,REG
2013-10-03,Boston Bruins,Tampa Bay Lightning,Boston Bruins,Tampa Bay Lightning,3,1,REG
2013-10-03,Pittsburgh Penguins,New Jersey Devils,Pittsburgh Penguins,New Jersey Devils,3,0,REG
2013-10-03,Washington Capitals,Calgary Flames,Washington Capitals,Calgary Flames,5,4,SO
2013-10-04,Minnesota Wild,Los Angeles Kings,Los Angeles Kings,Minnesota Wild,3,2,SO
2013-10-04,St. Louis Blues,Nashville Predators,St. Louis Blues,Nashville Predators,4,2,REG
2013-10-04,Dallas Stars,Florida Panthers,Florida Panthers,Dallas Stars,4,2,REG
2013-10-04,San Jose Sharks,Vancouver Canucks,San Jose Sharks,Vancouver Canucks,4,1,REG
2013-10-04,New Jersey Devils,New York Islanders,New York Islanders,New Jersey Devils,4,3,SO
2013-10-04,Carolina Hurricanes,Detroit Red Wings,Detroit Red Wings,Carolina Hurricanes,3,2,OT
2013-10-04,Columbus Blue Jackets,Calgary Flames,Calgary Flames,Columbus Blue Jackets,4,3,REG
2013-10-05,Winnipeg Jets,Los Angeles Kings,Winnipeg Jets,Los Angeles Kings,5,3,REG
2013-10-05,Colorado Avalanche,Nashville Predators,Colorado Avalanche,Nashville Predators,3,1,REG
2013-10-05,Boston Bruins,Detroit Red Wings,Boston Bruins,Detroit Red Wings,4,1,REG
2013-10-05,Toronto Maple Leafs,Ottawa Senators,Toronto Maple Leafs,Ottawa Senators,5,4,SO
2013-10-05,Montreal Canadiens,Philadelphia Flyers,Montreal Canadiens,Philadelphia Flyers,4,1,REG
2013-10-05,New York Islanders,Columbus Blue Jackets,Columbus Blue Jackets,New York Islanders,3,2,SO
2013-10-05,Pittsburgh Penguins,Buffalo Sabres,Pittsburgh Penguins,Buffalo Sabres,4,1,REG
2013-10-06,Chicago Blackhawks,Tampa Bay Lightning,Tampa Bay Lightning,Chicago Blackhawks,3,2,SO
2013-10-06,St. Louis Blues,Florida Panthers,St. Louis Blues,Florida Panthers,4,0,REG
2013-10-06,Dallas Stars,Washington Capitals,Dallas Stars,Washington Capitals,2,1,REG
2013-10-06,Minnesota Wild,Anaheim Ducks,Anaheim Ducks,Minnesota Wild,4,3,OT
2013-10-06,Vancouver Canucks,Edmonton Oilers,Vancouver Canucks,Edmonton Oilers,6,2,REG
2013-10-06,Carolina Hurricanes,Philadelphia Flyers,Carolina Hurricanes,Philadelphia Flyers,2,1,REG
2013-10-07,Winnipeg Jets,Anaheim Ducks,Anaheim Ducks,Winnipeg Jets,3,2,REG
2013-10-07,Calgary Flames,Vancouver Canucks,Vancouver Canucks,Calgary Flames,5,4,OT
2013-10-08,Edmonton Oilers,New Jersey Devils,Edmonton Oilers,New Jersey Devils,5,4,SO
2013-10-08,Los Angeles Kings,New York Rangers,New York Rangers,Los Angeles Kings,3,1,REG
2013-10-08,Toronto Maple Leafs,Colorado Avalanche,Colorado Avalanche,Toronto Maple Leafs,2,1,REG
2013-10-08,Philadelphia Flyers,Florida Panthers,Philadelphia Flyers,Florida Panthers,2,1,REG
2013-10-08,Pittsburgh Penguins,Carolina Hurricanes,Pittsburgh Penguins,Carolina Hurricanes,5,2,REG
2013-10-08,Buffalo Sabres,Tampa Bay Lightning,Tampa Bay Lightning,Buffalo Sabres,3,2,OT
2013-10-09,Nashville Predators,Minnesota Wild,Nashville Predators,Minnesota Wild,3,2,REG
2013-10-09,Vancouver Canucks,New Jersey Devils,Vancouver Canucks,New Jersey Devils,3,2,OT
2013-10-09,San Jose Sharks,New York Rangers,San Jose Sharks,New York Rangers,6,2,REG
2013-10-10,St. Louis Blues,Chicago Blackhawks,St. Louis Blues,Chicago Blackhawks,3,2,REG
2013-10-10,Calgary Flames,Montreal Canadiens,Calgary Flames,Montreal Canadiens,3,2,REG
2013-10-10,Los Angeles Kings,Ottawa Senators,Los Angeles Kings,Ottawa Senators,4,3,OT
2013-10-10,Boston Bruins,Colorado Avalanche,Colorado Avalanche,Boston Bruins,2,0,REG
2013-10-10,Buffalo Sabres,Columbus Blue Jackets,Columbus Blue Jackets,Buffalo Sabres,4,1,REG
2013-10-10,Washington Capitals,Carolina Hurricanes,Carolina Hurricanes,Washington Capitals,3,2,REG
2013-10-10,Tampa Bay Lightning,Florida Panthers,Tampa Bay Lightning,Florida Panthers,6,2,REG
2013-10-11,Nashville Predators,Toronto Maple Leafs,Toronto Maple Leafs,Nashville Predators,4,0,REG
2013-10-11,Minnesota Wild,Winnipeg Jets,Minnesota Wild,Winnipeg Jets,2,1,REG
2013-10-11,Edmonton Oilers,Montreal Canadiens,Montreal Canadiens,Edmonton Oilers,4,1,REG
2013-10-11,Vancouver Canucks,San Jose Sharks,San Jose Sharks,Vancouver Canucks,4,1,REG
2013-10-11,Anaheim Ducks,New York Rangers,Anaheim Ducks,New York Rangers,4,0,REG
2013-10-11,Carolina Hurricanes,Los Angeles Kings,Los Angeles Kings,Carolina Hurricanes,2,1,SO
2013-10-11,Florida Panthers,Pittsburgh Penguins,Florida Panthers,Pittsburgh Penguins,6,3,REG
2013-10-12,Chicago Blackhawks,New York Islanders,Chicago Blackhawks,New York Islanders,3,2,REG
2013-10-12,Winnipeg Jets,Dallas Stars,Dallas Stars,Winnipeg Jets,4,1,REG
2013-10-12,Calgary Flames,New Jersey Devils,Calgary Flames,New Jersey Devils,3,2,REG
2013-10-12,Columbus Blue Jackets,Boston Bruins,Boston Bruins,Columbus Blue Jackets,3,1,REG
2013-10-12,Toronto Maple Leafs,Edmonton Oilers,Toronto Maple Leafs,Edmonton Oilers,6,5,OT
2013-10-12,Detroit Red Wings,Philadelphia Flyers,Detroit Red Wings,Philadelphia Flyers,5,2,REG
2013-10-12,Tampa Bay Lightning,Pittsburgh Penguins,Pittsburgh Penguins,Tampa Bay Lightning,5,4,REG
2013-10-12,Washington Capitals,Colorado Avalanche,Colorado Avalanche,Washington Capitals,5,1,REG
2013-10-13,Chicago Blackhawks,Buffalo Sabres,Chicago Blackhawks,Buffalo Sabres,2,1,REG
2013-10-13,St. Louis Blues,New York Rangers,St. Louis Blues,New York Rangers,5,3,REG
2013-10-13,Nashville Predators,New York Islanders,Nashville Predators,New York Islanders,3,2,REG
2013-10-13,Minnesota Wild,Dallas Stars,Minnesota Wild,Dallas Stars,5,1,REG
2013-10-13,Vancouver Canucks,Montreal Canadiens,Montreal Canadiens,Vancouver Canucks,4,1,REG
2013-10-13,San Jose Sharks,Ottawa Senators,San Jose Sharks,Ottawa Senators,3,2,REG
2013-10-13,Florida Panthers,Los Angeles Kings,Los Angeles Kings,Florida Panthers,3,0,REG
2013-10-14,Winnipeg Jets,New Jersey Devils,Winnipeg Jets,New Jersey Devils,3,0,REG
2013-10-14,Anaheim Ducks,Ottawa Senators,Anaheim Ducks,Ottawa Senators,4,1,REG
2013-10-14,Boston Bruins,Detroit Red Wings,Detroit Red Wings,Boston Bruins,3,2,REG
2013-10-14,Washington Capitals,Edmonton Oilers,Washington Capitals,Edmonton Oilers,4,2,REG
2013-10-14,Buffalo Sabres,Minnesota Wild,Minnesota Wild,Buffalo Sabres,2,1,REG
2013-10-15,Toronto Maple Leafs,Minnesota Wild,Toronto Maple Leafs,Minnesota Wild,4,1,REG
2013-10-15,New York Islanders,Buffalo Sabres,Buffalo Sabres,New York Islanders,4,3,SO
2013-10-15,Philadelphia Flyers,Vancouver Canucks,Vancouver Canucks,Philadelphia Flyers,3,2,REG
2013-10-15,Pittsburgh Penguins,Edmonton Oilers,Pittsburgh Penguins,Edmonton Oilers,3,2,REG
2013-10-15,Carolina Hurricanes,Chicago Blackhawks,Chicago Blackhawks,Carolina Hurricanes,3,2,SO
2013-10-15,Tampa Bay Lightning,Los Angeles Kings,Tampa Bay Lightning,Los Angeles Kings,5,1,REG
2013-10-16,Detroit Red Wings,Columbus Blue Jackets,Detroit Red Wings,Columbus Blue Jackets,2,1,REG
2013-10-16,St. Louis Blues,San Jose Sharks,San Jose Sharks,St. Louis Blues,6,2,REG
2013-10-16,Nashville Predators,Florida Panthers,Nashville Predators,Florida Panthers,4,3,REG
2013-10-16,Winnipeg Jets,Montreal Canadiens,Montreal Canadiens,Winnipeg Jets,3,0,REG
2013-10-16,Colorado Avalanche,Dallas Stars,Colorado Avalanche,Dallas Stars,3,2,REG
2013-10-17,Washington Capitals,New York Rangers,New York Rangers,Washington Capitals,2,0,REG
2013-10-17,Anaheim Ducks,Calgary Flames,Anaheim Ducks,Calgary Flames,3,2,REG
2013-10-17,Buffalo Sabres,Vancouver Canucks,Vancouver Canucks,Buffalo Sabres,3,0,REG
2013-10-17,Toronto Maple Leafs,Carolina Hurricanes,Carolina Hurricanes,Toronto Maple Leafs,3,2,REG
2013-10-17,New York Islanders,Edmonton Oilers,New York Islanders,Edmonton Oilers,3,2,REG
2013-10-17,Philadelphia Flyers,Pittsburgh Penguins,Pittsburgh Penguins,Philadelphia Flyers,4,1,REG
2013-10-17,Montreal Canadiens,Columbus Blue Jackets,Montreal Canadiens,Columbus Blue Jackets,5,3,REG
2013-10-17,Ottawa Senators,New Jersey Devils,Ottawa Senators,New Jersey Devils,5,2,REG
2013-10-17,Tampa Bay Lightning,Minnesota Wild,Tampa Bay Lightning,Minnesota Wild,3,1,REG
2013-10-17,Florida Panthers,Boston Bruins,Boston Bruins,Florida Panthers,3,2,REG
2013-10-18,Chicago Blackhawks,St. Louis Blues,St. Louis Blues,Chicago Blackhawks,3,2,SO
2013-10-18,Nashville Predators,Los Angeles Kings,Los Angeles Kings,Nashville Predators,2,1,SO
2013-10-18,Dallas Stars,San Jose Sharks,Dallas Stars,San Jose Sharks,4,3,SO
2013-10-18,Colorado Avalanche,Detroit Red Wings,Detroit Red Wings,Colorado Avalanche,4,2,REG
2013-10-19,Winnipeg Jets,St. Louis Blues,Winnipeg Jets,St. Louis Blues,4,3,SO
2013-10-19,Pittsburgh Penguins,Vancouver Canucks,Pittsburgh Penguins,Vancouver Canucks,4,3,SO
2013-10-19,Ottawa Senators,Edmonton Oilers,Edmonton Oilers,Ottawa Senators,3,1,REG
2013-10-19,Buffalo Sabres,Colorado Avalanche,Colorado Avalanche,Buffalo Sabres,4,2,REG
2013-10-19,Montreal Canadiens,Nashville Predators,Nashville Predators,Montreal Canadiens,2,1,REG
2013-10-19,Tampa Bay Lightning,Boston Bruins,Boston Bruins,Tampa Bay Lightning,4,0,REG
2013-10-19,Florida Panthers,Minnesota Wild,Florida Panthers,Minnesota Wild,2,1,SO
2013-10-19,New Jersey Devils,New York Rangers,New Jersey Devils,New York Rangers,4,0,REG
2013-10-19,New York Islanders,Carolina Hurricanes,Carolina Hurricanes,New York Islanders,4,3,REG
2013-10-19,Washington Capitals,Columbus Blue Jackets,Washington Capitals,Columbus Blue Jackets,4,1,REG
2013-10-19,Chicago Blackhawks,Toronto Maple Leafs,Chicago Blackhawks,Toronto Maple Leafs,3,1,REG
2013-10-20,San Jose Sharks,Calgary Flames,San Jose Sharks,Calgary Flames,6,3,REG
2013-10-20,Los Angeles Kings,Dallas Stars,Los Angeles Kings,Dallas Stars,5,2,REG
2013-10-20,Columbus Blue Jackets,Vancouver Canucks,Columbus Blue Jackets,Vancouver Canucks,3,1,REG
2013-10-21,Winnipeg Jets,Nashville Predators,Nashville Predators,Winnipeg Jets,3,1,REG
2013-10-21,Anaheim Ducks,Dallas Stars,Anaheim Ducks,Dallas Stars,6,3,REG
2013-10-22,Los Angeles Kings,Calgary Flames,Calgary Flames,Los Angeles Kings,3,2,REG
2013-10-22,Toronto Maple Leafs,Anaheim Ducks,Toronto Maple Leafs,Anaheim Ducks,4,2,REG
2013-10-22,New York Islanders,Vancouver Canucks,Vancouver Canucks,New York Islanders,5,4,OT
2013-10-22,Columbus Blue Jackets,New Jersey Devils,Columbus Blue Jackets,New Jersey Devils,4,1,REG
2013-10-22,Montreal Canadiens,Edmonton Oilers,Edmonton Oilers,Montreal Canadiens,4,3,REG
2013-10-22,Florida Panthers,Chicago Blackhawks,Chicago Blackhawks,Florida Panthers,3,2,SO
2013-10-23,Minnesota Wild,Nashville Predators,Minnesota Wild,Nashville Predators,2,0,REG
2013-10-23,Winnipeg Jets,Washington Capitals,Washington Capitals,Winnipeg Jets,5,4,SO
2013-10-23,Detroit Red Wings,Ottawa Senators,Ottawa Senators,Detroit Red Wings,5,1,REG
2013-10-24,Buffalo Sabres,Boston Bruins,Boston Bruins,Buffalo Sabres,5,2,REG
2013-10-24,Boston Bruins,San Jose Sharks,Boston Bruins,San Jose Sharks,2,1,REG
2013-10-24,New Jersey Devils,Vancouver Canucks,Vancouver Canucks,New Jersey Devils,3,2,SO
2013-10-24,Philadelphia Flyers,New York Rangers,Philadelphia Flyers,New York Rangers,2,1,REG
2013-10-24,Montreal Canadiens,Anaheim Ducks,Montreal Canadiens,Anaheim Ducks,4,1,REG
2013-10-24,Tampa Bay Lightning,Chicago Blackhawks,Tampa Bay Lightning,Chicago Blackhawks,6,5,OT
2013-10-25,Nashville Predators,Winnipeg Jets,Nashville Predators,Winnipeg Jets,3,2,OT
2013-10-25,Minnesota Wild,Carolina Hurricanes,Minnesota Wild,Carolina Hurricanes,3,1,REG
2013-10-25,Dallas Stars,Calgary Flames,Dallas Stars,Calgary Flames,5,1,REG
2013-10-25,Edmonton Oilers,Washington Capitals,Washington Capitals,Edmonton Oilers,4,1,REG
2013-10-25,Pittsburgh Penguins,New York Islanders,New York Islanders,Pittsburgh Penguins,4,3,REG
2013-10-25,Columbus Blue Jackets,Toronto Maple Leafs,Columbus Blue Jackets,Toronto Maple Leafs,5,2,REG
2013-10-25,Ottawa Senators,Anaheim Ducks,Anaheim Ducks,Ottawa Senators,2,1,REG
2013-10-25,Florida Panthers,Buffalo Sabres,Buffalo Sabres,Florida Panthers,3,1,REG
2013-10-26,St. Louis Blues,Vancouver Canucks,Vancouver Canucks,St. Louis Blues,3,2,OT
2013-10-26,Colorado Avalanche,Carolina Hurricanes,Colorado Avalanche,Carolina Hurricanes,4,2,REG
2013-10-26,Boston Bruins,New Jersey Devils,New Jersey Devils,Boston Bruins,4,3,REG
2013-10-26,Toronto Maple Leafs,Pittsburgh Penguins,Toronto Maple Leafs,Pittsburgh Penguins,4,1,REG
2013-10-26,Montreal Canadiens,San Jose Sharks,San Jose Sharks,Montreal Canadiens,2,0,REG
2013-10-26,Detroit Red Wings,New York Rangers,New York Rangers,Detroit Red Wings,3,2,OT
2013-10-26,Tampa Bay Lightning,Buffalo Sabres,Tampa Bay Lightning,Buffalo Sabres,3,2,REG
2013-10-26,New York Islanders,Philadelphia Flyers,Philadelphia Flyers,New York Islanders,5,2,REG
2013-10-26,Dallas Stars,Winnipeg Jets,Winnipeg Jets,Dallas Stars,2,1,SO
2013-10-27,Chicago Blackhawks,Minnesota Wild,Minnesota Wild,Chicago Blackhawks,5,3,REG
2013-10-27,Nashville Predators,St. Louis Blues,St. Louis Blues,Nashville Predators,5,1,REG
2013-10-27,Calgary Flames,Washington Capitals,Calgary Flames,Washington Capitals,5,2,REG
2013-10-27,Ottawa Senators,San Jose Sharks,San Jose Sharks,Ottawa Senators,5,2,REG
2013-10-27,Florida Panthers,Tampa Bay Lightning,Tampa Bay Lightning,Florida Panthers,4,3,SO
2013-10-27,Columbus Blue Jackets,Anaheim Ducks,Anaheim Ducks,Columbus Blue Jackets,4,3,REG
2013-10-28,Colorado Avalanche,Winnipeg Jets,Colorado Avalanche,Winnipeg Jets,3,2,REG
2013-10-28,Los Angeles Kings,Edmonton Oilers,Los Angeles Kings,Edmonton Oilers,2,1,SO
2013-10-28,Buffalo Sabres,Dallas Stars,Dallas Stars,Buffalo Sabres,4,3,REG
2013-10-28,Carolina Hurricanes,Pittsburgh Penguins,Pittsburgh Penguins,Carolina Hurricanes,3,1,REG
2013-10-28,New York Rangers,Montreal Canadiens,Montreal Canadiens,New York Rangers,2,0,REG
2013-10-29,Minnesota Wild,Chicago Blackhawks,Chicago Blackhawks,Minnesota Wild,5,1,REG
2013-10-29,Vancouver Canucks,Washington Capitals,Vancouver Canucks,Washington Capitals,3,2,REG
2013-10-29,New York Islanders,New York Rangers,New York Rangers,New York Islanders,3,2,REG
2013-10-29,Philadelphia Flyers,Anaheim Ducks,Anaheim Ducks,Philadelphia Flyers,3,2,REG
2013-10-29,Montreal Canadiens,Dallas Stars,Montreal Canadiens,Dallas Stars,2,1,REG
2013-10-29,New Jersey Devils,Tampa Bay Lightning,New Jersey Devils,Tampa Bay Lightning,2,1,REG
2013-10-30,Chicago Blackhawks,Ottawa Senators,Chicago Blackhawks,Ottawa Senators,6,5,REG
2013-10-30,St. Louis Blues,Winnipeg Jets,St. Louis Blues,Winnipeg Jets,3,2,REG
2013-10-30,Edmonton Oilers,Toronto Maple Leafs,Toronto Maple Leafs,Edmonton Oilers,4,0,REG
2013-10-31,Pittsburgh Penguins,Boston Bruins,Pittsburgh Penguins,Boston Bruins,3,2,REG
2013-10-31,Calgary Flames,Toronto Maple Leafs,Toronto Maple Leafs,Calgary Flames,4,2,REG
2013-10-31,Vancouver Canucks,Detroit Red Wings,Detroit Red Wings,Vancouver Canucks,2,1,REG
2013-10-31,Los Angeles Kings,San Jose Sharks,Los Angeles Kings,San Jose Sharks,4,3,OT
2013-10-31,Boston Bruins,Anaheim Ducks,Boston Bruins,Anaheim Ducks,3,2,SO
2013-10-31,New York Rangers,Buffalo Sabres,New York Rangers,Buffalo Sabres,2,0,REG
2013-11-01,Philadelphia Flyers,Washington Capitals,Washington Capitals,Philadelphia Flyers,4,0,REG
2013-11-01,Pittsburgh Penguins,Columbus Blue Jackets,Pittsburgh Penguins,Columbus Blue Jackets,4,2,REG
2013-11-01,Carolina Hurricanes,Tampa Bay Lightning,Tampa Bay Lightning,Carolina Hurricanes,3,0,REG
2013-11-01,Ottawa Senators,New York Islanders,New York Islanders,Ottawa Senators,5,4,SO
2013-11-01,Florida Panthers,St. Louis Blues,St. Louis Blues,Florida Panthers,4,0,REG
2013-11-02,Minnesota Wild,Montreal Canadiens,Minnesota Wild,Montreal Canadiens,4,3,REG
2013-11-02,Dallas Stars,Colorado Avalanche,Colorado Avalanche,Dallas Stars,3,2,OT
2013-11-02,Calgary Flames,Detroit Red Wings,Detroit Red Wings,Calgary Flames,4,3,REG
2013-11-02,Winnipeg Jets,Chicago Blackhawks,Chicago Blackhawks,Winnipeg Jets,5,1,REG
2013-11-02,Buffalo Sabres,Anaheim Ducks,Anaheim Ducks,Buffalo Sabres,6,3,REG
2013-11-02,Tampa Bay Lightning,St. Louis Blues,Tampa Bay Lightning,St. Louis Blues,4,2,REG
2013-11-02,New York Islanders,Boston Bruins,New York Islanders,Boston Bruins,3,1,REG
2013-11-02,New York Rangers,Carolina Hurricanes,New York Rangers,Carolina Hurricanes,5,1,REG
2013-11-02,Washington Capitals,Florida Panthers,Washington Capitals,Florida Panthers,3,2,SO
2013-11-02,Columbus Blue Jackets,Pittsburgh Penguins,Pittsburgh Penguins,Columbus Blue Jackets,3,0,REG
2013-11-02,Vancouver Canucks,Toronto Maple Leafs,Vancouver Canucks,Toronto Maple Leafs,4,0,REG
2013-11-03,Colorado Avalanche,Montreal Canadiens,Colorado Avalanche,Montreal Canadiens,4,1,REG
2013-11-03,Edmonton Oilers,Detroit Red Wings,Detroit Red Wings,Edmonton Oilers,4,0,REG
2013-11-03,Los Angeles Kings,Nashville Predators,Nashville Predators,Los Angeles Kings,4,3,REG
2013-11-03,Ottawa Senators,Dallas Stars,Dallas Stars,Ottawa Senators,4,3,SO
2013-11-04,Chicago Blackhawks,Calgary Flames,Calgary Flames,Chicago Blackhawks,3,2,OT
2013-11-04,Minnesota Wild,New Jersey Devils,Minnesota Wild,New Jersey Devils,4,0,REG
2013-11-05,New York Rangers,Anaheim Ducks,Anaheim Ducks,New York Rangers,2,1,REG
2013-11-05,Winnipeg Jets,Detroit Red Wings,Winnipeg Jets,Detroit Red Wings,4,2,REG
2013-11-06,Boston Bruins,Dallas Stars,Dallas Stars,Boston Bruins,3,2,SO
2013-11-06,Washington Capitals,New York Islanders,Washington Capitals,New York Islanders,6,2,REG
2013-11-06,Columbus Blue Jackets,Ottawa Senators,Ottawa Senators,Columbus Blue Jackets,4,1,REG
2013-11-06,Montreal Canadiens,St. Louis Blues,St. Louis Blues,Montreal Canadiens,3,2,SO
2013-11-06,Florida Panthers,Edmonton Oilers,Edmonton Oilers,Florida Panthers,4,3,OT
2013-11-06,Carolina Hurricanes,Philadelphia Flyers,Carolina Hurricanes,Philadelphia Flyers,2,1,OT
2013-11-06,Minnesota Wild,Calgary Flames,Minnesota Wild,Calgary Flames,5,1,REG
2013-11-06,San Jose Sharks,Buffalo Sabres,Buffalo Sabres,San Jose Sharks,5,4,SO
2013-11-07,New York Rangers,Pittsburgh Penguins,New York Rangers,Pittsburgh Penguins,5,1,REG
2013-11-07,Chicago Blackhawks,Winnipeg Jets,Chicago Blackhawks,Winnipeg Jets,4,1,REG
2013-11-07,Colorado Avalanche,Nashville Predators,Nashville Predators,Colorado Avalanche,6,4,REG
2013-11-08,Boston Bruins,Florida Panthers,Boston Bruins,Florida Panthers,4,1,REG
2013-11-08,Ottawa Senators,Montreal Canadiens,Ottawa Senators,Montreal Canadiens,4,1,REG
2013-11-08,Philadelphia Flyers,New Jersey Devils,New Jersey Devils,Philadelphia Flyers,3,0,REG
2013-11-08,Washington Capitals,Minnesota Wild,Washington Capitals,Minnesota Wild,3,2,SO
2013-11-08,Columbus Blue Jackets,New York Rangers,New York Rangers,Columbus Blue Jackets,4,2,REG
2013-11-08,Detroit Red Wings,Dallas Stars,Dallas Stars,Detroit Red Wings,4,3,OT
2013-11-08,Tampa Bay Lightning,Edmonton Oilers,Tampa Bay Lightning,Edmonton Oilers,4,2,REG
2013-11-08,St. Louis Blues,Calgary Flames,St. Louis Blues,Calgary Flames,3,2,REG
2013-11-08,Los Angeles Kings,Buffalo Sabres,Los Angeles Kings,Buffalo Sabres,2,0,REG
2013-11-08,San Jose Sharks,Vancouver Canucks,Vancouver Canucks,San Jose Sharks,4,2,REG
2013-11-09,Toronto Maple Leafs,New Jersey Devils,Toronto Maple Leafs,New Jersey Devils,2,1,SO
2013-11-09,Winnipeg Jets,Nashville Predators,Winnipeg Jets,Nashville Predators,4,0,REG
2013-11-09,Colorado Avalanche,Calgary Flames,Colorado Avalanche,Calgary Flames,4,2,REG
2013-11-09,Anaheim Ducks,Buffalo Sabres,Anaheim Ducks,Buffalo Sabres,6,2,REG
2013-11-09,Philadelphia Flyers,Edmonton Oilers,Philadelphia Flyers,Edmonton Oilers,4,2,REG
2013-11-09,Ottawa Senators,Florida Panthers,Ottawa Senators,Florida Panthers,3,2,REG
2013-11-10,Boston Bruins,Toronto Maple Leafs,Boston Bruins,Toronto Maple Leafs,3,1,REG
2013-11-10,Detroit Red Wings,Tampa Bay Lightning,Tampa Bay Lightning,Detroit Red Wings,3,2,OT
2013-11-10,Carolina Hurricanes,Minnesota Wild,Minnesota Wild,Carolina Hurricanes,3,2,SO
2013-11-10,Columbus Blue Jackets,New York Islanders,Columbus Blue Jackets,New York Islanders,5,2,REG
2013-11-10,St. Louis Blues,Pittsburgh Penguins,St. Louis Blues,Pittsburgh Penguins,2,1,REG
2013-11-10,Dallas Stars,Chicago Blackhawks,Chicago Blackhawks,Dallas Stars,5,2,REG
2013-11-10,Los Angeles Kings,Vancouver Canucks,Los Angeles Kings,Vancouver Canucks,5,1,REG
2013-11-10,Montreal Canadiens,New York Islanders,Montreal Canadiens,New York Islanders,4,2,REG
2013-11-11,New Jersey Devils,Nashville Predators,New Jersey Devils,Nashville Predators,4,0,REG
2013-11-11,New York Rangers,Florida Panthers,New York Rangers,Florida Panthers,4,3,REG
2013-11-11,Chicago Blackhawks,Edmonton Oilers,Chicago Blackhawks,Edmonton Oilers,5,4,REG
2013-11-11,Winnipeg Jets,San Jose Sharks,Winnipeg Jets,San Jose Sharks,5,4,SO
2013-11-11,Colorado Avalanche,Washington Capitals,Colorado Avalanche,Washington Capitals,4,1,REG
2013-11-11,Anaheim Ducks,Vancouver Canucks,Anaheim Ducks,Vancouver Canucks,3,1,REG
2013-11-11,Boston Bruins,Tampa Bay Lightning,Boston Bruins,Tampa Bay Lightning,3,0,REG
2013-11-13,Buffalo Sabres,Los Angeles Kings,Buffalo Sabres,Los Angeles Kings,3,2,SO
2013-11-13,New York Islanders,Nashville Predators,New York Islanders,Nashville Predators,3,1,REG
2013-11-13,New York Rangers,New Jersey Devils,New Jersey Devils,New York Rangers,3,2,REG
2013-11-13,Washington Capitals,Columbus Blue Jackets,Washington Capitals,Columbus Blue Jackets,4,3,OT
2013-11-13,Carolina Hurricanes,Colorado Avalanche,Carolina Hurricanes,Colorado Avalanche,2,1,REG
2013-11-13,Montreal Canadiens,Tampa Bay Lightning,Tampa Bay Lightning,Montreal Canadiens,2,1,SO
2013-11-13,Ottawa Senators,Philadelphia Flyers,Philadelphia Flyers,Ottawa Senators,4,0,REG
2013-11-13,Detroit Red Wings,Winnipeg Jets,Winnipeg Jets,Detroit Red Wings,3,2,SO
2013-11-13,Florida Panthers,Anaheim Ducks,Florida Panthers,Anaheim Ducks,3,2,REG
2013-11-13,Calgary Flames,San Jose Sharks,San Jose Sharks,Calgary Flames,3,2,OT
2013-11-14,Minnesota Wild,Toronto Maple Leafs,Minnesota Wild,Toronto Maple Leafs,2,1,SO
2013-11-14,Pittsburgh Penguins,Philadelphia Flyers,Philadelphia Flyers,Pittsburgh Penguins,2,1,REG
2013-11-14,Edmonton Oilers,Dallas Stars,Dallas Stars,Edmonton Oilers,3,0,REG
2013-11-15,Boston Bruins,Columbus Blue Jackets,Boston Bruins,Columbus Blue Jackets,3,2,OT
2013-11-15,New York Islanders,Los Angeles Kings,Los Angeles Kings,New York Islanders,3,2,REG
2013-11-15,Tampa Bay Lightning,Anaheim Ducks,Tampa Bay Lightning,Anaheim Ducks,5,1,REG
2013-11-15,St. Louis Blues,Colorado Avalanche,St. Louis Blues,Colorado Avalanche,7,3,REG
2013-11-15,Calgary Flames,Dallas Stars,Dallas Stars,Calgary Flames,7,3,REG
2013-11-15,Vancouver Canucks,San Jose Sharks,San Jose Sharks,Vancouver Canucks,2,1,OT
2013-11-16,Buffalo Sabres,Toronto Maple Leafs,Buffalo Sabres,Toronto Maple Leafs,3,1,REG
2013-11-16,New Jersey Devils,Los Angeles Kings,Los Angeles Kings,New Jersey Devils,2,0,REG
2013-11-16,Pittsburgh Penguins,Nashville Predators,Pittsburgh Penguins,Nashville Predators,4,1,REG
2013-11-16,Carolina Hurricanes,Anaheim Ducks,Carolina Hurricanes,Anaheim Ducks,3,2,SO
2013-11-16,Columbus Blue Jackets,Montreal Canadiens,Montreal Canadiens,Columbus Blue Jackets,3,2,SO
2013-11-16,Ottawa Senators,Boston Bruins,Ottawa Senators,Boston Bruins,4,2,REG
2013-11-16,Detroit Red Wings,Washington Capitals,Washington Capitals,Detroit Red Wings,4,3,SO
2013-11-16,Minnesota Wild,Florida Panthers,Minnesota Wild,Florida Panthers,3,2,REG
2013-11-16,Winnipeg Jets,Philadelphia Flyers,Winnipeg Jets,Philadelphia Flyers,3,2,SO
2013-11-16,Edmonton Oilers,San Jose Sharks,San Jose Sharks,Edmonton Oilers,3,1,REG
2013-11-17,Toronto Maple Leafs,Buffalo Sabres,Toronto Maple Leafs,Buffalo Sabres,4,2,REG
2013-11-17,New Jersey Devils,Pittsburgh Penguins,New Jersey Devils,Pittsburgh Penguins,4,1,REG
2013-11-17,New York Islanders,Detroit Red Wings,New York Islanders,Detroit Red Wings,5,4,SO
2013-11-17,St. Louis Blues,Carolina Hurricanes,St. Louis Blues,Carolina Hurricanes,4,2,REG
2013-11-17,Nashville Predators,Chicago Blackhawks,Nashville Predators,Chicago Blackhawks,6,2,REG
2013-11-17,Colorado Avalanche,Florida Panthers,Florida Panthers,Colorado Avalanche,4,1,REG
2013-11-17,Calgary Flames,Edmonton Oilers,Edmonton Oilers,Calgary Flames,4,2,REG
2013-11-17,Ottawa Senators,Columbus Blue Jackets,Columbus Blue Jackets,Ottawa Senators,4,1,REG
2013-11-17,Washington Capitals,St. Louis Blues,Washington Capitals,St. Louis Blues,4,1,REG
2013-11-18,Chicago Blackhawks,San Jose Sharks,Chicago Blackhawks,San Jose Sharks,5,1,REG
2013-11-18,Minnesota Wild,Winnipeg Jets,Minnesota Wild,Winnipeg Jets,2,1,REG
2013-11-18,Vancouver Canucks,Dallas Stars,Dallas Stars,Vancouver Canucks,2,1,REG
2013-11-19,Carolina Hurricanes,Boston Bruins,Boston Bruins,Carolina Hurricanes,4,1,REG
2013-11-19,Pittsburgh Penguins,Anaheim Ducks,Pittsburgh Penguins,Anaheim Ducks,3,1,REG
2013-11-19,Winnipeg Jets,Calgary Flames,Calgary Flames,Winnipeg Jets,5,4,SO
2013-11-20,Buffalo Sabres,St. Louis Blues,St. Louis Blues,Buffalo Sabres,4,1,REG
2013-11-20,Toronto Maple Leafs,New York Islanders,Toronto Maple Leafs,New York Islanders,5,2,REG
2013-11-20,Philadelphia Flyers,Ottawa Senators,Philadelphia Flyers,Ottawa Senators,5,2,REG
2013-11-20,Montreal Canadiens,Minnesota Wild,Montreal Canadiens,Minnesota Wild,6,2,REG
2013-11-20,Detroit Red Wings,Nashville Predators,Nashville Predators,Detroit Red Wings,2,0,REG
2013-11-20,New York Rangers,Boston Bruins,Boston Bruins,New York Rangers,2,1,REG
2013-11-20,Colorado Avalanche,Chicago Blackhawks,Colorado Avalanche,Chicago Blackhawks,5,1,REG
2013-11-20,Edmonton Oilers,Columbus Blue Jackets,Edmonton Oilers,Columbus Blue Jackets,4,0,REG
2013-11-20,Vancouver Canucks,Florida Panthers,Florida Panthers,Vancouver Canucks,3,2,SO
2013-11-20,Los Angeles Kings,Tampa Bay Lightning,Los Angeles Kings,Tampa Bay Lightning,5,2,REG
2013-11-21,Ottawa Senators,Minnesota Wild,Minnesota Wild,Ottawa Senators,4,3,REG
2013-11-21,Washington Capitals,Pittsburgh Penguins,Pittsburgh Penguins,Washington Capitals,4,0,REG
2013-11-21,Calgary Flames,Columbus Blue Jackets,Columbus Blue Jackets,Calgary Flames,2,1,OT
2013-11-21,Anaheim Ducks,New Jersey Devils,New Jersey Devils,Anaheim Ducks,4,3,OT
2013-11-22,Boston Bruins,St. Louis Blues,St. Louis Blues,Boston Bruins,3,2,SO
2013-11-22,Toronto Maple Leafs,Nashville Predators,Nashville Predators,Toronto Maple Leafs,4,2,REG
2013-11-22,Philadelphia Flyers,Buffalo Sabres,Philadelphia Flyers,Buffalo Sabres,4,1,REG
2013-11-22,Detroit Red Wings,Carolina Hurricanes,Detroit Red Wings,Carolina Hurricanes,4,3,REG
2013-11-22,Winnipeg Jets,Chicago Blackhawks,Chicago Blackhawks,Winnipeg Jets,6,3,REG
2013-11-22,Dallas Stars,New York Rangers,New York Rangers,Dallas Stars,3,2,REG
2013-11-22,Edmonton Oilers,Florida Panthers,Edmonton Oilers,Florida Panthers,4,1,REG
2013-11-22,Los Angeles Kings,New Jersey Devils,New Jersey Devils,Los Angeles Kings,2,1,OT
2013-11-22,San Jose Sharks,Tampa Bay Lightning,San Jose Sharks,Tampa Bay Lightning,5,1,REG
2013-11-23,Pittsburgh Penguins,New York Islanders,Pittsburgh Penguins,New York Islanders,4,3,REG
2013-11-23,Washington Capitals,Montreal Canadiens,Montreal Canadiens,Washington Capitals,3,2,REG
2013-11-23,Calgary Flames,Florida Panthers,Calgary Flames,Florida Panthers,4,3,SO
2013-11-23,Vancouver Canucks,Columbus Blue Jackets,Vancouver Canucks,Columbus Blue Jackets,6,2,REG
2013-11-23,Boston Bruins,Carolina Hurricanes,Boston Bruins,Carolina Hurricanes,3,2,OT
2013-11-23,Winnipeg Jets,Minnesota Wild,Minnesota Wild,Winnipeg Jets,3,2,SO
2013-11-24,Toronto Maple Leafs,Washington Capitals,Toronto Maple Leafs,Washington Capitals,2,1,SO
2013-11-24,Montreal Canadiens,Pittsburgh Penguins,Montreal Canadiens,Pittsburgh Penguins,3,2,REG
2013-11-24,Detroit Red Wings,Ottawa Senators,Ottawa Senators,Detroit Red Wings,4,2,REG
2013-11-24,Philadelphia Flyers,New York Islanders,Philadelphia Flyers,New York Islanders,5,2,REG
2013-11-24,St. Louis Blues,Dallas Stars,St. Louis Blues,Dallas Stars,5,1,REG
2013-11-24,Nashville Predators,New York Rangers,New York Rangers,Nashville Predators,2,0,REG
2013-11-24,Vancouver Canucks,Chicago Blackhawks,Chicago Blackhawks,Vancouver Canucks,2,1,REG
2013-11-24,San Jose Sharks,New Jersey Devils,San Jose Sharks,New Jersey Devils,2,1,REG
2013-11-24,Buffalo Sabres,Detroit Red Wings,Detroit Red Wings,Buffalo Sabres,3,1,REG
2013-11-24,Carolina Hurricanes,Ottawa Senators,Carolina Hurricanes,Ottawa Senators,4,1,REG
2013-11-26,Boston Bruins,Pittsburgh Penguins,Boston Bruins,Pittsburgh Penguins,4,3,OT
2013-11-26,Toronto Maple Leafs,Columbus Blue Jackets,Columbus Blue Jackets,Toronto Maple Leafs,4,0,REG
2013-11-26,New Jersey Devils,Winnipeg Jets,Winnipeg Jets,New Jersey Devils,3,1,REG
2013-11-26,Tampa Bay Lightning,New York Rangers,Tampa Bay Lightning,New York Rangers,4,0,REG
2013-11-26,Florida Panthers,Philadelphia Flyers,Florida Panthers,Philadelphia Flyers,3,1,REG
2013-11-26,St. Louis Blues,Minnesota Wild,St. Louis Blues,Minnesota Wild,3,0,REG
2013-11-26,Edmonton Oilers,Chicago Blackhawks,Chicago Blackhawks,Edmonton Oilers,5,1,REG
2013-11-26,Vancouver Canucks,Los Angeles Kings,Los Angeles Kings,Vancouver Canucks,3,2,OT
2013-11-27,Dallas Stars,Anaheim Ducks,Dallas Stars,Anaheim Ducks,6,3,REG
2013-11-28,Buffalo Sabres,Montreal Canadiens,Montreal Canadiens,Buffalo Sabres,3,1,REG
2013-11-28,New Jersey Devils,Carolina Hurricanes,Carolina Hurricanes,New Jersey Devils,4,3,REG
2013-11-28,New York Islanders,Winnipeg Jets,Winnipeg Jets,New York Islanders,3,2,REG
2013-11-28,Washington Capitals,Ottawa Senators,Ottawa Senators,Washington Capitals,6,4,REG
2013-11-28,Columbus Blue Jackets,Nashville Predators,Nashville Predators,Columbus Blue Jackets,4,0,REG
2013-11-28,Detroit Red Wings,Boston Bruins,Detroit Red Wings,Boston Bruins,5,1,REG
2013-11-28,Tampa Bay Lightning,Philadelphia Flyers,Tampa Bay Lightning,Philadelphia Flyers,4,2,REG
2013-11-28,Florida Panthers,New York Rangers,New York Rangers,Florida Panthers,5,2,REG
2013-11-28,Pittsburgh Penguins,Toronto Maple Leafs,Pittsburgh Penguins,Toronto Maple Leafs,6,5,SO
2013-11-28,Colorado Avalanche,St. Louis Blues,St. Louis Blues,Colorado Avalanche,4,1,REG
2013-11-28,Calgary Flames,Chicago Blackhawks,Chicago Blackhawks,Calgary Flames,3,2,REG
2013-11-28,San Jose Sharks,Los Angeles Kings,San Jose Sharks,Los Angeles Kings,3,2,SO
2013-11-29,Ottawa Senators,Vancouver Canucks,Vancouver Canucks,Ottawa Senators,5,2,REG
2013-11-29,Nashville Predators,Edmonton Oilers,Edmonton Oilers,Nashville Predators,3,0,REG
2013-11-29,Philadelphia Flyers,Winnipeg Jets,Philadelphia Flyers,Winnipeg Jets,2,1,REG
2013-11-29,Boston Bruins,New York Rangers,Boston Bruins,New York Rangers,3,2,REG
2013-11-29,Tampa Bay Lightning,Pittsburgh Penguins,Pittsburgh Penguins,Tampa Bay Lightning,3,0,REG
2013-11-29,New York Islanders,Detroit Red Wings,Detroit Red Wings,New York Islanders,4,0,REG
2013-11-29,Anaheim Ducks,Calgary Flames,Anaheim Ducks,Calgary Flames,5,2,REG
2013-11-29,San Jose Sharks,St. Louis Blues,San Jose Sharks,St. Louis Blues,6,3,REG
2013-11-29,Washington Capitals,Montreal Canadiens,Washington Capitals,Montreal Canadiens,3,2,SO
2013-11-29,Minnesota Wild,Colorado Avalanche,Colorado Avalanche,Minnesota Wild,3,1,REG
2013-11-30,Carolina Hurricanes,New Jersey Devils,New Jersey Devils,Carolina Hurricanes,5,2,REG
2013-11-30,Columbus Blue Jackets,Edmonton Oilers,Columbus Blue Jackets,Edmonton Oilers,4,2,REG
2013-11-30,Buffalo Sabres,Toronto Maple Leafs,Buffalo Sabres,Toronto Maple Leafs,3,2,OT
2013-11-30,Dallas Stars,Chicago Blackhawks,Chicago Blackhawks,Dallas Stars,2,1,SO
2013-11-30,New York Rangers,Vancouver Canucks,New York Rangers,Vancouver Canucks,5,2,REG
2013-12-01,Boston Bruins,Columbus Blue Jackets,Boston Bruins,Columbus Blue Jackets,3,1,REG
2013-12-01,Montreal Canadiens,Toronto Maple Leafs,Montreal Canadiens,Toronto Maple Leafs,4,2,REG
2013-12-01,Florida Panthers,Pittsburgh Penguins,Pittsburgh Penguins,Florida Panthers,5,1,REG
2013-12-01,New York Islanders,Washington Capitals,Washington Capitals,New York Islanders,3,2,OT
2013-12-01,Nashville Predators,Philadelphia Flyers,Philadelphia Flyers,Nashville Predators,3,2,SO
2013-12-01,Colorado Avalanche,Minnesota Wild,Colorado Avalanche,Minnesota Wild,3,2,SO
2013-12-01,Los Angeles Kings,Calgary Flames,Calgary Flames,Los Angeles Kings,2,1,REG
2013-12-01,San Jose Sharks,Anaheim Ducks,San Jose Sharks,Anaheim Ducks,4,3,SO
2013-12-01,Carolina Hurricanes,Vancouver Canucks,Vancouver Canucks,Carolina Hurricanes,3,2,REG
2013-12-01,Ottawa Senators,Detroit Red Wings,Detroit Red Wings,Ottawa Senators,4,2,REG
2013-12-01,Dallas Stars,Edmonton Oilers,Edmonton Oilers,Dallas Stars,3,2,SO
2013-12-03,New York Rangers,Winnipeg Jets,Winnipeg Jets,New York Rangers,5,2,REG
2013-12-03,Montreal Canadiens,New Jersey Devils,Montreal Canadiens,New Jersey Devils,3,2,REG
2013-12-03,Minnesota Wild,Philadelphia Flyers,Minnesota Wild,Philadelphia Flyers,2,0,REG
2013-12-03,Los Angeles Kings,St. Louis Blues,Los Angeles Kings,St. Louis Blues,3,2,REG
2013-12-04,Toronto Maple Leafs,San Jose Sharks,San Jose Sharks,Toronto Maple Leafs,4,2,REG
2013-12-04,New York Islanders,Pittsburgh Penguins,Pittsburgh Penguins,New York Islanders,3,2,OT
2013-12-04,Washington Capitals,Carolina Hurricanes,Carolina Hurricanes,Washington Capitals,4,1,REG
2013-12-04,Florida Panthers,Ottawa Senators,Ottawa Senators,Florida Panthers,4,2,REG
2013-12-04,Chicago Blackhawks,Dallas Stars,Dallas Stars,Chicago Blackhawks,4,3,REG
2013-12-04,Nashville Predators,Vancouver Canucks,Vancouver Canucks,Nashville Predators,3,1,REG
2013-12-04,Anaheim Ducks,Los Angeles Kings,Los Angeles Kings,Anaheim Ducks,3,2,SO
2013-12-05,New Jersey Devils,Montreal Canadiens,Montreal Canadiens,New Jersey Devils,4,3,SO
2013-12-05,Detroit Red Wings,Philadelphia Flyers,Philadelphia Flyers,Detroit Red Wings,6,3,REG
2013-12-06,Buffalo Sabres,New York Rangers,New York Rangers,Buffalo Sabres,3,1,REG
2013-12-06,Toronto Maple Leafs,Dallas Stars,Toronto Maple Leafs,Dallas Stars,3,2,OT
2013-12-06,Pittsburgh Penguins,San Jose Sharks,Pittsburgh Penguins,San Jose Sharks,5,1,REG
2013-12-06,Montreal Canadiens,Boston Bruins,Montreal Canadiens,Boston Bruins,2,1,REG
2013-12-06,Tampa Bay Lightning,Ottawa Senators,Tampa Bay Lightning,Ottawa Senators,3,1,REG
2013-12-06,Florida Panthers,Winnipeg Jets,Florida Panthers,Winnipeg Jets,5,2,REG
2013-12-06,St. Louis Blues,New York Islanders,St. Louis Blues,New York Islanders,5,1,REG
2013-12-06,Nashville Predators,Carolina Hurricanes,Carolina Hurricanes,Nashville Predators,5,2,REG
2013-12-06,Minnesota Wild,Chicago Blackhawks,Minnesota Wild,Chicago Blackhawks,4,3,REG
2013-12-06,Edmonton Oilers,Colorado Avalanche,Edmonton Oilers,Colorado Avalanche,6,2,REG
2013-12-07,New Jersey Devils,Detroit Red Wings,Detroit Red Wings,New Jersey Devils,3,1,REG
2013-12-07,Carolina Hurricanes,San Jose Sharks,Carolina Hurricanes,San Jose Sharks,5,3,REG
2013-12-07,Columbus Blue Jackets,Minnesota Wild,Columbus Blue Jackets,Minnesota Wild,4,0,REG
2013-12-07,Chicago Blackhawks,Anaheim Ducks,Anaheim Ducks,Chicago Blackhawks,3,2,SO
2013-12-07,Calgary Flames,Colorado Avalanche,Colorado Avalanche,Calgary Flames,3,2,REG
2013-12-07,Dallas Stars,Philadelphia Flyers,Dallas Stars,Philadelphia Flyers,5,1,REG
2013-12-08,Boston Bruins,Pittsburgh Penguins,Boston Bruins,Pittsburgh Penguins,3,2,REG
2013-12-08,Montreal Canadiens,Buffalo Sabres,Montreal Canadiens,Buffalo Sabres,3,2,REG
2013-12-08,Ottawa Senators,Toronto Maple Leafs,Toronto Maple Leafs,Ottawa Senators,4,3,SO
2013-12-08,Detroit Red Wings,Florida Panthers,Florida Panthers,Detroit Red Wings,2,1,REG
2013-12-08,Tampa Bay Lightning,Winnipeg Jets,Winnipeg Jets,Tampa Bay Lightning,2,1,OT
2013-12-08,Washington Capitals,Nashville Predators,Washington Capitals,Nashville Predators,5,2,REG
2013-12-08,New York Rangers,New Jersey Devils,New Jersey Devils,New York Rangers,4,3,OT
2013-12-08,St. Louis Blues,Anaheim Ducks,Anaheim Ducks,St. Louis Blues,5,2,REG
2013-12-08,Edmonton Oilers,Calgary Flames,Calgary Flames,Edmonton Oilers,2,1,OT
2013-12-08,Los Angeles Kings,New York Islanders,Los Angeles Kings,New York Islanders,3,0,REG
2013-12-08,Minnesota Wild,San Jose Sharks,Minnesota Wild,San Jose Sharks,3,1,REG
2013-12-09,Toronto Maple Leafs,Boston Bruins,Boston Bruins,Toronto Maple Leafs,5,2,REG
2013-12-09,New York Rangers,Washington Capitals,Washington Capitals,New York Rangers,4,1,REG
2013-12-09,Chicago Blackhawks,Florida Panthers,Chicago Blackhawks,Florida Panthers,6,2,REG
2013-12-09,Vancouver Canucks,Colorado Avalanche,Vancouver Canucks,Colorado Avalanche,3,1,REG
2013-12-10,Ottawa Senators,Philadelphia Flyers,Ottawa Senators,Philadelphia Flyers,5,4,SO
2013-12-10,Pittsburgh Penguins,Columbus Blue Jackets,Pittsburgh Penguins,Columbus Blue Jackets,2,1,REG
2013-12-10,Vancouver Canucks,Carolina Hurricanes,Vancouver Canucks,Carolina Hurricanes,2,0,REG
2013-12-10,Anaheim Ducks,New York Islanders,Anaheim Ducks,New York Islanders,5,2,REG
2013-12-11,Buffalo Sabres,Ottawa Senators,Buffalo Sabres,Ottawa Senators,2,1,SO
2013-12-11,Washington Capitals,Tampa Bay Lightning,Washington Capitals,Tampa Bay Lightning,6,5,SO
2013-12-11,Columbus Blue Jackets,New Jersey Devils,Columbus Blue Jackets,New Jersey Devils,5,4,REG
2013-12-11,Montreal Canadiens,Los Angeles Kings,Los Angeles Kings,Montreal Canadiens,4,0,REG
2013-12-11,Florida Panthers,Detroit Red Wings,Florida Panthers,Detroit Red Wings,3,2,SO
2013-12-11,New York Rangers,Nashville Predators,Nashville Predators,New York Rangers,4,1,REG
2013-12-11,Winnipeg Jets,St. Louis Blues,St. Louis Blues,Winnipeg Jets,2,1,REG
2013-12-11,Dallas Stars,Chicago Blackhawks,Chicago Blackhawks,Dallas Stars,6,2,REG
2013-12-11,Calgary Flames,Boston Bruins,Boston Bruins,Calgary Flames,2,1,REG
2013-12-11,Edmonton Oilers,Carolina Hurricanes,Edmonton Oilers,Carolina Hurricanes,5,4,OT
2013-12-11,San Jose Sharks,New York Islanders,New York Islanders,San Jose Sharks,3,2,SO
2013-12-12,Toronto Maple Leafs,Los Angeles Kings,Los Angeles Kings,Toronto Maple Leafs,3,1,REG
2013-12-12,Chicago Blackhawks,Philadelphia Flyers,Chicago Blackhawks,Philadelphia Flyers,6,2,REG
2013-12-12,Anaheim Ducks,Minnesota Wild,Anaheim Ducks,Minnesota Wild,2,1,REG
2013-12-13,New York Rangers,Columbus Blue Jackets,Columbus Blue Jackets,New York Rangers,4,2,REG
2013-12-13,Philadelphia Flyers,Montreal Canadiens,Philadelphia Flyers,Montreal Canadiens,2,1,REG
2013-12-13,Ottawa Senators,Buffalo Sabres,Ottawa Senators,Buffalo Sabres,2,1,REG
2013-12-13,Tampa Bay Lightning,Detroit Red Wings,Tampa Bay Lightning,Detroit Red Wings,2,1,SO
2013-12-13,St. Louis Blues,Toronto Maple Leafs,St. Louis Blues,Toronto Maple Leafs,6,3,REG
2013-12-13,Nashville Predators,Dallas Stars,Nashville Predators,Dallas Stars,3,1,REG
2013-12-13,Winnipeg Jets,Colorado Avalanche,Colorado Avalanche,Winnipeg Jets,4,3,SO
2013-12-13,Calgary Flames,Carolina Hurricanes,Calgary Flames,Carolina Hurricanes,2,1,OT
2013-12-13,Edmonton Oilers,Boston Bruins,Boston Bruins,Edmonton Oilers,4,2,REG
2013-12-13,San Jose Sharks,Minnesota Wild,San Jose Sharks,Minnesota Wild,3,1,REG
2013-12-14,Pittsburgh Penguins,New Jersey Devils,Pittsburgh Penguins,New Jersey Devils,3,2,REG
2013-12-14,Florida Panthers,Washington Capitals,Florida Panthers,Washington Capitals,3,2,SO
2013-12-14,Vancouver Canucks,Edmonton Oilers,Vancouver Canucks,Edmonton Oilers,4,0,REG
2013-12-14,Buffalo Sabres,Calgary Flames,Calgary Flames,Buffalo Sabres,2,1,OT
2013-12-14,Ottawa Senators,Los Angeles Kings,Los Angeles Kings,Ottawa Senators,5,2,REG
2013-12-14,Winnipeg Jets,Dallas Stars,Dallas Stars,Winnipeg Jets,6,4,REG
2013-12-15,Toronto Maple Leafs,Chicago Blackhawks,Toronto Maple Leafs,Chicago Blackhawks,7,3,REG
2013-12-15,Detroit Red Wings,Pittsburgh Penguins,Pittsburgh Penguins,Detroit Red Wings,4,1,REG
2013-12-15,New Jersey Devils,Tampa Bay Lightning,New Jersey Devils,Tampa Bay Lightning,3,0,REG
2013-12-15,Columbus Blue Jackets,St. Louis Blues,St. Louis Blues,Columbus Blue Jackets,4,3,OT
2013-12-15,Nashville Predators,San Jose Sharks,Nashville Predators,San Jose Sharks,3,2,REG
2013-12-15,Colorado Avalanche,Minnesota Wild,Minnesota Wild,Colorado Avalanche,2,1,SO
2013-12-15,Vancouver Canucks,Boston Bruins,Vancouver Canucks,Boston Bruins,6,2,REG
2013-12-15,Washington Capitals,Philadelphia Flyers,Washington Capitals,Philadelphia Flyers,5,4,SO
2013-12-15,Detroit Red Wings,Tampa Bay Lightning,Tampa Bay Lightning,Detroit Red Wings,3,0,REG
2013-12-15,Montreal Canadiens,Florida Panthers,Florida Panthers,Montreal Canadiens,2,1,REG
2013-12-16,New York Rangers,Calgary Flames,New York Rangers,Calgary Flames,4,3,SO
2013-12-16,Chicago Blackhawks,Los Angeles Kings,Chicago Blackhawks,Los Angeles Kings,3,1,REG
2013-12-16,Anaheim Ducks,Edmonton Oilers,Anaheim Ducks,Edmonton Oilers,3,2,REG
2013-12-17,Pittsburgh Penguins,Toronto Maple Leafs,Pittsburgh Penguins,Toronto Maple Leafs,3,1,REG
2013-12-17,Columbus Blue Jackets,Winnipeg Jets,Winnipeg Jets,Columbus Blue Jackets,3,2,REG
2013-12-17,Ottawa Senators,St. Louis Blues,Ottawa Senators,St. Louis Blues,3,2,OT
2013-12-17,Colorado Avalanche,Dallas Stars,Colorado Avalanche,Dallas Stars,6,2,REG
2013-12-18,Boston Bruins,Calgary Flames,Boston Bruins,Calgary Flames,2,0,REG
2013-12-18,Buffalo Sabres,Winnipeg Jets,Buffalo Sabres,Winnipeg Jets,4,2,REG
2013-12-18,Toronto Maple Leafs,Florida Panthers,Florida Panthers,Toronto Maple Leafs,3,1,REG
2013-12-18,New York Islanders,Tampa Bay Lightning,Tampa Bay Lightning,New York Islanders,3,2,SO
2013-12-18,Detroit Red Wings,Anaheim Ducks,Anaheim Ducks,Detroit Red Wings,5,2,REG
2013-12-18,Philadelphia Flyers,Washington Capitals,Philadelphia Flyers,Washington Capitals,5,2,REG
2013-12-18,St. Louis Blues,San Jose Sharks,San Jose Sharks,St. Louis Blues,4,2,REG
2013-12-18,Nashville Predators,Chicago Blackhawks,Chicago Blackhawks,Nashville Predators,3,1,REG
2013-12-18,Minnesota Wild,Vancouver Canucks,Minnesota Wild,Vancouver Canucks,3,2,SO
2013-12-18,Dallas Stars,Colorado Avalanche,Dallas Stars,Colorado Avalanche,3,2,REG
2013-12-18,Los Angeles Kings,Edmonton Oilers,Los Angeles Kings,Edmonton Oilers,3,0,REG
2013-12-19,New Jersey Devils,Ottawa Senators,New Jersey Devils,Ottawa Senators,5,2,REG
2013-12-19,New York Rangers,Pittsburgh Penguins,Pittsburgh Penguins,New York Rangers,4,3,SO
2013-12-20,Buffalo Sabres,Boston Bruins,Buffalo Sabres,Boston Bruins,4,2,REG
2013-12-20,Philadelphia Flyers,Columbus Blue Jackets,Philadelphia Flyers,Columbus Blue Jackets,5,4,REG
2013-12-20,Pittsburgh Penguins,Minnesota Wild,Pittsburgh Penguins,Minnesota Wild,5,2,REG
2013-12-20,Ottawa Senators,Florida Panthers,Florida Panthers,Ottawa Senators,4,2,REG
2013-12-20,Detroit Red Wings,Calgary Flames,Detroit Red Wings,Calgary Flames,3,2,OT
2013-12-20,Tampa Bay Lightning,Nashville Predators,Tampa Bay Lightning,Nashville Predators,4,2,REG
2013-12-20,St. Louis Blues,Montreal Canadiens,St. Louis Blues,Montreal Canadiens,5,1,REG
2013-12-20,Dallas Stars,Vancouver Canucks,Dallas Stars,Vancouver Canucks,4,1,REG
2013-12-20,Colorado Avalanche,Edmonton Oilers,Colorado Avalanche,Edmonton Oilers,4,2,REG
2013-12-20,Los Angeles Kings,San Jose Sharks,Los Angeles Kings,San Jose Sharks,4,1,REG
2013-12-21,New Jersey Devils,Anaheim Ducks,Anaheim Ducks,New Jersey Devils,3,2,OT
2013-12-21,New York Rangers,New York Islanders,New York Islanders,New York Rangers,5,3,REG
2013-12-21,Carolina Hurricanes,Washington Capitals,Washington Capitals,Carolina Hurricanes,4,2,REG
2013-12-21,Chicago Blackhawks,Vancouver Canucks,Vancouver Canucks,Chicago Blackhawks,3,2,SO
2013-12-21,Winnipeg Jets,Florida Panthers,Winnipeg Jets,Florida Panthers,5,2,REG
2013-12-21,Pittsburgh Penguins,Calgary Flames,Pittsburgh Penguins,Calgary Flames,4,3,REG
2013-12-21,Los Angeles Kings,Colorado Avalanche,Los Angeles Kings,Colorado Avalanche,3,2,SO
2013-12-22,Boston Bruins,Buffalo Sabres,Boston Bruins,Buffalo Sabres,4,1,REG
2013-12-22,Toronto Maple Leafs,Detroit Red Wings,Detroit Red Wings,Toronto Maple Leafs,5,4,SO
2013-12-22,Tampa Bay Lightning,Carolina Hurricanes,Tampa Bay Lightning,Carolina Hurricanes,3,2,OT
2013-12-22,New York Islanders,Anaheim Ducks,Anaheim Ducks,New York Islanders,5,3,REG
2013-12-22,Washington Capitals,New Jersey Devils,New Jersey Devils,Washington Capitals,5,4,OT
2013-12-22,Columbus Blue Jackets,Philadelphia Flyers,Columbus Blue Jackets,Philadelphia Flyers,6,3,REG
2013-12-22,Nashville Predators,Montreal Canadiens,Montreal Canadiens,Nashville Predators,4,3,OT
2013-12-22,Edmonton Oilers,St. Louis Blues,St. Louis Blues,Edmonton Oilers,4,0,REG
2013-12-22,San Jose Sharks,Dallas Stars,San Jose Sharks,Dallas Stars,3,2,SO
2013-12-23,New York Rangers,Minnesota Wild,New York Rangers,Minnesota Wild,4,1,REG
2013-12-23,Vancouver Canucks,Winnipeg Jets,Vancouver Canucks,Winnipeg Jets,2,1,REG
2013-12-28,Boston Bruins,Ottawa Senators,Boston Bruins,Ottawa Senators,4,0,REG
2013-12-28,New Jersey Devils,Columbus Blue Jackets,Columbus Blue Jackets,New Jersey Devils,2,1,SO
2013-12-28,Washington Capitals,New York Rangers,Washington Capitals,New York Rangers,3,2,REG
2013-12-28,Carolina Hurricanes,Pittsburgh Penguins,Pittsburgh Penguins,Carolina Hurricanes,4,3,OT
2013-12-28,Toronto Maple Leafs,Buffalo Sabres,Toronto Maple Leafs,Buffalo Sabres,4,3,SO
2013-12-28,Chicago Blackhawks,Colorado Avalanche,Chicago Blackhawks,Colorado Avalanche,6,2,REG
2013-12-28,Winnipeg Jets,Minnesota Wild,Winnipeg Jets,Minnesota Wild,6,4,REG
2013-12-28,Dallas Stars,Nashville Predators,Dallas Stars,Nashville Predators,4,1,REG
2013-12-28,Calgary Flames,Edmonton Oilers,Edmonton Oilers,Calgary Flames,2,0,REG
2013-12-29,Ottawa Senators,Boston Bruins,Ottawa Senators,Boston Bruins,4,3,REG
2013-12-29,Tampa Bay Lightning,Montreal Canadiens,Montreal Canadiens,Tampa Bay Lightning,2,1,SO
2013-12-29,Florida Panthers,Detroit Red Wings,Detroit Red Wings,Florida Panthers,4,3,REG
2013-12-29,New York Islanders,New Jersey Devils,New Jersey Devils,New York Islanders,2,1,REG
2013-12-29,St. Louis Blues,Chicago Blackhawks,St. Louis Blues,Chicago Blackhawks,6,5,SO
2013-12-29,Nashville Predators,Los Angeles Kings,Nashville Predators,Los Angeles Kings,3,2,REG
2013-12-29,Edmonton Oilers,Philadelphia Flyers,Philadelphia Flyers,Edmonton Oilers,4,3,SO
2013-12-29,Buffalo Sabres,Washington Capitals,Buffalo Sabres,Washington Capitals,2,1,SO
2013-12-29,Florida Panthers,Montreal Canadiens,Florida Panthers,Montreal Canadiens,4,1,REG
2013-12-29,Columbus Blue Jackets,Pittsburgh Penguins,Pittsburgh Penguins,Columbus Blue Jackets,5,3,REG
2013-12-29,Dallas Stars,St. Louis Blues,St. Louis Blues,Dallas Stars,3,2,OT
2013-12-30,Toronto Maple Leafs,Carolina Hurricanes,Toronto Maple Leafs,Carolina Hurricanes,5,2,REG
2013-12-30,Tampa Bay Lightning,New York Rangers,New York Rangers,Tampa Bay Lightning,4,3,REG
2013-12-30,Calgary Flames,Vancouver Canucks,Vancouver Canucks,Calgary Flames,2,0,REG
2013-12-30,Minnesota Wild,New York Islanders,New York Islanders,Minnesota Wild,5,4,REG
2013-12-30,Colorado Avalanche,Winnipeg Jets,Winnipeg Jets,Colorado Avalanche,2,1,OT
2013-12-30,San Jose Sharks,Anaheim Ducks,San Jose Sharks,Anaheim Ducks,3,1,REG
2013-12-31,Ottawa Senators,Washington Capitals,Ottawa Senators,Washington Capitals,3,1,REG
2013-12-31,Nashville Predators,Detroit Red Wings,Nashville Predators,Detroit Red Wings,6,4,REG
2013-12-31,Vancouver Canucks,Philadelphia Flyers,Philadelphia Flyers,Vancouver Canucks,4,3,SO
2013-12-31,New Jersey Devils,Pittsburgh Penguins,New Jersey Devils,Pittsburgh Penguins,2,1,REG
2013-12-31,Florida Panthers,New York Rangers,New York Rangers,Florida Panthers,2,1,SO
2013-12-31,Minnesota Wild,St. Louis Blues,St. Louis Blues,Minnesota Wild,2,1,REG
2014-01-01,Boston Bruins,New York Islanders,New York Islanders,Boston Bruins,5,3,REG
2014-01-01,Carolina Hurricanes,Montreal Canadiens,Carolina Hurricanes,Montreal Canadiens,5,4,OT
2014-01-01,Winnipeg Jets,Buffalo Sabres,Winnipeg Jets,Buffalo Sabres,3,0,REG
2014-01-01,Dallas Stars,Los Angeles Kings,Dallas Stars,Los Angeles Kings,3,2,REG
2014-01-01,Colorado Avalanche,Columbus Blue Jackets,Colorado Avalanche,Columbus Blue Jackets,5,3,REG
2014-01-01,Anaheim Ducks,San Jose Sharks,Anaheim Ducks,San Jose Sharks,6,3,REG
2014-01-01,Calgary Flames,Philadelphia Flyers,Philadelphia Flyers,Calgary Flames,4,1,REG
2014-01-01,Detroit Red Wings,Toronto Maple Leafs,Toronto Maple Leafs,Detroit Red Wings,3,2,SO
2014-01-02,Vancouver Canucks,Tampa Bay Lightning,Tampa Bay Lightning,Vancouver Canucks,4,2,REG
2014-01-03,Boston Bruins,Nashville Predators,Boston Bruins,Nashville Predators,3,2,OT
2014-01-03,New York Islanders,Chicago Blackhawks,New York Islanders,Chicago Blackhawks,3,2,OT
2014-01-03,Washington Capitals,Carolina Hurricanes,Carolina Hurricanes,Washington Capitals,4,3,OT
2014-01-03,Ottawa Senators,Winnipeg Jets,Ottawa Senators,Winnipeg Jets,4,3,REG
2014-01-03,St. Louis Blues,Los Angeles Kings,St. Louis Blues,Los Angeles Kings,4,0,REG
2014-01-03,Minnesota Wild,Buffalo Sabres,Minnesota Wild,Buffalo Sabres,4,1,REG
2014-01-03,Dallas Stars,Montreal Canadiens,Montreal Canadiens,Dallas Stars,6,4,REG
2014-01-03,Colorado Avalanche,Philadelphia Flyers,Colorado Avalanche,Philadelphia Flyers,2,1,REG
2014-01-03,San Jose Sharks,Edmonton Oilers,San Jose Sharks,Edmonton Oilers,5,1,REG
2014-01-04,New Jersey Devils,Chicago Blackhawks,Chicago Blackhawks,New Jersey Devils,5,3,REG
2014-01-04,Pittsburgh Penguins,New York Rangers,Pittsburgh Penguins,New York Rangers,5,2,REG
2014-01-04,Calgary Flames,Tampa Bay Lightning,Tampa Bay Lightning,Calgary Flames,2,0,REG
2014-01-04,Anaheim Ducks,Edmonton Oilers,Anaheim Ducks,Edmonton Oilers,5,2,REG
2014-01-04,Boston Bruins,Winnipeg Jets,Boston Bruins,Winnipeg Jets,4,1,REG
2014-01-04,Colorado Avalanche,San Jose Sharks,Colorado Avalanche,San Jose Sharks,4,3,REG
2014-01-05,Buffalo Sabres,New Jersey Devils,Buffalo Sabres,New Jersey Devils,2,1,REG
2014-01-05,Toronto Maple Leafs,New York Rangers,New York Rangers,Toronto Maple Leafs,5,1,REG
2014-01-05,Montreal Canadiens,Ottawa Senators,Ottawa Senators,Montreal Canadiens,4,3,OT
2014-01-05,Florida Panthers,Nashville Predators,Florida Panthers,Nashville Predators,5,4,SO
2014-01-05,New York Islanders,Carolina Hurricanes,Carolina Hurricanes,New York Islanders,3,2,REG
2014-01-05,St. Louis Blues,Columbus Blue Jackets,St. Louis Blues,Columbus Blue Jackets,6,2,REG
2014-01-05,Dallas Stars,Detroit Red Wings,Detroit Red Wings,Dallas Stars,5,1,REG
2014-01-05,Minnesota Wild,Washington Capitals,Minnesota Wild,Washington Capitals,5,3,REG
2014-01-05,Los Angeles Kings,Vancouver Canucks,Los Angeles Kings,Vancouver Canucks,3,1,REG
2014-01-05,Pittsburgh Penguins,Winnipeg Jets,Pittsburgh Penguins,Winnipeg Jets,6,5,REG
2014-01-06,Carolina Hurricanes,Nashville Predators,Carolina Hurricanes,Nashville Predators,2,1,REG
2014-01-06,Chicago Blackhawks,San Jose Sharks,San Jose Sharks,Chicago Blackhawks,3,2,SO
2014-01-06,Edmonton Oilers,Tampa Bay Lightning,Edmonton Oilers,Tampa Bay Lightning,5,3,REG
2014-01-06,Anaheim Ducks,Vancouver Canucks,Anaheim Ducks,Vancouver Canucks,4,3,OT
2014-01-07,New York Islanders,Dallas Stars,New York Islanders,Dallas Stars,7,3,REG
2014-01-07,New York Rangers,Columbus Blue Jackets,Columbus Blue Jackets,New York Rangers,4,3,SO
2014-01-07,Montreal Canadiens,Florida Panthers,Montreal Canadiens,Florida Panthers,2,1,REG
2014-01-07,Colorado Avalanche,Calgary Flames,Calgary Flames,Colorado Avalanche,4,3,REG
2014-01-08,Toronto Maple Leafs,New York Islanders,New York Islanders,Toronto Maple Leafs,5,3,REG
2014-01-08,New Jersey Devils,Philadelphia Flyers,Philadelphia Flyers,New Jersey Devils,3,2,OT
2014-01-08,Nashville Predators,San Jose Sharks,Nashville Predators,San Jose Sharks,3,2,REG
2014-01-08,Winnipeg Jets,Tampa Bay Lightning,Tampa Bay Lightning,Winnipeg Jets,4,2,REG
2014-01-08,Edmonton Oilers,St. Louis Blues,St. Louis Blues,Edmonton Oilers,5,2,REG
2014-01-08,Vancouver Canucks,Pittsburgh Penguins,Pittsburgh Penguins,Vancouver Canucks,5,4,SO
2014-01-08,Anaheim Ducks,Boston Bruins,Anaheim Ducks,Boston Bruins,5,2,REG
2014-01-08,Los Angeles Kings,Minnesota Wild,Minnesota Wild,Los Angeles Kings,2,1,SO
2014-01-09,Philadelphia Flyers,Montreal Canadiens,Philadelphia Flyers,Montreal Canadiens,3,1,REG
2014-01-09,Chicago Blackhawks,New York Rangers,New York Rangers,Chicago Blackhawks,3,2,REG
2014-01-09,Colorado Avalanche,Ottawa Senators,Colorado Avalanche,Ottawa Senators,4,3,OT
2014-01-10,Buffalo Sabres,Florida Panthers,Florida Panthers,Buffalo Sabres,2,1,SO
2014-01-10,Carolina Hurricanes,Toronto Maple Leafs,Carolina Hurricanes,Toronto Maple Leafs,5,1,REG
2014-01-10,Tampa Bay Lightning,Washington Capitals,Washington Capitals,Tampa Bay Lightning,4,3,REG
2014-01-10,Nashville Predators,Anaheim Ducks,Anaheim Ducks,Nashville Predators,4,3,REG
2014-01-10,Calgary Flames,St. Louis Blues,St. Louis Blues,Calgary Flames,4,0,REG
2014-01-10,Los Angeles Kings,Boston Bruins,Los Angeles Kings,Boston Bruins,4,2,REG
2014-01-10,San Jose Sharks,Detroit Red Wings,San Jose Sharks,Detroit Red Wings,4,1,REG
2014-01-11,New York Rangers,Dallas Stars,New York Rangers,Dallas Stars,3,2,REG
2014-01-11,Washington Capitals,Toronto Maple Leafs,Washington Capitals,Toronto Maple Leafs,3,2,REG
2014-01-11,Columbus Blue Jackets,Carolina Hurricanes,Columbus Blue Jackets,Carolina Hurricanes,3,0,REG
2014-01-11,Colorado Avalanche,New York Islanders,New York Islanders,Colorado Avalanche,2,1,OT
2014-01-11,Edmonton Oilers,Pittsburgh Penguins,Edmonton Oilers,Pittsburgh Penguins,4,3,OT
2014-01-11,Vancouver Canucks,St. Louis Blues,Vancouver Canucks,St. Louis Blues,2,1,REG
2014-01-11,Philadelphia Flyers,Tampa Bay Lightning,Tampa Bay Lightning,Philadelphia Flyers,6,3,REG
2014-01-12,Montreal Canadiens,Chicago Blackhawks,Montreal Canadiens,Chicago Blackhawks,2,1,OT
2014-01-12,New Jersey Devils,Florida Panthers,New Jersey Devils,Florida Panthers,2,1,OT
2014-01-12,Nashville Predators,Ottawa Senators,Ottawa Senators,Nashville Predators,2,1,SO
2014-01-12,Winnipeg Jets,Columbus Blue Jackets,Columbus Blue Jackets,Winnipeg Jets,6,3,REG
2014-01-12,Minnesota Wild,Colorado Avalanche,Colorado Avalanche,Minnesota Wild,4,2,REG
2014-01-12,Calgary Flames,Pittsburgh Penguins,Pittsburgh Penguins,Calgary Flames,2,1,REG
2014-01-12,Los Angeles Kings,Detroit Red Wings,Detroit Red Wings,Los Angeles Kings,3,1,REG
2014-01-12,Washington Capitals,Buffalo Sabres,Buffalo Sabres,Washington Capitals,2,1,SO
2014-01-12,Dallas Stars,New York Islanders,New York Islanders,Dallas Stars,4,2,REG
2014-01-13,Toronto Maple Leafs,New Jersey Devils,Toronto Maple Leafs,New Jersey Devils,3,2,SO
2014-01-13,New York Rangers,Philadelphia Flyers,New York Rangers,Philadelphia Flyers,4,1,REG
2014-01-13,Chicago Blackhawks,Edmonton Oilers,Chicago Blackhawks,Edmonton Oilers,5,3,REG
2014-01-13,Nashville Predators,Minnesota Wild,Minnesota Wild,Nashville Predators,4,0,REG
2014-01-14,Carolina Hurricanes,Calgary Flames,Calgary Flames,Carolina Hurricanes,2,0,REG
2014-01-14,Columbus Blue Jackets,Tampa Bay Lightning,Columbus Blue Jackets,Tampa Bay Lightning,3,2,REG
2014-01-15,Boston Bruins,Toronto Maple Leafs,Toronto Maple Leafs,Boston Bruins,4,3,REG
2014-01-15,New York Rangers,Tampa Bay Lightning,Tampa Bay Lightning,New York Rangers,2,1,REG
2014-01-15,Washington Capitals,San Jose Sharks,San Jose Sharks,Washington Capitals,2,1,SO
2014-01-15,Buffalo Sabres,Philadelphia Flyers,Philadelphia Flyers,Buffalo Sabres,4,3,REG
2014-01-15,Montreal Canadiens,New Jersey Devils,New Jersey Devils,Montreal Canadiens,4,1,REG
2014-01-15,Florida Panthers,New York Islanders,Florida Panthers,New York Islanders,4,2,REG
2014-01-15,Chicago Blackhawks,Colorado Avalanche,Colorado Avalanche,Chicago Blackhawks,3,2,OT
2014-01-15,Nashville Predators,Calgary Flames,Nashville Predators,Calgary Flames,4,2,REG
2014-01-15,Minnesota Wild,Ottawa Senators,Ottawa Senators,Minnesota Wild,3,0,REG
2014-01-15,Dallas Stars,Edmonton Oilers,Dallas Stars,Edmonton Oilers,5,2,REG
2014-01-16,Toronto Maple Leafs,Buffalo Sabres,Toronto Maple Leafs,Buffalo Sabres,4,3,SO
2014-01-16,Pittsburgh Penguins,Washington Capitals,Pittsburgh Penguins,Washington Capitals,4,3,REG
2014-01-16,Anaheim Ducks,Vancouver Canucks,Anaheim Ducks,Vancouver Canucks,5,1,REG
2014-01-17,Philadelphia Flyers,Nashville Predators,Nashville Predators,Philadelphia Flyers,4,3,SO
2014-01-17,Ottawa Senators,Montreal Canadiens,Montreal Canadiens,Ottawa Senators,5,4,OT
2014-01-17,Tampa Bay Lightning,New York Islanders,New York Islanders,Tampa Bay Lightning,2,1,SO
2014-01-17,Florida Panthers,San Jose Sharks,San Jose Sharks,Florida Panthers,3,0,REG
2014-01-17,St. Louis Blues,Los Angeles Kings,Los Angeles Kings,St. Louis Blues,4,1,REG
2014-01-17,Minnesota Wild,Edmonton Oilers,Minnesota Wild,Edmonton Oilers,4,1,REG
2014-01-17,Dallas Stars,Boston Bruins,Boston Bruins,Dallas Stars,4,2,REG
2014-01-17,Colorado Avalanche,New Jersey Devils,Colorado Avalanche,New Jersey Devils,2,1,SO
2014-01-17,Calgary Flames,Winnipeg Jets,Winnipeg Jets,Calgary Flames,5,2,REG
2014-01-18,Columbus Blue Jackets,Washington Capitals,Columbus Blue Jackets,Washington Capitals,5,1,REG
2014-01-18,Chicago Blackhawks,Anaheim Ducks,Chicago Blackhawks,Anaheim Ducks,4,2,REG
2014-01-18,Ottawa Senators,New York Rangers,New York Rangers,Ottawa Senators,4,1,REG
2014-01-18,Tampa Bay Lightning,San Jose Sharks,San Jose Sharks,Tampa Bay Lightning,5,4,REG
2014-01-18,Winnipeg Jets,Edmonton Oilers,Winnipeg Jets,Edmonton Oilers,3,2,OT
2014-01-19,Buffalo Sabres,Columbus Blue Jackets,Columbus Blue Jackets,Buffalo Sabres,4,3,SO
2014-01-19,Toronto Maple Leafs,Montreal Canadiens,Toronto Maple Leafs,Montreal Canadiens,5,3,REG
2014-01-19,Detroit Red Wings,Los Angeles Kings,Detroit Red Wings,Los Angeles Kings,3,2,SO
2014-01-19,Philadelphia Flyers,New York Islanders,Philadelphia Flyers,New York Islanders,6,4,REG
2014-01-19,Carolina Hurricanes,Florida Panthers,Carolina Hurricanes,Florida Panthers,3,2,REG
2014-01-19,St. Louis Blues,Anaheim Ducks,Anaheim Ducks,St. Louis Blues,3,2,REG
2014-01-19,Nashville Predators,Colorado Avalanche,Colorado Avalanche,Nashville Predators,5,4,REG
2014-01-19,Minnesota Wild,Dallas Stars,Minnesota Wild,Dallas Stars,3,2,OT
2014-01-19,Vancouver Canucks,Calgary Flames,Vancouver Canucks,Calgary Flames,3,2,SO
2014-01-19,Chicago Blackhawks,Boston Bruins,Chicago Blackhawks,Boston Bruins,3,2,SO
2014-01-19,Carolina Hurricanes,Tampa Bay Lightning,Tampa Bay Lightning,Carolina Hurricanes,5,3,REG
2014-01-20,New York Rangers,Washington Capitals,New York Rangers,Washington Capitals,4,1,REG
2014-01-20,New York Islanders,Philadelphia Flyers,New York Islanders,Philadelphia Flyers,4,3,SO
2014-01-20,Boston Bruins,Los Angeles Kings,Boston Bruins,Los Angeles Kings,3,2,REG
2014-01-21,Pittsburgh Penguins,Florida Panthers,Florida Panthers,Pittsburgh Penguins,5,1,REG
2014-01-21,Detroit Red Wings,St. Louis Blues,St. Louis Blues,Detroit Red Wings,4,1,REG
2014-01-21,Nashville Predators,Dallas Stars,Nashville Predators,Dallas Stars,4,1,REG
2014-01-21,San Jose Sharks,Calgary Flames,San Jose Sharks,Calgary Flames,3,2,REG
2014-01-22,Buffalo Sabres,Florida Panthers,Florida Panthers,Buffalo Sabres,4,3,REG
2014-01-22,New Jersey Devils,St. Louis Blues,New Jersey Devils,St. Louis Blues,5,1,REG
2014-01-22,New York Rangers,New York Islanders,New York Islanders,New York Rangers,5,3,REG
2014-01-22,Washington Capitals,Ottawa Senators,Ottawa Senators,Washington Capitals,2,0,REG
2014-01-22,Columbus Blue Jackets,Los Angeles Kings,Columbus Blue Jackets,Los Angeles Kings,5,3,REG
2014-01-22,Dallas Stars,Minnesota Wild,Dallas Stars,Minnesota Wild,4,0,REG
2014-01-22,Colorado Avalanche,Toronto Maple Leafs,Toronto Maple Leafs,Colorado Avalanche,5,2,REG
2014-01-22,Edmonton Oilers,Vancouver Canucks,Vancouver Canucks,Edmonton Oilers,2,1,REG
2014-01-22,Anaheim Ducks,Winnipeg Jets,Winnipeg Jets,Anaheim Ducks,3,2,REG
2014-01-22,Philadelphia Flyers,Carolina Hurricanes,Carolina Hurricanes,Philadelphia Flyers,3,2,REG
2014-01-23,Pittsburgh Penguins,Montreal Canadiens,Pittsburgh Penguins,Montreal Canadiens,5,1,REG
2014-01-23,Detroit Red Wings,Chicago Blackhawks,Detroit Red Wings,Chicago Blackhawks,5,4,SO
2014-01-24,Buffalo Sabres,Carolina Hurricanes,Carolina Hurricanes,Buffalo Sabres,5,3,REG
2014-01-24,New York Rangers,St. Louis Blues,St. Louis Blues,New York Rangers,2,1,REG
2014-01-24,Columbus Blue Jackets,Philadelphia Flyers,Columbus Blue Jackets,Philadelphia Flyers,5,2,REG
2014-01-24,Tampa Bay Lightning,Ottawa Senators,Tampa Bay Lightning,Ottawa Senators,4,3,SO
2014-01-24,New York Islanders,Pittsburgh Penguins,Pittsburgh Penguins,New York Islanders,6,4,REG
2014-01-24,Minnesota Wild,Chicago Blackhawks,Minnesota Wild,Chicago Blackhawks,2,1,REG
2014-01-24,Dallas Stars,Toronto Maple Leafs,Dallas Stars,Toronto Maple Leafs,5,1,REG
2014-01-24,Vancouver Canucks,Nashville Predators,Nashville Predators,Vancouver Canucks,2,1,REG
2014-01-24,Anaheim Ducks,Los Angeles Kings,Anaheim Ducks,Los Angeles Kings,2,1,REG
2014-01-25,New Jersey Devils,Washington Capitals,New Jersey Devils,Washington Capitals,2,1,REG
2014-01-25,Detroit Red Wings,Montreal Canadiens,Detroit Red Wings,Montreal Canadiens,4,1,REG
2014-01-25,Florida Panthers,Colorado Avalanche,Colorado Avalanche,Florida Panthers,3,2,REG
2014-01-25,Calgary Flames,Nashville Predators,Calgary Flames,Nashville Predators,5,4,SO
2014-01-25,Carolina Hurricanes,Ottawa Senators,Carolina Hurricanes,Ottawa Senators,6,3,REG
2014-01-25,New York Islanders,St. Louis Blues,St. Louis Blues,New York Islanders,4,3,SO
2014-01-25,Philadelphia Flyers,Boston Bruins,Boston Bruins,Philadelphia Flyers,5,1,REG
2014-01-26,Montreal Canadiens,Washington Capitals,Washington Capitals,Montreal Canadiens,4,0,REG
2014-01-26,Tampa Bay Lightning,Colorado Avalanche,Tampa Bay Lightning,Colorado Avalanche,5,2,REG
2014-01-26,Columbus Blue Jackets,Buffalo Sabres,Buffalo Sabres,Columbus Blue Jackets,5,2,REG
2014-01-26,Winnipeg Jets,Toronto Maple Leafs,Winnipeg Jets,Toronto Maple Leafs,5,4,OT
2014-01-26,Dallas Stars,Pittsburgh Penguins,Dallas Stars,Pittsburgh Penguins,3,0,REG
2014-01-26,Los Angeles Kings,Anaheim Ducks,Anaheim Ducks,Los Angeles Kings,3,0,REG
2014-01-26,San Jose Sharks,Minnesota Wild,San Jose Sharks,Minnesota Wild,3,2,OT
2014-01-26,New Jersey Devils,New York Rangers,New York Rangers,New Jersey Devils,7,3,REG
2014-01-26,Detroit Red Wings,Florida Panthers,Florida Panthers,Detroit Red Wings,5,4,SO
2014-01-27,Chicago Blackhawks,Winnipeg Jets,Winnipeg Jets,Chicago Blackhawks,3,1,REG
2014-01-27,Edmonton Oilers,Nashville Predators,Edmonton Oilers,Nashville Predators,5,1,REG
2014-01-28,New York Islanders,Boston Bruins,Boston Bruins,New York Islanders,6,3,REG
2014-01-28,Carolina Hurricanes,Columbus Blue Jackets,Carolina Hurricanes,Columbus Blue Jackets,3,2,REG
2014-01-28,Pittsburgh Penguins,Buffalo Sabres,Pittsburgh Penguins,Buffalo Sabres,3,0,REG
2014-01-28,Dallas Stars,Colorado Avalanche,Colorado Avalanche,Dallas Stars,4,3,REG
2014-01-28,Vancouver Canucks,Edmonton Oilers,Edmonton Oilers,Vancouver Canucks,4,2,REG
2014-01-29,Boston Bruins,Florida Panthers,Boston Bruins,Florida Panthers,6,2,REG
2014-01-29,Toronto Maple Leafs,Tampa Bay Lightning,Toronto Maple Leafs,Tampa Bay Lightning,3,2,REG
2014-01-29,Philadelphia Flyers,Detroit Red Wings,Philadelphia Flyers,Detroit Red Wings,4,0,REG
2014-01-29,Columbus Blue Jackets,Ottawa Senators,Ottawa Senators,Columbus Blue Jackets,3,2,REG
2014-01-29,Buffalo Sabres,Washington Capitals,Washington Capitals,Buffalo Sabres,5,4,OT
2014-01-29,Montreal Canadiens,Carolina Hurricanes,Montreal Canadiens,Carolina Hurricanes,3,0,REG
2014-01-29,St. Louis Blues,New Jersey Devils,St. Louis Blues,New Jersey Devils,3,0,REG
2014-01-29,Winnipeg Jets,Nashville Predators,Nashville Predators,Winnipeg Jets,4,3,REG
2014-01-29,Calgary Flames,Chicago Blackhawks,Calgary Flames,Chicago Blackhawks,5,4,OT
2014-01-29,Anaheim Ducks,Minnesota Wild,Minnesota Wild,Anaheim Ducks,4,2,REG
2014-01-30,New York Islanders,New York Rangers,New York Rangers,New York Islanders,2,1,REG
2014-01-30,Edmonton Oilers,San Jose Sharks,Edmonton Oilers,San Jose Sharks,3,0,REG
2014-01-30,Vancouver Canucks,Chicago Blackhawks,Chicago Blackhawks,Vancouver Canucks,5,2,REG
2014-01-31,Boston Bruins,Montreal Canadiens,Montreal Canadiens,Boston Bruins,4,1,REG
2014-01-31,Toronto Maple Leafs,Florida Panthers,Toronto Maple Leafs,Florida Panthers,6,3,REG
2014-01-31,Columbus Blue Jackets,Washington Capitals,Columbus Blue Jackets,Washington Capitals,5,2,REG
2014-01-31,Ottawa Senators,Tampa Bay Lightning,Ottawa Senators,Tampa Bay Lightning,5,3,REG
2014-01-31,Dallas Stars,New Jersey Devils,New Jersey Devils,Dallas Stars,3,2,OT
2014-01-31,Colorado Avalanche,Minnesota Wild,Colorado Avalanche,Minnesota Wild,5,4,REG
2014-01-31,Calgary Flames,San Jose Sharks,Calgary Flames,San Jose Sharks,4,1,REG
2014-01-31,Anaheim Ducks,Philadelphia Flyers,Anaheim Ducks,Philadelphia Flyers,5,3,REG
2014-01-31,Los Angeles Kings,Pittsburgh Penguins,Pittsburgh Penguins,Los Angeles Kings,4,1,REG
2014-02-01,New York Rangers,New York Islanders,New York Rangers,New York Islanders,4,1,REG
2014-02-01,Carolina Hurricanes,St. Louis Blues,Carolina Hurricanes,St. Louis Blues,3,1,REG
2014-02-01,Detroit Red Wings,Washington Capitals,Detroit Red Wings,Washington Capitals,4,3,SO
2014-02-01,Nashville Predators,New Jersey Devils,Nashville Predators,New Jersey Devils,3,2,OT
2014-02-01,Winnipeg Jets,Vancouver Canucks,Winnipeg Jets,Vancouver Canucks,4,3,REG
2014-02-01,Boston Bruins,Edmonton Oilers,Boston Bruins,Edmonton Oilers,4,0,REG
2014-02-01,Montreal Canadiens,Tampa Bay Lightning,Tampa Bay Lightning,Montreal Canadiens,2,1,OT
2014-02-01,Colorado Avalanche,Buffalo Sabres,Colorado Avalanche,Buffalo Sabres,5,1,REG
2014-02-01,Los Angeles Kings,Philadelphia Flyers,Philadelphia Flyers,Los Angeles Kings,2,0,REG
2014-02-02,Toronto Maple Leafs,Ottawa Senators,Toronto Maple Leafs,Ottawa Senators,6,3,REG
2014-02-02,Columbus Blue Jackets,Florida Panthers,Columbus Blue Jackets,Florida Panthers,4,1,REG
2014-02-02,St. Louis Blues,Nashville Predators,St. Louis Blues,Nashville Predators,4,3,SO
2014-02-02,Calgary Flames,Minnesota Wild,Calgary Flames,Minnesota Wild,4,3,OT
2014-02-02,Anaheim Ducks,Dallas Stars,Dallas Stars,Anaheim Ducks,2,0,REG
2014-02-02,San Jose Sharks,Chicago Blackhawks,San Jose Sharks,Chicago Blackhawks,2,1,SO
2014-02-02,Washington Capitals,Detroit Red Wings,Washington Capitals,Detroit Red Wings,6,5,OT
2014-02-02,Montreal Canadiens,Winnipeg Jets,Winnipeg Jets,Montreal Canadiens,2,1,REG
2014-02-04,Buffalo Sabres,Edmonton Oilers,Edmonton Oilers,Buffalo Sabres,3,2,REG
2014-02-04,Pittsburgh Penguins,Ottawa Senators,Pittsburgh Penguins,Ottawa Senators,2,1,OT
2014-02-04,Detroit Red Wings,Vancouver Canucks,Detroit Red Wings,Vancouver Canucks,2,0,REG
2014-02-04,New Jersey Devils,Colorado Avalanche,Colorado Avalanche,New Jersey Devils,2,1,OT
2014-02-04,Anaheim Ducks,Columbus Blue Jackets,Columbus Blue Jackets,Anaheim Ducks,4,2,REG
2014-02-04,Los Angeles Kings,Chicago Blackhawks,Chicago Blackhawks,Los Angeles Kings,5,3,REG
2014-02-04,San Jose Sharks,Philadelphia Flyers,Philadelphia Flyers,San Jose Sharks,5,2,REG
2014-02-05,Boston Bruins,Vancouver Canucks,Boston Bruins,Vancouver Canucks,3,1,REG
2014-02-05,New York Rangers,Colorado Avalanche,New York Rangers,Colorado Avalanche,5,1,REG
2014-02-05,Carolina Hurricanes,Winnipeg Jets,Winnipeg Jets,Carolina Hurricanes,2,1,REG
2014-02-05,Montreal Canadiens,Calgary Flames,Montreal Canadiens,Calgary Flames,2,0,REG
2014-02-05,Florida Panthers,Toronto Maple Leafs,Florida Panthers,Toronto Maple Leafs,4,1,REG
2014-02-05,St. Louis Blues,Ottawa Senators,Ottawa Senators,St. Louis Blues,5,4,SO
2014-02-05,Minnesota Wild,Tampa Bay Lightning,Minnesota Wild,Tampa Bay Lightning,2,1,REG
2014-02-06,Buffalo Sabres,Pittsburgh Penguins,Pittsburgh Penguins,Buffalo Sabres,5,1,REG
2014-02-06,Anaheim Ducks,Chicago Blackhawks,Chicago Blackhawks,Anaheim Ducks,2,0,REG
2014-02-06,San Jose Sharks,Dallas Stars,San Jose Sharks,Dallas Stars,2,1,OT
2014-02-07,New York Islanders,Calgary Flames,Calgary Flames,New York Islanders,4,2,REG
2014-02-07,New York Rangers,Edmonton Oilers,Edmonton Oilers,New York Rangers,2,1,REG
2014-02-07,Philadelphia Flyers,Colorado Avalanche,Philadelphia Flyers,Colorado Avalanche,3,1,REG
2014-02-07,Washington Capitals,Winnipeg Jets,Washington Capitals,Winnipeg Jets,4,2,REG
2014-02-07,Montreal Canadiens,Vancouver Canucks,Montreal Canadiens,Vancouver Canucks,5,2,REG
2014-02-07,Ottawa Senators,Buffalo Sabres,Ottawa Senators,Buffalo Sabres,3,2,REG
2014-02-07,Tampa Bay Lightning,Toronto Maple Leafs,Toronto Maple Leafs,Tampa Bay Lightning,4,1,REG
2014-02-07,Florida Panthers,Detroit Red Wings,Detroit Red Wings,Florida Panthers,3,1,REG
2014-02-07,St. Louis Blues,Boston Bruins,St. Louis Blues,Boston Bruins,3,2,OT
2014-02-07,Minnesota Wild,Nashville Predators,Minnesota Wild,Nashville Predators,3,2,OT
2014-02-07,Los Angeles Kings,Columbus Blue Jackets,Los Angeles Kings,Columbus Blue Jackets,2,1,OT
2014-02-08,New Jersey Devils,Edmonton Oilers,New Jersey Devils,Edmonton Oilers,2,1,OT
2014-02-08,Pittsburgh Penguins,New York Rangers,New York Rangers,Pittsburgh Penguins,4,3,SO
2014-02-08,Carolina Hurricanes,Florida Panthers,Carolina Hurricanes,Florida Panthers,5,1,REG
2014-02-08,San Jose Sharks,Columbus Blue Jackets,San Jose Sharks,Columbus Blue Jackets,3,2,REG
2014-02-08,Philadelphia Flyers,Calgary Flames,Philadelphia Flyers,Calgary Flames,2,1,REG
2014-02-08,St. Louis Blues,Winnipeg Jets,St. Louis Blues,Winnipeg Jets,4,3,SO
2014-02-08,Boston Bruins,Ottawa Senators,Boston Bruins,Ottawa Senators,6,2,REG
2014-02-08,Toronto Maple Leafs,Vancouver Canucks,Toronto Maple Leafs,Vancouver Canucks,3,1,REG
2014-02-08,Carolina Hurricanes,Montreal Canadiens,Montreal Canadiens,Carolina Hurricanes,4,1,REG
2014-02-09,Tampa Bay Lightning,Detroit Red Wings,Tampa Bay Lightning,Detroit Red Wings,4,2,REG
2014-02-09,New York Islanders,Colorado Avalanche,Colorado Avalanche,New York Islanders,5,2,REG
2014-02-09,Washington Capitals,New Jersey Devils,Washington Capitals,New Jersey Devils,3,0,REG
2014-02-09,Nashville Predators,Anaheim Ducks,Anaheim Ducks,Nashville Predators,5,2,REG
2014-02-26,Buffalo Sabres,Carolina Hurricanes,Buffalo Sabres,Carolina Hurricanes,3,2,REG
2014-02-27,Buffalo Sabres,Boston Bruins,Buffalo Sabres,Boston Bruins,5,4,OT
2014-02-27,Montreal Canadiens,Detroit Red Wings,Detroit Red Wings,Montreal Canadiens,2,1,OT
2014-02-27,Colorado Avalanche,Los Angeles Kings,Los Angeles Kings,Colorado Avalanche,6,4,REG
2014-02-28,New Jersey Devils,Columbus Blue Jackets,New Jersey Devils,Columbus Blue Jackets,5,2,REG
2014-02-28,New York Islanders,Toronto Maple Leafs,New York Islanders,Toronto Maple Leafs,5,4,OT
2014-02-28,New York Rangers,Chicago Blackhawks,New York Rangers,Chicago Blackhawks,2,1,REG
2014-02-28,Philadelphia Flyers,San Jose Sharks,San Jose Sharks,Philadelphia Flyers,7,3,REG
2014-02-28,Pittsburgh Penguins,Montreal Canadiens,Montreal Canadiens,Pittsburgh Penguins,6,5,SO
2014-02-28,Ottawa Senators,Detroit Red Wings,Detroit Red Wings,Ottawa Senators,5,1,REG
2014-02-28,Florida Panthers,Washington Capitals,Washington Capitals,Florida Panthers,5,4,REG
2014-02-28,Nashville Predators,Tampa Bay Lightning,Nashville Predators,Tampa Bay Lightning,3,2,REG
2014-02-28,Dallas Stars,Carolina Hurricanes,Dallas Stars,Carolina Hurricanes,4,1,REG
2014-02-28,Calgary Flames,Los Angeles Kings,Los Angeles Kings,Calgary Flames,2,0,REG
2014-02-28,Edmonton Oilers,Minnesota Wild,Minnesota Wild,Edmonton Oilers,3,0,REG
2014-03-01,Buffalo Sabres,San Jose Sharks,Buffalo Sabres,San Jose Sharks,4,2,REG
2014-03-01,Vancouver Canucks,Minnesota Wild,Minnesota Wild,Vancouver Canucks,2,1,SO
2014-03-01,Boston Bruins,Washington Capitals,Washington Capitals,Boston Bruins,4,2,REG
2014-03-01,New York Islanders,New Jersey Devils,New Jersey Devils,New York Islanders,5,1,REG
2014-03-01,Philadelphia Flyers,New York Rangers,Philadelphia Flyers,New York Rangers,4,2,REG
2014-03-01,Columbus Blue Jackets,Florida Panthers,Columbus Blue Jackets,Florida Panthers,6,3,REG
2014-03-01,Nashville Predators,Winnipeg Jets,Winnipeg Jets,Nashville Predators,3,1,REG
2014-03-01,Dallas Stars,Tampa Bay Lightning,Tampa Bay Lightning,Dallas Stars,4,2,REG
2014-03-01,Los Angeles Kings,Carolina Hurricanes,Los Angeles Kings,Carolina Hurricanes,3,1,REG
2014-03-02,Montreal Canadiens,Toronto Maple Leafs,Montreal Canadiens,Toronto Maple Leafs,4,3,OT
2014-03-02,Chicago Blackhawks,Pittsburgh Penguins,Chicago Blackhawks,Pittsburgh Penguins,5,1,REG
2014-03-02,Edmonton Oilers,Calgary Flames,Calgary Flames,Edmonton Oilers,2,1,OT
2014-03-02,Washington Capitals,Philadelphia Flyers,Philadelphia Flyers,Washington Capitals,5,4,OT
2014-03-02,New Jersey Devils,San Jose Sharks,San Jose Sharks,New Jersey Devils,4,2,REG
2014-03-02,New York Islanders,Florida Panthers,Florida Panthers,New York Islanders,5,3,REG
2014-03-02,Vancouver Canucks,Ottawa Senators,Ottawa Senators,Vancouver Canucks,4,2,REG
2014-03-03,New York Rangers,Boston Bruins,Boston Bruins,New York Rangers,6,3,REG
2014-03-03,Colorado Avalanche,Tampa Bay Lightning,Colorado Avalanche,Tampa Bay Lightning,6,3,REG
2014-03-03,Anaheim Ducks,Carolina Hurricanes,Anaheim Ducks,Carolina Hurricanes,5,3,REG
2014-03-04,Toronto Maple Leafs,Columbus Blue Jackets,Columbus Blue Jackets,Toronto Maple Leafs,2,1,REG
2014-03-04,Dallas Stars,Buffalo Sabres,Dallas Stars,Buffalo Sabres,3,2,REG
2014-03-04,Minnesota Wild,Calgary Flames,Minnesota Wild,Calgary Flames,3,2,REG
2014-03-04,Los Angeles Kings,Montreal Canadiens,Los Angeles Kings,Montreal Canadiens,2,1,REG
2014-03-05,Boston Bruins,Florida Panthers,Boston Bruins,Florida Panthers,4,1,REG
2014-03-05,New Jersey Devils,Detroit Red Wings,New Jersey Devils,Detroit Red Wings,4,3,REG
2014-03-05,Columbus Blue Jackets,Dallas Stars,Columbus Blue Jackets,Dallas Stars,4,2,REG
2014-03-05,Chicago Blackhawks,Colorado Avalanche,Colorado Avalanche,Chicago Blackhawks,4,2,REG
2014-03-05,St. Louis Blues,Tampa Bay Lightning,St. Louis Blues,Tampa Bay Lightning,4,2,REG
2014-03-05,Nashville Predators,Pittsburgh Penguins,Pittsburgh Penguins,Nashville Predators,3,1,REG
2014-03-05,Winnipeg Jets,New York Islanders,New York Islanders,Winnipeg Jets,3,2,OT
2014-03-05,Edmonton Oilers,Ottawa Senators,Edmonton Oilers,Ottawa Senators,3,2,REG
2014-03-05,San Jose Sharks,Carolina Hurricanes,Carolina Hurricanes,San Jose Sharks,3,2,OT
2014-03-06,New York Rangers,Toronto Maple Leafs,Toronto Maple Leafs,New York Rangers,3,2,OT
2014-03-06,Philadelphia Flyers,Washington Capitals,Philadelphia Flyers,Washington Capitals,6,4,REG
2014-03-06,Calgary Flames,Ottawa Senators,Calgary Flames,Ottawa Senators,4,1,REG
2014-03-06,Anaheim Ducks,Montreal Canadiens,Montreal Canadiens,Anaheim Ducks,4,3,SO
2014-03-07,Boston Bruins,Washington Capitals,Boston Bruins,Washington Capitals,3,0,REG
2014-03-07,Winnipeg Jets,Los Angeles Kings,Los Angeles Kings,Winnipeg Jets,3,1,REG
2014-03-07,Tampa Bay Lightning,Buffalo Sabres,Buffalo Sabres,Tampa Bay Lightning,3,1,REG
2014-03-07,Detroit Red Wings,Colorado Avalanche,Colorado Avalanche,Detroit Red Wings,3,2,OT
2014-03-07,Chicago Blackhawks,Columbus Blue Jackets,Chicago Blackhawks,Columbus Blue Jackets,5,1,REG
2014-03-07,Nashville Predators,St. Louis Blues,St. Louis Blues,Nashville Predators,2,1,REG
2014-03-07,Dallas Stars,Vancouver Canucks,Dallas Stars,Vancouver Canucks,5,1,REG
2014-03-07,Edmonton Oilers,New York Islanders,Edmonton Oilers,New York Islanders,3,2,OT
2014-03-07,San Jose Sharks,Pittsburgh Penguins,San Jose Sharks,Pittsburgh Penguins,5,3,REG
2014-03-08,Carolina Hurricanes,New York Rangers,New York Rangers,Carolina Hurricanes,4,2,REG
2014-03-08,Detroit Red Wings,New Jersey Devils,Detroit Red Wings,New Jersey Devils,7,4,REG
2014-03-08,Florida Panthers,Buffalo Sabres,Florida Panthers,Buffalo Sabres,2,0,REG
2014-03-08,Calgary Flames,New York Islanders,Calgary Flames,New York Islanders,4,3,REG
2014-03-08,Anaheim Ducks,Pittsburgh Penguins,Pittsburgh Penguins,Anaheim Ducks,3,2,SO
2014-03-08,Winnipeg Jets,Ottawa Senators,Ottawa Senators,Winnipeg Jets,5,3,REG
2014-03-08,Colorado Avalanche,St. Louis Blues,St. Louis Blues,Colorado Avalanche,2,1,REG
2014-03-09,Toronto Maple Leafs,Philadelphia Flyers,Toronto Maple Leafs,Philadelphia Flyers,4,3,OT
2014-03-09,Tampa Bay Lightning,Boston Bruins,Boston Bruins,Tampa Bay Lightning,4,3,SO
2014-03-09,New Jersey Devils,Carolina Hurricanes,New Jersey Devils,Carolina Hurricanes,5,4,REG
2014-03-09,Dallas Stars,Minnesota Wild,Dallas Stars,Minnesota Wild,4,3,REG
2014-03-09,Vancouver Canucks,Calgary Flames,Vancouver Canucks,Calgary Flames,2,1,REG
2014-03-09,San Jose Sharks,Montreal Canadiens,San Jose Sharks,Montreal Canadiens,4,0,REG
2014-03-09,New York Rangers,Detroit Red Wings,New York Rangers,Detroit Red Wings,3,0,REG
2014-03-09,Florida Panthers,Boston Bruins,Boston Bruins,Florida Panthers,5,2,REG
2014-03-09,Buffalo Sabres,Chicago Blackhawks,Chicago Blackhawks,Buffalo Sabres,2,1,REG
2014-03-10,Minnesota Wild,St. Louis Blues,St. Louis Blues,Minnesota Wild,3,2,SO
2014-03-10,Edmonton Oilers,Los Angeles Kings,Los Angeles Kings,Edmonton Oilers,4,2,REG
2014-03-10,Washington Capitals,Pittsburgh Penguins,Pittsburgh Penguins,Washington Capitals,3,2,REG
2014-03-10,Ottawa Senators,Nashville Predators,Nashville Predators,Ottawa Senators,4,3,OT
2014-03-11,Colorado Avalanche,Winnipeg Jets,Colorado Avalanche,Winnipeg Jets,3,2,OT
2014-03-11,Calgary Flames,Los Angeles Kings,Los Angeles Kings,Calgary Flames,3,2,REG
2014-03-11,Vancouver Canucks,New York Islanders,New York Islanders,Vancouver Canucks,7,4,REG
2014-03-11,Anaheim Ducks,Toronto Maple Leafs,Toronto Maple Leafs,Anaheim Ducks,3,1,REG
2014-03-11,Buffalo Sabres,Nashville Predators,Nashville Predators,Buffalo Sabres,4,1,REG
2014-03-11,Philadelphia Flyers,New Jersey Devils,New Jersey Devils,Philadelphia Flyers,2,1,REG
2014-03-11,Carolina Hurricanes,New York Rangers,Carolina Hurricanes,New York Rangers,3,1,REG
2014-03-11,Columbus Blue Jackets,Detroit Red Wings,Columbus Blue Jackets,Detroit Red Wings,4,1,REG
2014-03-11,Pittsburgh Penguins,Washington Capitals,Pittsburgh Penguins,Washington Capitals,2,0,REG
2014-03-12,St. Louis Blues,Dallas Stars,Dallas Stars,St. Louis Blues,3,2,OT
2014-03-12,Minnesota Wild,Edmonton Oilers,Edmonton Oilers,Minnesota Wild,4,3,SO
2014-03-12,San Jose Sharks,Toronto Maple Leafs,San Jose Sharks,Toronto Maple Leafs,6,2,REG
2014-03-12,Montreal Canadiens,Boston Bruins,Boston Bruins,Montreal Canadiens,4,1,REG
2014-03-12,Winnipeg Jets,Vancouver Canucks,Vancouver Canucks,Winnipeg Jets,3,2,SO
2014-03-13,Colorado Avalanche,Chicago Blackhawks,Colorado Avalanche,Chicago Blackhawks,3,2,REG
2014-03-13,Calgary Flames,Anaheim Ducks,Calgary Flames,Anaheim Ducks,6,2,REG
2014-03-13,Carolina Hurricanes,Buffalo Sabres,Carolina Hurricanes,Buffalo Sabres,4,2,REG
2014-03-13,Columbus Blue Jackets,San Jose Sharks,San Jose Sharks,Columbus Blue Jackets,4,3,SO
2014-03-13,Tampa Bay Lightning,Florida Panthers,Tampa Bay Lightning,Florida Panthers,5,4,REG
2014-03-14,St. Louis Blues,Edmonton Oilers,St. Louis Blues,Edmonton Oilers,6,2,REG
2014-03-14,Minnesota Wild,New York Rangers,Minnesota Wild,New York Rangers,2,1,REG
2014-03-14,Los Angeles Kings,Toronto Maple Leafs,Toronto Maple Leafs,Los Angeles Kings,3,2,REG
2014-03-14,New York Islanders,San Jose Sharks,San Jose Sharks,New York Islanders,4,3,REG
2014-03-14,Washington Capitals,Vancouver Canucks,Washington Capitals,Vancouver Canucks,4,3,REG
2014-03-14,Detroit Red Wings,Edmonton Oilers,Detroit Red Wings,Edmonton Oilers,2,1,SO
2014-03-14,Florida Panthers,New Jersey Devils,Florida Panthers,New Jersey Devils,5,3,REG
2014-03-15,Chicago Blackhawks,Nashville Predators,Nashville Predators,Chicago Blackhawks,3,2,REG
2014-03-15,Winnipeg Jets,New York Rangers,New York Rangers,Winnipeg Jets,4,2,REG
2014-03-15,Dallas Stars,Calgary Flames,Calgary Flames,Dallas Stars,4,3,SO
2014-03-15,Colorado Avalanche,Anaheim Ducks,Anaheim Ducks,Colorado Avalanche,6,4,REG
2014-03-15,Boston Bruins,Carolina Hurricanes,Boston Bruins,Carolina Hurricanes,5,1,REG
2014-03-15,Philadelphia Flyers,Pittsburgh Penguins,Philadelphia Flyers,Pittsburgh Penguins,4,0,REG
2014-03-15,Montreal Canadiens,Ottawa Senators,Montreal Canadiens,Ottawa Senators,5,4,OT
2014-03-15,Tampa Bay Lightning,New Jersey Devils,Tampa Bay Lightning,New Jersey Devils,3,0,REG
2014-03-15,New York Islanders,Buffalo Sabres,New York Islanders,Buffalo Sabres,4,1,REG
2014-03-16,Nashville Predators,St. Louis Blues,St. Louis Blues,Nashville Predators,4,1,REG
2014-03-16,Minnesota Wild,Columbus Blue Jackets,Columbus Blue Jackets,Minnesota Wild,2,1,SO
2014-03-16,Los Angeles Kings,Anaheim Ducks,Anaheim Ducks,Los Angeles Kings,2,1,REG
2014-03-16,Pittsburgh Penguins,Philadelphia Flyers,Philadelphia Flyers,Pittsburgh Penguins,4,3,REG
2014-03-16,Florida Panthers,Vancouver Canucks,Vancouver Canucks,Florida Panthers,4,3,SO
2014-03-16,Washington Capitals,Toronto Maple Leafs,Washington Capitals,Toronto Maple Leafs,4,2,REG
2014-03-16,Carolina Hurricanes,Edmonton Oilers,Edmonton Oilers,Carolina Hurricanes,2,1,REG
2014-03-16,Ottawa Senators,Colorado Avalanche,Colorado Avalanche,Ottawa Senators,3,1,REG
2014-03-16,Buffalo Sabres,Montreal Canadiens,Montreal Canadiens,Buffalo Sabres,2,0,REG
2014-03-16,Chicago Blackhawks,Detroit Red Wings,Chicago Blackhawks,Detroit Red Wings,4,1,REG
2014-03-17,Winnipeg Jets,Dallas Stars,Winnipeg Jets,Dallas Stars,6,2,REG
2014-03-17,Boston Bruins,Minnesota Wild,Boston Bruins,Minnesota Wild,4,1,REG
2014-03-17,Tampa Bay Lightning,Vancouver Canucks,Tampa Bay Lightning,Vancouver Canucks,4,3,REG
2014-03-18,St. Louis Blues,Winnipeg Jets,St. Louis Blues,Winnipeg Jets,3,1,REG
2014-03-18,New Jersey Devils,Boston Bruins,Boston Bruins,New Jersey Devils,4,2,REG
2014-03-18,New York Islanders,Minnesota Wild,Minnesota Wild,New York Islanders,4,0,REG
2014-03-18,Pittsburgh Penguins,Dallas Stars,Pittsburgh Penguins,Dallas Stars,5,1,REG
2014-03-18,Columbus Blue Jackets,Carolina Hurricanes,Carolina Hurricanes,Columbus Blue Jackets,3,1,REG
2014-03-18,Montreal Canadiens,Colorado Avalanche,Montreal Canadiens,Colorado Avalanche,6,3,REG
2014-03-18,Ottawa Senators,New York Rangers,New York Rangers,Ottawa Senators,8,4,REG
2014-03-18,Detroit Red Wings,Toronto Maple Leafs,Detroit Red Wings,Toronto Maple Leafs,3,2,REG
2014-03-18,Philadelphia Flyers,Chicago Blackhawks,Philadelphia Flyers,Chicago Blackhawks,3,2,OT
2014-03-19,Calgary Flames,Buffalo Sabres,Calgary Flames,Buffalo Sabres,3,1,REG
2014-03-19,Edmonton Oilers,Nashville Predators,Edmonton Oilers,Nashville Predators,5,1,REG
2014-03-19,Anaheim Ducks,Washington Capitals,Washington Capitals,Anaheim Ducks,3,2,REG
2014-03-19,San Jose Sharks,Florida Panthers,Florida Panthers,San Jose Sharks,3,2,REG
2014-03-19,Toronto Maple Leafs,Tampa Bay Lightning,Tampa Bay Lightning,Toronto Maple Leafs,5,3,REG
2014-03-20,Chicago Blackhawks,St. Louis Blues,Chicago Blackhawks,St. Louis Blues,4,0,REG
2014-03-20,Winnipeg Jets,Colorado Avalanche,Winnipeg Jets,Colorado Avalanche,5,4,OT
2014-03-20,Vancouver Canucks,Nashville Predators,Vancouver Canucks,Nashville Predators,2,0,REG
2014-03-20,New Jersey Devils,Minnesota Wild,New Jersey Devils,Minnesota Wild,4,3,OT
2014-03-20,Philadelphia Flyers,Dallas Stars,Philadelphia Flyers,Dallas Stars,4,2,REG
2014-03-20,Montreal Canadiens,Columbus Blue Jackets,Columbus Blue Jackets,Montreal Canadiens,3,2,REG
2014-03-20,Ottawa Senators,Tampa Bay Lightning,Tampa Bay Lightning,Ottawa Senators,5,4,REG
2014-03-20,Detroit Red Wings,Pittsburgh Penguins,Detroit Red Wings,Pittsburgh Penguins,5,4,OT
2014-03-21,Edmonton Oilers,Buffalo Sabres,Buffalo Sabres,Edmonton Oilers,3,1,REG
2014-03-21,Los Angeles Kings,Washington Capitals,Los Angeles Kings,Washington Capitals,2,1,SO
2014-03-21,San Jose Sharks,Anaheim Ducks,San Jose Sharks,Anaheim Ducks,3,2,REG
2014-03-21,Columbus Blue Jackets,New York Rangers,New York Rangers,Columbus Blue Jackets,3,1,REG
2014-03-22,Chicago Blackhawks,Carolina Hurricanes,Chicago Blackhawks,Carolina Hurricanes,3,2,REG
2014-03-22,Colorado Avalanche,Boston Bruins,Boston Bruins,Colorado Avalanche,2,0,REG
2014-03-22,Calgary Flames,Nashville Predators,Nashville Predators,Calgary Flames,6,5,REG
2014-03-22,Philadelphia Flyers,St. Louis Blues,Philadelphia Flyers,St. Louis Blues,4,1,REG
2014-03-22,Pittsburgh Penguins,Tampa Bay Lightning,Pittsburgh Penguins,Tampa Bay Lightning,4,3,OT
2014-03-22,Minnesota Wild,Detroit Red Wings,Detroit Red Wings,Minnesota Wild,3,2,REG
2014-03-22,Dallas Stars,Ottawa Senators,Dallas Stars,Ottawa Senators,3,1,REG
2014-03-22,Los Angeles Kings,Florida Panthers,Los Angeles Kings,Florida Panthers,4,0,REG
2014-03-22,Toronto Maple Leafs,Montreal Canadiens,Montreal Canadiens,Toronto Maple Leafs,4,3,REG
2014-03-22,New Jersey Devils,New York Rangers,New York Rangers,New Jersey Devils,2,0,REG
2014-03-22,Winnipeg Jets,Carolina Hurricanes,Carolina Hurricanes,Winnipeg Jets,3,2,REG
2014-03-23,Edmonton Oilers,Calgary Flames,Calgary Flames,Edmonton Oilers,5,1,REG
2014-03-23,San Jose Sharks,Washington Capitals,Washington Capitals,San Jose Sharks,3,2,SO
2014-03-23,New York Islanders,Columbus Blue Jackets,New York Islanders,Columbus Blue Jackets,2,0,REG
2014-03-23,New Jersey Devils,Toronto Maple Leafs,New Jersey Devils,Toronto Maple Leafs,3,2,REG
2014-03-23,Chicago Blackhawks,Nashville Predators,Nashville Predators,Chicago Blackhawks,2,0,REG
2014-03-23,Detroit Red Wings,Minnesota Wild,Minnesota Wild,Detroit Red Wings,4,3,OT
2014-03-24,Vancouver Canucks,Buffalo Sabres,Vancouver Canucks,Buffalo Sabres,4,2,REG
2014-03-24,Anaheim Ducks,Florida Panthers,Anaheim Ducks,Florida Panthers,6,2,REG
2014-03-24,Philadelphia Flyers,Los Angeles Kings,Los Angeles Kings,Philadelphia Flyers,3,2,REG
2014-03-24,Boston Bruins,Montreal Canadiens,Montreal Canadiens,Boston Bruins,2,1,SO
2014-03-24,Tampa Bay Lightning,Ottawa Senators,Ottawa Senators,Tampa Bay Lightning,4,3,SO
2014-03-25,Dallas Stars,Winnipeg Jets,Dallas Stars,Winnipeg Jets,2,1,REG
2014-03-25,Calgary Flames,San Jose Sharks,Calgary Flames,San Jose Sharks,2,1,SO
2014-03-25,Toronto Maple Leafs,St. Louis Blues,St. Louis Blues,Toronto Maple Leafs,5,3,REG
2014-03-25,Washington Capitals,Los Angeles Kings,Los Angeles Kings,Washington Capitals,5,4,SO
2014-03-25,Carolina Hurricanes,New York Islanders,New York Islanders,Carolina Hurricanes,5,4,REG
2014-03-25,Montreal Canadiens,Buffalo Sabres,Montreal Canadiens,Buffalo Sabres,2,0,REG
2014-03-25,Florida Panthers,Ottawa Senators,Florida Panthers,Ottawa Senators,3,2,SO
2014-03-25,Columbus Blue Jackets,Detroit Red Wings,Columbus Blue Jackets,Detroit Red Wings,4,2,REG
2014-03-26,Chicago Blackhawks,Dallas Stars,Chicago Blackhawks,Dallas Stars,4,2,REG
2014-03-26,Nashville Predators,Colorado Avalanche,Colorado Avalanche,Nashville Predators,5,4,SO
2014-03-26,Edmonton Oilers,San Jose Sharks,San Jose Sharks,Edmonton Oilers,5,2,REG
2014-03-26,Minnesota Wild,Vancouver Canucks,Vancouver Canucks,Minnesota Wild,5,2,REG
2014-03-27,New York Rangers,Philadelphia Flyers,New York Rangers,Philadelphia Flyers,3,1,REG
2014-03-27,Calgary Flames,Anaheim Ducks,Anaheim Ducks,Calgary Flames,3,2,REG
2014-03-27,Boston Bruins,Chicago Blackhawks,Boston Bruins,Chicago Blackhawks,3,0,REG
2014-03-27,Pittsburgh Penguins,Los Angeles Kings,Los Angeles Kings,Pittsburgh Penguins,3,2,REG
2014-03-27,Detroit Red Wings,Montreal Canadiens,Montreal Canadiens,Detroit Red Wings,5,4,REG
2014-03-27,Tampa Bay Lightning,New York Islanders,Tampa Bay Lightning,New York Islanders,3,2,SO
2014-03-27,Florida Panthers,Carolina Hurricanes,Carolina Hurricanes,Florida Panthers,3,0,REG
2014-03-28,St. Louis Blues,Minnesota Wild,St. Louis Blues,Minnesota Wild,5,1,REG
2014-03-28,Nashville Predators,Buffalo Sabres,Nashville Predators,Buffalo Sabres,5,1,REG
2014-03-28,Colorado Avalanche,Vancouver Canucks,Colorado Avalanche,Vancouver Canucks,3,2,OT
2014-03-28,San Jose Sharks,Winnipeg Jets,Winnipeg Jets,San Jose Sharks,4,3,REG
2014-03-28,Philadelphia Flyers,Toronto Maple Leafs,Philadelphia Flyers,Toronto Maple Leafs,4,2,REG
2014-03-28,Columbus Blue Jackets,Pittsburgh Penguins,Pittsburgh Penguins,Columbus Blue Jackets,2,1,REG
2014-03-28,Ottawa Senators,Chicago Blackhawks,Ottawa Senators,Chicago Blackhawks,5,3,REG
2014-03-29,Dallas Stars,Nashville Predators,Dallas Stars,Nashville Predators,7,3,REG
2014-03-29,Calgary Flames,New York Rangers,Calgary Flames,New York Rangers,4,3,REG
2014-03-29,Edmonton Oilers,Anaheim Ducks,Edmonton Oilers,Anaheim Ducks,4,3,OT
2014-03-29,Washington Capitals,Boston Bruins,Boston Bruins,Washington Capitals,4,2,REG
2014-03-29,Colorado Avalanche,San Jose Sharks,Colorado Avalanche,San Jose Sharks,3,2,REG
2014-03-29,Buffalo Sabres,Tampa Bay Lightning,Tampa Bay Lightning,Buffalo Sabres,4,3,OT
2014-03-29,Toronto Maple Leafs,Detroit Red Wings,Detroit Red Wings,Toronto Maple Leafs,4,2,REG
2014-03-29,Florida Panthers,Montreal Canadiens,Montreal Canadiens,Florida Panthers,4,1,REG
2014-03-29,New York Islanders,New Jersey Devils,New York Islanders,New Jersey Devils,2,1,SO
2014-03-29,Carolina Hurricanes,Columbus Blue Jackets,Columbus Blue Jackets,Carolina Hurricanes,3,2,OT
2014-03-30,St. Louis Blues,Dallas Stars,Dallas Stars,St. Louis Blues,4,2,REG
2014-03-30,Vancouver Canucks,Anaheim Ducks,Anaheim Ducks,Vancouver Canucks,5,1,REG
2014-03-30,Los Angeles Kings,Winnipeg Jets,Los Angeles Kings,Winnipeg Jets,4,2,REG
2014-03-30,Philadelphia Flyers,Boston Bruins,Boston Bruins,Philadelphia Flyers,4,3,SO
2014-03-30,Ottawa Senators,Calgary Flames,Ottawa Senators,Calgary Flames,6,3,REG
2014-03-30,Detroit Red Wings,Tampa Bay Lightning,Detroit Red Wings,Tampa Bay Lightning,3,2,REG
2014-03-30,Pittsburgh Penguins,Chicago Blackhawks,Pittsburgh Penguins,Chicago Blackhawks,4,1,REG
2014-03-31,Nashville Predators,Washington Capitals,Nashville Predators,Washington Capitals,4,3,SO
2014-03-31,Edmonton Oilers,New York Rangers,New York Rangers,Edmonton Oilers,4,0,REG
2014-03-31,Ottawa Senators,Carolina Hurricanes,Ottawa Senators,Carolina Hurricanes,2,1,SO
2014-03-31,New Jersey Devils,Florida Panthers,New Jersey Devils,Florida Panthers,6,3,REG
2014-04-01,Anaheim Ducks,Winnipeg Jets,Anaheim Ducks,Winnipeg Jets,5,4,OT
2014-04-01,Los Angeles Kings,Minnesota Wild,Minnesota Wild,Los Angeles Kings,3,2,REG
2014-04-01,Buffalo Sabres,New Jersey Devils,Buffalo Sabres,New Jersey Devils,3,2,SO
2014-04-01,Toronto Maple Leafs,Calgary Flames,Toronto Maple Leafs,Calgary Flames,3,2,REG
2014-04-01,New York Islanders,Florida Panthers,New York Islanders,Florida Panthers,4,2,REG
2014-04-01,Pittsburgh Penguins,Carolina Hurricanes,Carolina Hurricanes,Pittsburgh Penguins,4,1,REG
2014-04-01,Washington Capitals,Dallas Stars,Dallas Stars,Washington Capitals,4,0,REG
2014-04-01,Columbus Blue Jackets,Colorado Avalanche,Colorado Avalanche,Columbus Blue Jackets,3,2,OT
2014-04-01,Tampa Bay Lightning,Montreal Canadiens,Tampa Bay Lightning,Montreal Canadiens,3,1,REG
2014-04-02,Vancouver Canucks,New York Rangers,New York Rangers,Vancouver Canucks,3,1,REG
2014-04-02,San Jose Sharks,Edmonton Oilers,San Jose Sharks,Edmonton Oilers,5,4,REG
2014-04-02,Ottawa Senators,New York Islanders,New York Islanders,Ottawa Senators,2,1,REG
2014-04-03,Detroit Red Wings,Boston Bruins,Detroit Red Wings,Boston Bruins,3,2,REG
2014-04-03,Anaheim Ducks,Edmonton Oilers,Anaheim Ducks,Edmonton Oilers,3,2,REG
2014-04-03,Philadelphia Flyers,Columbus Blue Jackets,Columbus Blue Jackets,Philadelphia Flyers,2,0,REG
2014-04-03,Carolina Hurricanes,Dallas Stars,Carolina Hurricanes,Dallas Stars,4,1,REG
2014-04-03,Toronto Maple Leafs,Boston Bruins,Toronto Maple Leafs,Boston Bruins,4,3,OT
2014-04-03,Tampa Bay Lightning,Calgary Flames,Calgary Flames,Tampa Bay Lightning,4,1,REG
2014-04-04,Chicago Blackhawks,Minnesota Wild,Chicago Blackhawks,Minnesota Wild,3,2,SO
2014-04-04,St. Louis Blues,Buffalo Sabres,St. Louis Blues,Buffalo Sabres,2,1,REG
2014-04-04,Winnipeg Jets,Pittsburgh Penguins,Pittsburgh Penguins,Winnipeg Jets,4,2,REG
2014-04-04,Colorado Avalanche,New York Rangers,Colorado Avalanche,New York Rangers,3,2,SO
2014-04-04,San Jose Sharks,Los Angeles Kings,San Jose Sharks,Los Angeles Kings,2,1,REG
2014-04-04,Ottawa Senators,Montreal Canadiens,Montreal Canadiens,Ottawa Senators,7,4,REG
2014-04-04,Columbus Blue Jackets,Chicago Blackhawks,Chicago Blackhawks,Columbus Blue Jackets,4,3,REG
2014-04-04,New Jersey Devils,Washington Capitals,New Jersey Devils,Washington Capitals,2,1,REG
2014-04-04,Detroit Red Wings,Buffalo Sabres,Detroit Red Wings,Buffalo Sabres,3,2,REG
2014-04-04,Florida Panthers,Calgary Flames,Calgary Flames,Florida Panthers,2,1,REG
2014-04-05,Anaheim Ducks,Nashville Predators,Nashville Predators,Anaheim Ducks,5,2,REG
2014-04-05,Boston Bruins,Philadelphia Flyers,Boston Bruins,Philadelphia Flyers,5,2,REG
2014-04-05,St. Louis Blues,Colorado Avalanche,Colorado Avalanche,St. Louis Blues,4,0,REG
2014-04-05,New York Islanders,Washington Capitals,Washington Capitals,New York Islanders,4,3,SO
2014-04-05,Toronto Maple Leafs,Winnipeg Jets,Winnipeg Jets,Toronto Maple Leafs,4,2,REG
2014-04-05,Montreal Canadiens,Detroit Red Wings,Montreal Canadiens,Detroit Red Wings,5,3,REG
2014-04-05,Tampa Bay Lightning,Dallas Stars,Dallas Stars,Tampa Bay Lightning,5,2,REG
2014-04-05,New York Rangers,Ottawa Senators,Ottawa Senators,New York Rangers,3,2,REG
2014-04-05,Carolina Hurricanes,New Jersey Devils,New Jersey Devils,Carolina Hurricanes,3,1,REG
2014-04-06,Minnesota Wild,Pittsburgh Penguins,Minnesota Wild,Pittsburgh Penguins,4,0,REG
2014-04-06,Vancouver Canucks,Los Angeles Kings,Vancouver Canucks,Los Angeles Kings,2,1,REG
2014-04-06,San Jose Sharks,Nashville Predators,Nashville Predators,San Jose Sharks,3,0,REG
2014-04-06,Chicago Blackhawks,St. Louis Blues,Chicago Blackhawks,St. Louis Blues,4,2,REG
2014-04-06,Florida Panthers,Dallas Stars,Florida Panthers,Dallas Stars,3,2,REG
2014-04-06,Columbus Blue Jackets,New York Islanders,Columbus Blue Jackets,New York Islanders,4,0,REG
2014-04-06,Philadelphia Flyers,Buffalo Sabres,Philadelphia Flyers,Buffalo Sabres,5,2,REG
2014-04-07,Colorado Avalanche,Pittsburgh Penguins,Pittsburgh Penguins,Colorado Avalanche,3,2,SO
2014-04-07,Edmonton Oilers,Anaheim Ducks,Edmonton Oilers,Anaheim Ducks,4,2,REG
2014-04-08,Vancouver Canucks,Anaheim Ducks,Anaheim Ducks,Vancouver Canucks,3,0,REG
2014-04-08,Buffalo Sabres,Detroit Red Wings,Detroit Red Wings,Buffalo Sabres,4,2,REG
2014-04-08,New York Islanders,Ottawa Senators,Ottawa Senators,New York Islanders,4,1,REG
2014-04-08,New York Rangers,Carolina Hurricanes,New York Rangers,Carolina Hurricanes,4,1,REG
2014-04-08,Tampa Bay Lightning,Toronto Maple Leafs,Tampa Bay Lightning,Toronto Maple Leafs,3,0,REG
2014-04-08,Florida Panthers,Philadelphia Flyers,Philadelphia Flyers,Florida Panthers,5,2,REG
2014-04-09,St. Louis Blues,Washington Capitals,Washington Capitals,St. Louis Blues,4,1,REG
2014-04-09,Minnesota Wild,Boston Bruins,Minnesota Wild,Boston Bruins,4,3,SO
2014-04-09,Dallas Stars,Nashville Predators,Dallas Stars,Nashville Predators,3,2,SO
2014-04-09,Edmonton Oilers,Colorado Avalanche,Colorado Avalanche,Edmonton Oilers,4,1,REG
2014-04-09,Chicago Blackhawks,Montreal Canadiens,Chicago Blackhawks,Montreal Canadiens,3,2,OT
2014-04-10,Pittsburgh Penguins,Detroit Red Wings,Pittsburgh Penguins,Detroit Red Wings,4,3,SO
2014-04-10,Dallas Stars,Columbus Blue Jackets,Columbus Blue Jackets,Dallas Stars,3,1,REG
2014-04-10,Calgary Flames,Los Angeles Kings,Calgary Flames,Los Angeles Kings,4,3,SO
2014-04-10,Anaheim Ducks,San Jose Sharks,Anaheim Ducks,San Jose Sharks,5,2,REG
2014-04-10,New York Rangers,Buffalo Sabres,New York Rangers,Buffalo Sabres,2,1,REG
2014-04-10,Carolina Hurricanes,Washington Capitals,Washington Capitals,Carolina Hurricanes,5,2,REG
2014-04-10,Montreal Canadiens,New York Islanders,New York Islanders,Montreal Canadiens,2,0,REG
2014-04-10,Ottawa Senators,New Jersey Devils,Ottawa Senators,New Jersey Devils,2,1,SO
2014-04-10,Tampa Bay Lightning,Philadelphia Flyers,Tampa Bay Lightning,Philadelphia Flyers,4,2,REG
2014-04-10,Florida Panthers,Toronto Maple Leafs,Florida Panthers,Toronto Maple Leafs,4,2,REG
2014-04-11,Minnesota Wild,St. Louis Blues,Minnesota Wild,St. Louis Blues,4,2,REG
2014-04-11,Winnipeg Jets,Boston Bruins,Winnipeg Jets,Boston Bruins,2,1,SO
2014-04-11,Edmonton Oilers,Los Angeles Kings,Los Angeles Kings,Edmonton Oilers,3,0,REG
2014-04-11,Vancouver Canucks,Colorado Avalanche,Colorado Avalanche,Vancouver Canucks,4,2,REG
2014-04-11,Washington Capitals,Chicago Blackhawks,Washington Capitals,Chicago Blackhawks,4,0,REG
2014-04-11,Detroit Red Wings,Carolina Hurricanes,Carolina Hurricanes,Detroit Red Wings,2,1,REG
2014-04-11,Tampa Bay Lightning,Columbus Blue Jackets,Tampa Bay Lightning,Columbus Blue Jackets,3,2,REG
2014-04-11,New Jersey Devils,New York Islanders,New York Islanders,New Jersey Devils,3,2,SO
2014-04-12,Dallas Stars,St. Louis Blues,Dallas Stars,St. Louis Blues,3,0,REG
2014-04-12,Calgary Flames,Winnipeg Jets,Winnipeg Jets,Calgary Flames,5,3,REG
2014-04-12,San Jose Sharks,Colorado Avalanche,San Jose Sharks,Colorado Avalanche,5,1,REG
2014-04-12,Boston Bruins,Buffalo Sabres,Boston Bruins,Buffalo Sabres,4,1,REG
2014-04-12,Pittsburgh Penguins,Philadelphia Flyers,Philadelphia Flyers,Pittsburgh Penguins,4,3,OT
2014-04-12,Florida Panthers,Columbus Blue Jackets,Columbus Blue Jackets,Florida Panthers,3,2,REG
2014-04-13,Nashville Predators,Chicago Blackhawks,Nashville Predators,Chicago Blackhawks,7,5,REG
2014-04-13,Edmonton Oilers,Vancouver Canucks,Edmonton Oilers,Vancouver Canucks,5,2,REG
2014-04-13,Los Angeles Kings,Anaheim Ducks,Anaheim Ducks,Los Angeles Kings,4,3,SO
2014-04-13,St. Louis Blues,Detroit Red Wings,Detroit Red Wings,St. Louis Blues,3,0,REG
2014-04-13,New Jersey Devils,Boston Bruins,New Jersey Devils,Boston Bruins,3,2,REG
2014-04-13,Philadelphia Flyers,Carolina Hurricanes,Carolina Hurricanes,Philadelphia Flyers,6,5,SO
2014-04-13,Buffalo Sabres,New York Islanders,New York Islanders,Buffalo Sabres,4,3,SO
2014-04-13,Pittsburgh Penguins,Ottawa Senators,Ottawa Senators,Pittsburgh Penguins,3,2,SO
2014-04-14,Minnesota Wild,Nashville Predators,Nashville Predators,Minnesota Wild,7,3,REG
2014-04-14,Anaheim Ducks,Colorado Avalanche,Anaheim Ducks,Colorado Avalanche,3,2,OT
2014-04-14,Vancouver Canucks,Calgary Flames,Vancouver Canucks,Calgary Flames,5,1,REG
2014-04-16,Tampa Bay Lightning,Montreal Canadiens,Montreal Canadiens,Tampa Bay Lightning,5,4,OT
2014-04-16,Pittsburgh Penguins,Columbus Blue Jackets,Pittsburgh Penguins,Columbus Blue Jackets,4,3,REG
2014-04-17,Anaheim Ducks,Dallas Stars,Anaheim Ducks,Dallas Stars,4,3,REG
2014-04-17,New York Rangers,Philadelphia Flyers,New York Rangers,Philadelphia Flyers,4,1,REG
2014-04-18,St. Louis Blues,Chicago Blackhawks,St. Louis Blues,Chicago Blackhawks,4,3,OT
2014-04-18,Colorado Avalanche,Minnesota Wild,Colorado Avalanche,Minnesota Wild,5,4,OT
2014-04-18,San Jose Sharks,Los Angeles Kings,San Jose Sharks,Los Angeles Kings,6,3,REG
2014-04-18,Tampa Bay Lightning,Montreal Canadiens,Montreal Canadiens,Tampa Bay Lightning,4,1,REG
2014-04-19,Anaheim Ducks,Dallas Stars,Anaheim Ducks,Dallas Stars,3,2,REG
2014-04-19,St. Louis Blues,Chicago Blackhawks,St. Louis Blues,Chicago Blackhawks,4,3,OT
2014-04-19,Pittsburgh Penguins,Columbus Blue Jackets,Columbus Blue Jackets,Pittsburgh Penguins,4,3,OT
2014-04-20,Colorado Avalanche,Minnesota Wild,Colorado Avalanche,Minnesota Wild,4,2,REG
2014-04-20,New York Rangers,Philadelphia Flyers,Philadelphia Flyers,New York Rangers,4,2,REG
2014-04-20,Boston Bruins,Detroit Red Wings,Boston Bruins,Detroit Red Wings,4,1,REG
2014-04-20,Montreal Canadiens,Tampa Bay Lightning,Montreal Canadiens,Tampa Bay Lightning,3,2,REG
2014-04-21,San Jose Sharks,Los Angeles Kings,San Jose Sharks,Los Angeles Kings,6,2,REG
2014-04-21,Columbus Blue Jackets,Pittsburgh Penguins,Pittsburgh Penguins,Columbus Blue Jackets,4,3,REG
2014-04-22,Chicago Blackhawks,St. Louis Blues,Chicago Blackhawks,St. Louis Blues,2,0,REG
2014-04-22,Dallas Stars,Anaheim Ducks,Dallas Stars,Anaheim Ducks,3,0,REG
2014-04-22,Montreal Canadiens,Tampa Bay Lightning,Montreal Canadiens,Tampa Bay Lightning,4,3,REG
2014-04-22,Detroit Red Wings,Boston Bruins,Boston Bruins,Detroit Red Wings,3,0,REG
2014-04-23,Philadelphia Flyers,New York Rangers,New York Rangers,Philadelphia Flyers,4,1,REG
2014-04-23,Los Angeles Kings,San Jose Sharks,San Jose Sharks,Los Angeles Kings,4,3,OT
2014-04-23,Columbus Blue Jackets,Pittsburgh Penguins,Columbus Blue Jackets,Pittsburgh Penguins,4,3,OT
2014-04-24,Dallas Stars,Anaheim Ducks,Dallas Stars,Anaheim Ducks,4,2,REG
2014-04-24,Chicago Blackhawks,St. Louis Blues,Chicago Blackhawks,St. Louis Blues,4,3,OT
2014-04-25,Detroit Red Wings,Boston Bruins,Boston Bruins,Detroit Red Wings,3,2,OT
2014-04-25,Minnesota Wild,Colorado Avalanche,Minnesota Wild,Colorado Avalanche,2,1,REG
2014-04-25,Los Angeles Kings,San Jose Sharks,Los Angeles Kings,San Jose Sharks,6,3,REG
2014-04-25,Philadelphia Flyers,New York Rangers,Philadelphia Flyers,New York Rangers,2,1,REG
2014-04-26,St. Louis Blues,Chicago Blackhawks,Chicago Blackhawks,St. Louis Blues,3,2,OT
2014-04-26,Anaheim Ducks,Dallas Stars,Anaheim Ducks,Dallas Stars,6,2,REG
2014-04-26,Boston Bruins,Detroit Red Wings,Boston Bruins,Detroit Red Wings,4,2,REG
2014-04-26,Pittsburgh Penguins,Columbus Blue Jackets,Pittsburgh Penguins,Columbus Blue Jackets,3,1,REG
2014-04-27,Colorado Avalanche,Minnesota Wild,Colorado Avalanche,Minnesota Wild,4,3,OT
2014-04-27,San Jose Sharks,Los Angeles Kings,Los Angeles Kings,San Jose Sharks,3,0,REG
2014-04-27,New York Rangers,Philadelphia Flyers,New York Rangers,Philadelphia Flyers,4,2,REG
2014-04-27,Chicago Blackhawks,St. Louis Blues,Chicago Blackhawks,St. Louis Blues,5,1,REG
2014-04-28,Dallas Stars,Anaheim Ducks,Anaheim Ducks,Dallas Stars,5,4,OT
2014-04-28,Columbus Blue Jackets,Pittsburgh Penguins,Pittsburgh Penguins,Columbus Blue Jackets,4,3,REG
2014-04-29,Minnesota Wild,Colorado Avalanche,Minnesota Wild,Colorado Avalanche,5,2,REG
2014-04-29,Los Angeles Kings,San Jose Sharks,Los Angeles Kings,San Jose Sharks,4,1,REG
2014-04-29,Philadelphia Flyers,New York Rangers,Philadelphia Flyers,New York Rangers,5,2,REG
2014-04-30,New York Rangers,Philadelphia Flyers,New York Rangers,Philadelphia Flyers,2,1,REG
2014-05-01,Colorado Avalanche,Minnesota Wild,Minnesota Wild,Colorado Avalanche,5,4,OT
2014-05-01,San Jose Sharks,Los Angeles Kings,Los Angeles Kings,San Jose Sharks,5,1,REG
2014-05-01,Boston Bruins,Montreal Canadiens,Montreal Canadiens,Boston Bruins,4,3,OT
2014-05-02,Pittsburgh Penguins,New York Rangers,New York Rangers,Pittsburgh Penguins,3,2,OT
2014-05-03,Chicago Blackhawks,Minnesota Wild,Chicago Blackhawks,Minnesota Wild,5,2,REG
2014-05-03,Boston Bruins,Montreal Canadiens,Boston Bruins,Montreal Canadiens,5,3,REG
2014-05-04,Anaheim Ducks,Los Angeles Kings,Los Angeles Kings,Anaheim Ducks,3,2,OT
2014-05-04,Chicago Blackhawks,Minnesota Wild,Chicago Blackhawks,Minnesota Wild,4,1,REG
2014-05-04,Pittsburgh Penguins,New York Rangers,Pittsburgh Penguins,New York Rangers,3,0,REG
2014-05-05,New York Rangers,Pittsburgh Penguins,Pittsburgh Penguins,New York Rangers,2,0,REG
2014-05-06,Anaheim Ducks,Los Angeles Kings,Los Angeles Kings,Anaheim Ducks,3,1,REG
2014-05-06,Montreal Canadiens,Boston Bruins,Montreal Canadiens,Boston Bruins,4,2,REG
2014-05-07,Minnesota Wild,Chicago Blackhawks,Minnesota Wild,Chicago Blackhawks,4,0,REG
2014-05-07,New York Rangers,Pittsburgh Penguins,Pittsburgh Penguins,New York Rangers,4,2,REG
2014-05-09,Los Angeles Kings,Anaheim Ducks,Anaheim Ducks,Los Angeles Kings,3,2,REG
2014-05-09,Pittsburgh Penguins,New York Rangers,New York Rangers,Pittsburgh Penguins,5,1,REG
2014-05-10,Minnesota Wild,Chicago Blackhawks,Minnesota Wild,Chicago Blackhawks,4,2,REG
2014-05-10,Boston Bruins,Montreal Canadiens,Boston Bruins,Montreal Canadiens,4,2,REG
2014-05-11,Los Angeles Kings,Anaheim Ducks,Anaheim Ducks,Los Angeles Kings,2,0,REG
2014-05-11,New York Rangers,Pittsburgh Penguins,New York Rangers,Pittsburgh Penguins,3,1,REG
2014-05-12,Chicago Blackhawks,Minnesota Wild,Chicago Blackhawks,Minnesota Wild,2,1,REG
2014-05-12,Montreal Canadiens,Boston Bruins,Montreal Canadiens,Boston Bruins,4,0,REG
2014-05-13,Anaheim Ducks,Los Angeles Kings,Anaheim Ducks,Los Angeles Kings,4,3,REG
2014-05-13,Pittsburgh Penguins,New York Rangers,New York Rangers,Pittsburgh Penguins,2,1,REG
2014-05-14,Minnesota Wild,Chicago Blackhawks,Chicago Blackhawks,Minnesota Wild,2,1,OT
2014-05-14,Boston Bruins,Montreal Canadiens,Montreal Canadiens,Boston Bruins,3,1,REG
2014-05-15,Los Angeles Kings,Anaheim Ducks,Los Angeles Kings,Anaheim Ducks,2,1,REG
2014-05-17,Anaheim Ducks,Los Angeles Kings,Los Angeles Kings,Anaheim Ducks,6,2,REG
2014-05-17,Montreal Canadiens,New York Rangers,New York Rangers,Montreal Canadiens,6,2,REG
2014-05-18,Chicago Blackhawks,Los Angeles Kings,Chicago Blackhawks,Los Angeles Kings,3,1,REG
2014-05-20,Montreal Canadiens,New York Rangers,New York Rangers,Montreal Canadiens,3,1,REG
2014-05-22,Chicago Blackhawks,Los Angeles Kings,Los Angeles Kings,Chicago Blackhawks,6,2,REG
2014-05-23,New York Rangers,Montreal Canadiens,Montreal Canadiens,New York Rangers,3,2,OT
2014-05-25,Los Angeles Kings,Chicago Blackhawks,Los Angeles Kings,Chicago Blackhawks,4,3,REG
2014-05-26,New York Rangers,Montreal Canadiens,New York Rangers,Montreal Canadiens,3,2,OT
2014-05-27,Los Angeles Kings,Chicago Blackhawks,Los Angeles Kings,Chicago Blackhawks,5,2,REG
2014-05-28,Montreal Canadiens,New York Rangers,Montreal Canadiens,New York Rangers,7,4,REG
2014-05-29,Chicago Blackhawks,Los Angeles Kings,Chicago Blackhawks,Los Angeles Kings,5,4,OT
2014-05-31,Los Angeles Kings,Chicago Blackhawks,Chicago Blackhawks,Los Angeles Kings,4,3,REG
2014-06-02,Chicago Blackhawks,Los Angeles Kings,Los Angeles Kings,Chicago Blackhawks,5,4,OT
2014-06-05,Los Angeles Kings,New York Rangers,Los Angeles Kings,New York Rangers,3,2,OT
2014-06-07,Los Angeles Kings,New York Rangers,Los Angeles Kings,New York Rangers,5,4,OT
2014-06-10,New York Rangers,Los Angeles Kings,Los Angeles Kings,New York Rangers,3,0,REG
2014-06-12,New York Rangers,Los Angeles Kings,New York Rangers,Los Angeles Kings,2,1,REG
2014-06-14,Los Angeles Kings,New York Rangers,Los Angeles Kings,New York Rangers,3,2,OT
