date,home,away,winner,loser,winner_pts,loser_pts
2026-03-25,San Francisco Giants,New York Yankees,New York Yankees,San Francisco Giants,7,0
2026-03-26,New York Mets,Pittsburgh Pirates,New York Mets,Pittsburgh Pirates,11,7
2026-03-26,Milwaukee Brewers,Chicago White Sox,Milwaukee Brewers,Chicago White Sox,12,2
2026-03-26,Chicago Cubs,Washington Nationals,Washington Nationals,Chicago Cubs,10,4
2026-03-26,Baltimore Orioles,Minnesota Twins,Baltimore Orioles,Minnesota Twins,2,1
2026-03-26,Cincinnati Reds,Boston Red Sox,Boston Red Sox,Cincinnati Reds,3,0
2026-03-26,Houston Astros,Los Angeles Angels,Los Angeles Angels,Houston Astros,3,0
2026-03-26,San Diego Padres,Detroit Tigers,Detroit Tigers,San Diego Padres,8,2
2026-03-26,St. Louis Cardinals,Tampa Bay Rays,St. Louis Cardinals,Tampa Bay Rays,9,7
2026-03-26,Philadelphia Phillies,Texas Rangers,Philadelphia Phillies,Texas Rangers,5,3
2026-03-26,Los Angeles Dodgers,Arizona Diamondbacks,Los Angeles Dodgers,Arizona Diamondbacks,8,2
2026-03-26,Seattle Mariners,Cleveland Guardians,Cleveland Guardians,Seattle Mariners,6,4
2026-03-27,San Francisco Giants,New York Yankees,New York Yankees,San Francisco Giants,3,0
2026-03-27,Toronto Blue Jays,Athletics,Toronto Blue Jays,Athletics,3,2
2026-03-27,Miami Marlins,Colorado Rockies,Miami Marlins,Colorado Rockies,2,1
2026-03-27,Atlanta Braves,Kansas City Royals,Atlanta Braves,Kansas City Royals,6,0
2026-03-27,Houston Astros,Los Angeles Angels,Los Angeles Angels,Houston Astros,6,2
2026-03-27,San Diego Padres,Detroit Tigers,Detroit Tigers,San Diego Padres,5,2
2026-03-27,Seattle Mariners,Cleveland Guardians,Seattle Mariners,Cleveland Guardians,5,1
2026-03-27,Los Angeles Dodgers,Arizona Diamondbacks,Los Angeles Dodgers,Arizona Diamondbacks,5,4
2026-03-28,St. Louis Cardinals,Tampa Bay Rays,St. Louis Cardinals,Tampa Bay Rays,6,5
2026-03-28,Chicago Cubs,Washington Nationals,Chicago Cubs,Washington Nationals,10,2
2026-03-28,Toronto Blue Jays,Athletics,Toronto Blue Jays,Athletics,8,7
2026-03-28,Baltimore Orioles,Minnesota Twins,Minnesota Twins,Baltimore Orioles,4,1
2026-03-28,Philadelphia Phillies,Texas Rangers,Texas Rangers,Philadelphia Phillies,5,4
2026-03-28,Cincinnati Reds,Boston Red Sox,Cincinnati Reds,Boston Red Sox,6,5
2026-03-28,New York Mets,Pittsburgh Pirates,New York Mets,Pittsburgh Pirates,4,2
2026-03-28,Miami Marlins,Colorado Rockies,Miami Marlins,Colorado Rockies,4,3
2026-03-28,Houston Astros,Los Angeles Angels,Houston Astros,Los Angeles Angels,11,9
2026-03-28,Milwaukee Brewers,Chicago White Sox,Milwaukee Brewers,Chicago White Sox,6,1
2026-03-28,Atlanta Braves,Kansas City Royals,Atlanta Braves,Kansas City Royals,6,2
2026-03-28,San Francisco Giants,New York Yankees,New York Yankees,San Francisco Giants,3,1
2026-03-28,San Diego Padres,Detroit Tigers,San Diego Padres,Detroit Tigers,3,0
2026-03-28,Los Angeles Dodgers,Arizona Diamondbacks,Los Angeles Dodgers,Arizona Diamondbacks,3,2
2026-03-28,Seattle Mariners,Cleveland Guardians,Cleveland Guardians,Seattle Mariners,6,5
2026-03-29,Baltimore Orioles,Minnesota Twins,Baltimore Orioles,Minnesota Twins,8,6
2026-03-29,Philadelphia Phillies,Texas Rangers,Texas Rangers,Philadelphia Phillies,8,3
2026-03-29,Atlanta Braves,Kansas City Royals,Kansas City Royals,Atlanta Braves,4,1
2026-03-29,Toronto Blue Jays,Athletics,Toronto Blue Jays,Athletics,5,2
2026-03-29,Cincinnati Reds,Boston Red Sox,Cincinnati Reds,Boston Red Sox,3,2
2026-03-29,New York Mets,Pittsburgh Pirates,Pittsburgh Pirates,New York Mets,4,3
2026-03-29,Miami Marlins,Colorado Rockies,Miami Marlins,Colorado Rockies,4,3
2026-03-29,Houston Astros,Los Angeles Angels,Houston Astros,Los Angeles Angels,9,7
2026-03-29,Milwaukee Brewers,Chicago White Sox,Milwaukee Brewers,Chicago White Sox,9,7
2026-03-29,St. Louis Cardinals,Tampa Bay Rays,Tampa Bay Rays,St. Louis Cardinals,11,7
2026-03-29,Chicago Cubs,Washington Nationals,Washington Nationals,Chicago Cubs,6,3
2026-03-29,Seattle Mariners,Cleveland Guardians,Seattle Mariners,Cleveland Guardians,8,0
2026-03-30,Kansas City Royals,Minnesota Twins,Kansas City Royals,Minnesota Twins,3,1
2026-03-30,Baltimore Orioles,Texas Rangers,Texas Rangers,Baltimore Orioles,5,2
2026-03-30,Cincinnati Reds,Pittsburgh Pirates,Cincinnati Reds,Pittsburgh Pirates,2,0
2026-03-30,Philadelphia Phillies,Washington Nationals,Washington Nationals,Philadelphia Phillies,12,2
2026-03-30,Miami Marlins,Chicago White Sox,Chicago White Sox,Miami Marlins,9,4
2026-03-30,Toronto Blue Jays,Colorado Rockies,Colorado Rockies,Toronto Blue Jays,14,5
2026-03-30,Atlanta Braves,Athletics,Atlanta Braves,Athletics,4,0
2026-03-30,Chicago Cubs,Los Angeles Angels,Chicago Cubs,Los Angeles Angels,7,2
2026-03-30,Milwaukee Brewers,Tampa Bay Rays,Tampa Bay Rays,Milwaukee Brewers,3,2
2026-03-30,St. Louis Cardinals,New York Mets,New York Mets,St. Louis Cardinals,4,2
2026-03-30,Houston Astros,Boston Red Sox,Houston Astros,Boston Red Sox,8,1
2026-03-30,San Diego Padres,San Francisco Giants,San Francisco Giants,San Diego Padres,3,2
2026-03-30,Seattle Mariners,New York Yankees,Seattle Mariners,New York Yankees,2,1
2026-03-30,Arizona Diamondbacks,Detroit Tigers,Arizona Diamondbacks,Detroit Tigers,9,6
2026-03-30,Los Angeles Dodgers,Cleveland Guardians,Cleveland Guardians,Los Angeles Dodgers,4,2
2026-03-31,Baltimore Orioles,Texas Rangers,Texas Rangers,Baltimore Orioles,8,5
2026-03-31,Cincinnati Reds,Pittsburgh Pirates,Pittsburgh Pirates,Cincinnati Reds,8,3
2026-03-31,Philadelphia Phillies,Washington Nationals,Philadelphia Phillies,Washington Nationals,3,2
2026-03-31,Miami Marlins,Chicago White Sox,Miami Marlins,Chicago White Sox,9,2
2026-03-31,Toronto Blue Jays,Colorado Rockies,Toronto Blue Jays,Colorado Rockies,5,1
2026-03-31,Atlanta Braves,Athletics,Athletics,Atlanta Braves,5,2
2026-03-31,Chicago Cubs,Los Angeles Angels,Los Angeles Angels,Chicago Cubs,2,0
2026-03-31,Milwaukee Brewers,Tampa Bay Rays,Milwaukee Brewers,Tampa Bay Rays,6,2
2026-03-31,St. Louis Cardinals,New York Mets,St. Louis Cardinals,New York Mets,3,0
2026-03-31,Houston Astros,Boston Red Sox,Houston Astros,Boston Red Sox,9,2
2026-03-31,Arizona Diamondbacks,Detroit Tigers,Arizona Diamondbacks,Detroit Tigers,7,5
2026-03-31,San Diego Padres,San Francisco Giants,San Francisco Giants,San Diego Padres,9,3
2026-03-31,Seattle Mariners,New York Yankees,New York Yankees,Seattle Mariners,5,0
2026-03-31,Los Angeles Dodgers,Cleveland Guardians,Los Angeles Dodgers,Cleveland Guardians,4,1
2026-04-01,Atlanta Braves,Athletics,Atlanta Braves,Athletics,5,1
2026-04-01,Baltimore Orioles,Texas Rangers,Baltimore Orioles,Texas Rangers,8,3
2026-04-01,Cincinnati Reds,Pittsburgh Pirates,Pittsburgh Pirates,Cincinnati Reds,8,3
2026-04-01,Philadelphia Phillies,Washington Nationals,Philadelphia Phillies,Washington Nationals,6,5
2026-04-01,Toronto Blue Jays,Colorado Rockies,Colorado Rockies,Toronto Blue Jays,2,1
2026-04-01,Miami Marlins,Chicago White Sox,Miami Marlins,Chicago White Sox,10,0
2026-04-01,St. Louis Cardinals,New York Mets,St. Louis Cardinals,New York Mets,2,1
2026-04-01,Milwaukee Brewers,Tampa Bay Rays,Milwaukee Brewers,Tampa Bay Rays,8,2
2026-04-01,Houston Astros,Boston Red Sox,Houston Astros,Boston Red Sox,6,4
2026-04-01,Chicago Cubs,Los Angeles Angels,Chicago Cubs,Los Angeles Angels,6,2
2026-04-01,Arizona Diamondbacks,Detroit Tigers,Arizona Diamondbacks,Detroit Tigers,1,0
2026-04-01,San Diego Padres,San Francisco Giants,San Diego Padres,San Francisco Giants,7,1
2026-04-01,Seattle Mariners,New York Yankees,New York Yankees,Seattle Mariners,5,3
2026-04-01,Kansas City Royals,Minnesota Twins,Kansas City Royals,Minnesota Twins,13,9
2026-04-01,Los Angeles Dodgers,Cleveland Guardians,Cleveland Guardians,Los Angeles Dodgers,4,1
2026-04-02,Kansas City Royals,Minnesota Twins,Minnesota Twins,Kansas City Royals,5,1
2026-04-02,Arizona Diamondbacks,Atlanta Braves,Atlanta Braves,Arizona Diamondbacks,12,2
2026-04-02,San Francisco Giants,New York Mets,San Francisco Giants,New York Mets,7,2
2026-04-03,Washington Nationals,Los Angeles Dodgers,Los Angeles Dodgers,Washington Nationals,13,6
2026-04-03,Detroit Tigers,St. Louis Cardinals,Detroit Tigers,St. Louis Cardinals,4,0
2026-04-03,New York Yankees,Miami Marlins,New York Yankees,Miami Marlins,8,2
2026-04-03,Boston Red Sox,San Diego Padres,Boston Red Sox,San Diego Padres,5,2
2026-04-03,Chicago White Sox,Toronto Blue Jays,Chicago White Sox,Toronto Blue Jays,5,4
2026-04-03,Texas Rangers,Cincinnati Reds,Cincinnati Reds,Texas Rangers,5,3
2026-04-03,Cleveland Guardians,Chicago Cubs,Cleveland Guardians,Chicago Cubs,4,1
2026-04-03,Minnesota Twins,Tampa Bay Rays,Minnesota Twins,Tampa Bay Rays,10,4
2026-04-03,Colorado Rockies,Philadelphia Phillies,Philadelphia Phillies,Colorado Rockies,10,1
2026-04-03,Pittsburgh Pirates,Baltimore Orioles,Pittsburgh Pirates,Baltimore Orioles,5,4
2026-04-03,Los Angeles Angels,Seattle Mariners,Seattle Mariners,Los Angeles Angels,3,1
2026-04-03,Athletics,Houston Astros,Athletics,Houston Astros,11,4
2026-04-03,Arizona Diamondbacks,Atlanta Braves,Atlanta Braves,Arizona Diamondbacks,2,0
2026-04-03,San Francisco Giants,New York Mets,New York Mets,San Francisco Giants,10,3
2026-04-04,Detroit Tigers,St. Louis Cardinals,Detroit Tigers,St. Louis Cardinals,11,6
2026-04-04,Chicago White Sox,Toronto Blue Jays,Chicago White Sox,Toronto Blue Jays,6,3
2026-04-04,Kansas City Royals,Milwaukee Brewers,Milwaukee Brewers,Kansas City Royals,5,2
2026-04-04,Kansas City Royals,Milwaukee Brewers,Kansas City Royals,Milwaukee Brewers,8,2
2026-04-04,Washington Nationals,Los Angeles Dodgers,Los Angeles Dodgers,Washington Nationals,10,5
2026-04-04,Athletics,Houston Astros,Houston Astros,Athletics,10,0
2026-04-04,Pittsburgh Pirates,Baltimore Orioles,Pittsburgh Pirates,Baltimore Orioles,3,2
2026-04-04,Boston Red Sox,San Diego Padres,San Diego Padres,Boston Red Sox,3,2
2026-04-04,Texas Rangers,Cincinnati Reds,Cincinnati Reds,Texas Rangers,2,0
2026-04-04,New York Yankees,Miami Marlins,New York Yankees,Miami Marlins,9,7
2026-04-04,Minnesota Twins,Tampa Bay Rays,Tampa Bay Rays,Minnesota Twins,7,1
2026-04-04,Arizona Diamondbacks,Atlanta Braves,Arizona Diamondbacks,Atlanta Braves,2,1
2026-04-04,Colorado Rockies,Philadelphia Phillies,Philadelphia Phillies,Colorado Rockies,2,1
2026-04-04,San Francisco Giants,New York Mets,New York Mets,San Francisco Giants,9,0
2026-04-04,Los Angeles Angels,Seattle Mariners,Los Angeles Angels,Seattle Mariners,1,0
2026-04-05,Cleveland Guardians,Chicago Cubs,Chicago Cubs,Cleveland Guardians,1,0
2026-04-05,Cleveland Guardians,Chicago Cubs,Cleveland Guardians,Chicago Cubs,6,5
2026-04-05,Washington Nationals,Los Angeles Dodgers,Los Angeles Dodgers,Washington Nationals,8,6
2026-04-05,Pittsburgh Pirates,Baltimore Orioles,Pittsburgh Pirates,Baltimore Orioles,8,2
2026-04-05,Boston Red Sox,San Diego Padres,San Diego Padres,Boston Red Sox,8,6
2026-04-05,New York Yankees,Miami Marlins,Miami Marlins,New York Yankees,7,6
2026-04-05,Minnesota Twins,Tampa Bay Rays,Tampa Bay Rays,Minnesota Twins,4,1
2026-04-05,Chicago White Sox,Toronto Blue Jays,Chicago White Sox,Toronto Blue Jays,3,0
2026-04-05,Kansas City Royals,Milwaukee Brewers,Milwaukee Brewers,Kansas City Royals,8,5
2026-04-05,Texas Rangers,Cincinnati Reds,Cincinnati Reds,Texas Rangers,2,1
2026-04-05,Colorado Rockies,Philadelphia Phillies,Colorado Rockies,Philadelphia Phillies,4,1
2026-04-05,Athletics,Houston Astros,Athletics,Houston Astros,12,10
2026-04-05,San Francisco Giants,New York Mets,New York Mets,San Francisco Giants,5,2
2026-04-05,Los Angeles Angels,Seattle Mariners,Los Angeles Angels,Seattle Mariners,8,7
2026-04-05,Arizona Diamondbacks,Atlanta Braves,Arizona Diamondbacks,Atlanta Braves,6,5
2026-04-05,Detroit Tigers,St. Louis Cardinals,St. Louis Cardinals,Detroit Tigers,5,3
2026-04-06,Tampa Bay Rays,Chicago Cubs,Tampa Bay Rays,Chicago Cubs,6,4
2026-04-06,Cleveland Guardians,Kansas City Royals,Kansas City Royals,Cleveland Guardians,4,2
2026-04-06,Pittsburgh Pirates,San Diego Padres,San Diego Padres,Pittsburgh Pirates,5,0
2026-04-06,Miami Marlins,Cincinnati Reds,Cincinnati Reds,Miami Marlins,2,0
2026-04-06,Washington Nationals,St. Louis Cardinals,Washington Nationals,St. Louis Cardinals,9,6
2026-04-06,Boston Red Sox,Milwaukee Brewers,Milwaukee Brewers,Boston Red Sox,8,6
2026-04-06,Toronto Blue Jays,Los Angeles Dodgers,Los Angeles Dodgers,Toronto Blue Jays,12,2
2026-04-06,Minnesota Twins,Detroit Tigers,Minnesota Twins,Detroit Tigers,7,3
2026-04-06,Chicago White Sox,Baltimore Orioles,Baltimore Orioles,Chicago White Sox,2,1
2026-04-06,Texas Rangers,Seattle Mariners,Texas Rangers,Seattle Mariners,2,1
2026-04-06,Colorado Rockies,Houston Astros,Colorado Rockies,Houston Astros,9,7
2026-04-06,Los Angeles Angels,Atlanta Braves,Los Angeles Angels,Atlanta Braves,6,2
2026-04-06,San Francisco Giants,Philadelphia Phillies,Philadelphia Phillies,San Francisco Giants,6,4
2026-04-07,Cleveland Guardians,Kansas City Royals,Cleveland Guardians,Kansas City Royals,2,1
2026-04-07,Chicago White Sox,Baltimore Orioles,Baltimore Orioles,Chicago White Sox,4,2
2026-04-07,New York Mets,Arizona Diamondbacks,New York Mets,Arizona Diamondbacks,4,3
2026-04-07,Pittsburgh Pirates,San Diego Padres,Pittsburgh Pirates,San Diego Padres,7,1
2026-04-07,Tampa Bay Rays,Chicago Cubs,Chicago Cubs,Tampa Bay Rays,9,2
2026-04-07,Miami Marlins,Cincinnati Reds,Cincinnati Reds,Miami Marlins,6,3
2026-04-07,Washington Nationals,St. Louis Cardinals,St. Louis Cardinals,Washington Nationals,7,6
2026-04-07,Boston Red Sox,Milwaukee Brewers,Boston Red Sox,Milwaukee Brewers,3,2
2026-04-07,New York Yankees,Athletics,New York Yankees,Athletics,5,3
2026-04-07,Toronto Blue Jays,Los Angeles Dodgers,Los Angeles Dodgers,Toronto Blue Jays,4,1
2026-04-07,Minnesota Twins,Detroit Tigers,Minnesota Twins,Detroit Tigers,4,2
2026-04-07,Texas Rangers,Seattle Mariners,Texas Rangers,Seattle Mariners,3,2
2026-04-07,Colorado Rockies,Houston Astros,Colorado Rockies,Houston Astros,5,1
2026-04-07,Los Angeles Angels,Atlanta Braves,Atlanta Braves,Los Angeles Angels,7,2
2026-04-07,San Francisco Giants,Philadelphia Phillies,San Francisco Giants,Philadelphia Phillies,6,0
2026-04-08,Pittsburgh Pirates,San Diego Padres,San Diego Padres,Pittsburgh Pirates,8,2
2026-04-08,Cleveland Guardians,Kansas City Royals,Cleveland Guardians,Kansas City Royals,10,2
2026-04-08,Boston Red Sox,Milwaukee Brewers,Boston Red Sox,Milwaukee Brewers,5,0
2026-04-08,Chicago White Sox,Baltimore Orioles,Baltimore Orioles,Chicago White Sox,5,3
2026-04-08,Texas Rangers,Seattle Mariners,Texas Rangers,Seattle Mariners,3,0
2026-04-08,Toronto Blue Jays,Los Angeles Dodgers,Toronto Blue Jays,Los Angeles Dodgers,4,3
2026-04-08,Colorado Rockies,Houston Astros,Colorado Rockies,Houston Astros,9,1
2026-04-08,San Francisco Giants,Philadelphia Phillies,San Francisco Giants,Philadelphia Phillies,5,0
2026-04-08,Washington Nationals,St. Louis Cardinals,St. Louis Cardinals,Washington Nationals,6,1
2026-04-08,Los Angeles Angels,Atlanta Braves,Atlanta Braves,Los Angeles Angels,8,2
2026-04-08,New York Mets,Arizona Diamondbacks,Arizona Diamondbacks,New York Mets,7,2
2026-04-08,Tampa Bay Rays,Chicago Cubs,Chicago Cubs,Tampa Bay Rays,6,2
2026-04-08,Miami Marlins,Cincinnati Reds,Miami Marlins,Cincinnati Reds,7,4
2026-04-08,New York Yankees,Athletics,Athletics,New York Yankees,3,2
2026-04-08,Minnesota Twins,Detroit Tigers,Minnesota Twins,Detroit Tigers,8,6
2026-04-09,Miami Marlins,Cincinnati Reds,Miami Marlins,Cincinnati Reds,8,1
2026-04-09,New York Yankees,Athletics,Athletics,New York Yankees,1,0
2026-04-09,Minnesota Twins,Detroit Tigers,Minnesota Twins,Detroit Tigers,3,1
2026-04-09,New York Mets,Arizona Diamondbacks,Arizona Diamondbacks,New York Mets,7,1
2026-04-09,Kansas City Royals,Chicago White Sox,Chicago White Sox,Kansas City Royals,2,0
2026-04-09,San Diego Padres,Colorado Rockies,San Diego Padres,Colorado Rockies,7,3
2026-04-10,Chicago Cubs,Pittsburgh Pirates,Pittsburgh Pirates,Chicago Cubs,2,0
2026-04-10,Philadelphia Phillies,Arizona Diamondbacks,Arizona Diamondbacks,Philadelphia Phillies,5,4
2026-04-10,Detroit Tigers,Miami Marlins,Detroit Tigers,Miami Marlins,2,0
2026-04-10,Cincinnati Reds,Los Angeles Angels,Los Angeles Angels,Cincinnati Reds,10,2
2026-04-10,Toronto Blue Jays,Minnesota Twins,Toronto Blue Jays,Minnesota Twins,10,4
2026-04-10,New York Mets,Athletics,Athletics,New York Mets,4,0
2026-04-10,Tampa Bay Rays,New York Yankees,Tampa Bay Rays,New York Yankees,5,3
2026-04-10,Baltimore Orioles,San Francisco Giants,San Francisco Giants,Baltimore Orioles,6,3
2026-04-10,Atlanta Braves,Cleveland Guardians,Atlanta Braves,Cleveland Guardians,11,5
2026-04-10,Kansas City Royals,Chicago White Sox,Kansas City Royals,Chicago White Sox,2,0
2026-04-10,Milwaukee Brewers,Washington Nationals,Washington Nationals,Milwaukee Brewers,7,3
2026-04-10,St. Louis Cardinals,Boston Red Sox,St. Louis Cardinals,Boston Red Sox,3,2
2026-04-10,San Diego Padres,Colorado Rockies,San Diego Padres,Colorado Rockies,5,2
2026-04-10,Seattle Mariners,Houston Astros,Seattle Mariners,Houston Astros,9,6
2026-04-10,Los Angeles Dodgers,Texas Rangers,Los Angeles Dodgers,Texas Rangers,8,7
2026-04-11,Philadelphia Phillies,Arizona Diamondbacks,Philadelphia Phillies,Arizona Diamondbacks,4,3
2026-04-11,Detroit Tigers,Miami Marlins,Detroit Tigers,Miami Marlins,6,1
2026-04-11,Chicago Cubs,Pittsburgh Pirates,Pittsburgh Pirates,Chicago Cubs,4,3
2026-04-11,Toronto Blue Jays,Minnesota Twins,Minnesota Twins,Toronto Blue Jays,7,4
2026-04-11,Cincinnati Reds,Los Angeles Angels,Cincinnati Reds,Los Angeles Angels,7,3
2026-04-11,New York Mets,Athletics,Athletics,New York Mets,11,6
2026-04-11,Kansas City Royals,Chicago White Sox,Kansas City Royals,Chicago White Sox,2,0
2026-04-11,Tampa Bay Rays,New York Yankees,Tampa Bay Rays,New York Yankees,5,4
2026-04-11,Milwaukee Brewers,Washington Nationals,Washington Nationals,Milwaukee Brewers,3,1
2026-04-11,Baltimore Orioles,San Francisco Giants,Baltimore Orioles,San Francisco Giants,6,2
2026-04-11,St. Louis Cardinals,Boston Red Sox,Boston Red Sox,St. Louis Cardinals,7,1
2026-04-11,Atlanta Braves,Cleveland Guardians,Cleveland Guardians,Atlanta Braves,6,0
2026-04-11,San Diego Padres,Colorado Rockies,San Diego Padres,Colorado Rockies,9,5
2026-04-11,Los Angeles Dodgers,Texas Rangers,Los Angeles Dodgers,Texas Rangers,6,3
2026-04-11,Seattle Mariners,Houston Astros,Seattle Mariners,Houston Astros,8,7
2026-04-12,Baltimore Orioles,San Francisco Giants,Baltimore Orioles,San Francisco Giants,6,2
2026-04-12,Philadelphia Phillies,Arizona Diamondbacks,Arizona Diamondbacks,Philadelphia Phillies,4,3
2026-04-12,Toronto Blue Jays,Minnesota Twins,Minnesota Twins,Toronto Blue Jays,8,2
2026-04-12,Cincinnati Reds,Los Angeles Angels,Los Angeles Angels,Cincinnati Reds,9,6
2026-04-12,New York Mets,Athletics,Athletics,New York Mets,1,0
2026-04-12,Detroit Tigers,Miami Marlins,Detroit Tigers,Miami Marlins,8,2
2026-04-12,Tampa Bay Rays,New York Yankees,Tampa Bay Rays,New York Yankees,5,4
2026-04-12,Kansas City Royals,Chicago White Sox,Chicago White Sox,Kansas City Royals,6,5
2026-04-12,Milwaukee Brewers,Washington Nationals,Washington Nationals,Milwaukee Brewers,8,6
2026-04-12,St. Louis Cardinals,Boston Red Sox,Boston Red Sox,St. Louis Cardinals,9,3
2026-04-12,Chicago Cubs,Pittsburgh Pirates,Chicago Cubs,Pittsburgh Pirates,7,6
2026-04-12,San Diego Padres,Colorado Rockies,San Diego Padres,Colorado Rockies,7,2
2026-04-12,Seattle Mariners,Houston Astros,Seattle Mariners,Houston Astros,6,1
2026-04-12,Los Angeles Dodgers,Texas Rangers,Texas Rangers,Los Angeles Dodgers,5,2
2026-04-12,Atlanta Braves,Cleveland Guardians,Atlanta Braves,Cleveland Guardians,11,1
2026-04-13,Seattle Mariners,Houston Astros,Seattle Mariners,Houston Astros,6,2
2026-04-13,Baltimore Orioles,Arizona Diamondbacks,Baltimore Orioles,Arizona Diamondbacks,9,7
2026-04-13,Pittsburgh Pirates,Washington Nationals,Pittsburgh Pirates,Washington Nationals,15,5
2026-04-13,Philadelphia Phillies,Chicago Cubs,Philadelphia Phillies,Chicago Cubs,13,7
2026-04-13,New York Yankees,Los Angeles Angels,New York Yankees,Los Angeles Angels,11,10
2026-04-13,Atlanta Braves,Miami Marlins,Miami Marlins,Atlanta Braves,10,4
2026-04-13,Minnesota Twins,Boston Red Sox,Minnesota Twins,Boston Red Sox,13,6
2026-04-13,St. Louis Cardinals,Cleveland Guardians,Cleveland Guardians,St. Louis Cardinals,9,3
2026-04-13,Athletics,Texas Rangers,Texas Rangers,Athletics,8,1
2026-04-13,Los Angeles Dodgers,New York Mets,Los Angeles Dodgers,New York Mets,4,0
2026-04-14,Baltimore Orioles,Arizona Diamondbacks,Arizona Diamondbacks,Baltimore Orioles,4,3
2026-04-14,Detroit Tigers,Kansas City Royals,Detroit Tigers,Kansas City Royals,2,1
2026-04-14,Pittsburgh Pirates,Washington Nationals,Washington Nationals,Pittsburgh Pirates,5,4
2026-04-14,Cincinnati Reds,San Francisco Giants,Cincinnati Reds,San Francisco Giants,2,1
2026-04-14,Philadelphia Phillies,Chicago Cubs,Chicago Cubs,Philadelphia Phillies,10,4
2026-04-14,New York Yankees,Los Angeles Angels,Los Angeles Angels,New York Yankees,7,1
2026-04-14,Atlanta Braves,Miami Marlins,Atlanta Braves,Miami Marlins,6,5
2026-04-14,Minnesota Twins,Boston Red Sox,Minnesota Twins,Boston Red Sox,6,0
2026-04-14,Chicago White Sox,Tampa Bay Rays,Tampa Bay Rays,Chicago White Sox,8,5
2026-04-14,Milwaukee Brewers,Toronto Blue Jays,Toronto Blue Jays,Milwaukee Brewers,9,7
2026-04-14,St. Louis Cardinals,Cleveland Guardians,St. Louis Cardinals,Cleveland Guardians,6,5
2026-04-14,Houston Astros,Colorado Rockies,Houston Astros,Colorado Rockies,7,6
2026-04-14,San Diego Padres,Seattle Mariners,San Diego Padres,Seattle Mariners,4,1
2026-04-14,Athletics,Texas Rangers,Athletics,Texas Rangers,2,1
2026-04-14,Los Angeles Dodgers,New York Mets,Los Angeles Dodgers,New York Mets,2,1
2026-04-15,Baltimore Orioles,Arizona Diamondbacks,Arizona Diamondbacks,Baltimore Orioles,8,5
2026-04-15,St. Louis Cardinals,Cleveland Guardians,St. Louis Cardinals,Cleveland Guardians,5,3
2026-04-15,Minnesota Twins,Boston Red Sox,Boston Red Sox,Minnesota Twins,9,5
2026-04-15,Detroit Tigers,Kansas City Royals,Detroit Tigers,Kansas City Royals,2,1
2026-04-15,Pittsburgh Pirates,Washington Nationals,Pittsburgh Pirates,Washington Nationals,2,0
2026-04-15,Cincinnati Reds,San Francisco Giants,Cincinnati Reds,San Francisco Giants,8,3
2026-04-15,Philadelphia Phillies,Chicago Cubs,Chicago Cubs,Philadelphia Phillies,11,2
2026-04-15,New York Yankees,Los Angeles Angels,New York Yankees,Los Angeles Angels,5,4
2026-04-15,Atlanta Braves,Miami Marlins,Atlanta Braves,Miami Marlins,6,3
2026-04-15,Chicago White Sox,Tampa Bay Rays,Tampa Bay Rays,Chicago White Sox,8,3
2026-04-15,Milwaukee Brewers,Toronto Blue Jays,Milwaukee Brewers,Toronto Blue Jays,2,1
2026-04-15,Houston Astros,Colorado Rockies,Houston Astros,Colorado Rockies,3,1
2026-04-15,San Diego Padres,Seattle Mariners,San Diego Padres,Seattle Mariners,7,6
2026-04-15,Athletics,Texas Rangers,Athletics,Texas Rangers,6,5
2026-04-15,Los Angeles Dodgers,New York Mets,Los Angeles Dodgers,New York Mets,8,2
2026-04-16,Pittsburgh Pirates,Washington Nationals,Washington Nationals,Pittsburgh Pirates,8,7
2026-04-16,Cincinnati Reds,San Francisco Giants,San Francisco Giants,Cincinnati Reds,3,0
2026-04-16,Detroit Tigers,Kansas City Royals,Detroit Tigers,Kansas City Royals,10,9
2026-04-16,New York Yankees,Los Angeles Angels,Los Angeles Angels,New York Yankees,11,4
2026-04-16,Milwaukee Brewers,Toronto Blue Jays,Milwaukee Brewers,Toronto Blue Jays,2,1
2026-04-16,Chicago White Sox,Tampa Bay Rays,Tampa Bay Rays,Chicago White Sox,5,3
2026-04-16,Athletics,Texas Rangers,Texas Rangers,Athletics,9,6
2026-04-16,Cleveland Guardians,Baltimore Orioles,Cleveland Guardians,Baltimore Orioles,4,2
2026-04-16,Houston Astros,Colorado Rockies,Colorado Rockies,Houston Astros,3,2
2026-04-16,San Diego Padres,Seattle Mariners,San Diego Padres,Seattle Mariners,5,2
2026-04-17,Chicago Cubs,New York Mets,Chicago Cubs,New York Mets,12,4
2026-04-17,Cleveland Guardians,Baltimore Orioles,Baltimore Orioles,Cleveland Guardians,6,4
2026-04-17,Philadelphia Phillies,Atlanta Braves,Atlanta Braves,Philadelphia Phillies,9,0
2026-04-17,Washington Nationals,San Francisco Giants,San Francisco Giants,Washington Nationals,10,5
2026-04-17,Pittsburgh Pirates,Tampa Bay Rays,Pittsburgh Pirates,Tampa Bay Rays,5,1
2026-04-17,New York Yankees,Kansas City Royals,New York Yankees,Kansas City Royals,4,2
2026-04-17,Miami Marlins,Milwaukee Brewers,Milwaukee Brewers,Miami Marlins,7,5
2026-04-17,Boston Red Sox,Detroit Tigers,Boston Red Sox,Detroit Tigers,1,0
2026-04-17,Houston Astros,St. Louis Cardinals,St. Louis Cardinals,Houston Astros,9,4
2026-04-17,Minnesota Twins,Cincinnati Reds,Cincinnati Reds,Minnesota Twins,2,1
2026-04-17,Colorado Rockies,Los Angeles Dodgers,Los Angeles Dodgers,Colorado Rockies,7,1
2026-04-17,Los Angeles Angels,San Diego Padres,Los Angeles Angels,San Diego Padres,8,0
2026-04-17,Seattle Mariners,Texas Rangers,Texas Rangers,Seattle Mariners,5,0
2026-04-17,Arizona Diamondbacks,Toronto Blue Jays,Arizona Diamondbacks,Toronto Blue Jays,6,3
2026-04-17,Athletics,Chicago White Sox,Chicago White Sox,Athletics,9,2
2026-04-18,New York Yankees,Kansas City Royals,New York Yankees,Kansas City Royals,13,4
2026-04-18,Minnesota Twins,Cincinnati Reds,Cincinnati Reds,Minnesota Twins,5,4
2026-04-18,Chicago Cubs,New York Mets,Chicago Cubs,New York Mets,4,2
2026-04-18,Pittsburgh Pirates,Tampa Bay Rays,Tampa Bay Rays,Pittsburgh Pirates,8,7
2026-04-18,Washington Nationals,San Francisco Giants,San Francisco Giants,Washington Nationals,7,6
2026-04-18,Athletics,Chicago White Sox,Athletics,Chicago White Sox,7,6
2026-04-18,Boston Red Sox,Detroit Tigers,Detroit Tigers,Boston Red Sox,4,1
2026-04-18,Miami Marlins,Milwaukee Brewers,Milwaukee Brewers,Miami Marlins,5,2
2026-04-18,Cleveland Guardians,Baltimore Orioles,Cleveland Guardians,Baltimore Orioles,4,2
2026-04-18,Houston Astros,St. Louis Cardinals,St. Louis Cardinals,Houston Astros,7,5
2026-04-18,Seattle Mariners,Texas Rangers,Seattle Mariners,Texas Rangers,7,3
2026-04-18,Philadelphia Phillies,Atlanta Braves,Atlanta Braves,Philadelphia Phillies,3,1
2026-04-18,Colorado Rockies,Los Angeles Dodgers,Colorado Rockies,Los Angeles Dodgers,4,3
2026-04-18,Arizona Diamondbacks,Toronto Blue Jays,Arizona Diamondbacks,Toronto Blue Jays,6,2
2026-04-18,Los Angeles Angels,San Diego Padres,San Diego Padres,Los Angeles Angels,4,1
2026-04-19,Washington Nationals,San Francisco Giants,Washington Nationals,San Francisco Giants,3,0
2026-04-19,Pittsburgh Pirates,Tampa Bay Rays,Pittsburgh Pirates,Tampa Bay Rays,6,3
2026-04-19,New York Yankees,Kansas City Royals,New York Yankees,Kansas City Royals,7,0
2026-04-19,Cleveland Guardians,Baltimore Orioles,Cleveland Guardians,Baltimore Orioles,8,4
2026-04-19,Miami Marlins,Milwaukee Brewers,Miami Marlins,Milwaukee Brewers,5,3
2026-04-19,Houston Astros,St. Louis Cardinals,St. Louis Cardinals,Houston Astros,7,5
2026-04-19,Minnesota Twins,Cincinnati Reds,Cincinnati Reds,Minnesota Twins,7,4
2026-04-19,Chicago Cubs,New York Mets,Chicago Cubs,New York Mets,2,1
2026-04-19,Colorado Rockies,Los Angeles Dodgers,Colorado Rockies,Los Angeles Dodgers,9,6
2026-04-19,Athletics,Chicago White Sox,Chicago White Sox,Athletics,7,4
2026-04-19,Los Angeles Angels,San Diego Padres,San Diego Padres,Los Angeles Angels,2,1
2026-04-19,Seattle Mariners,Texas Rangers,Seattle Mariners,Texas Rangers,5,2
2026-04-19,Arizona Diamondbacks,Toronto Blue Jays,Toronto Blue Jays,Arizona Diamondbacks,10,4
2026-04-19,Boston Red Sox,Detroit Tigers,Detroit Tigers,Boston Red Sox,6,2
2026-04-19,Philadelphia Phillies,Atlanta Braves,Atlanta Braves,Philadelphia Phillies,4,2
2026-04-20,Boston Red Sox,Detroit Tigers,Boston Red Sox,Detroit Tigers,8,6
2026-04-20,Cleveland Guardians,Houston Astros,Houston Astros,Cleveland Guardians,9,2
2026-04-20,Tampa Bay Rays,Cincinnati Reds,Cincinnati Reds,Tampa Bay Rays,6,1
2026-04-20,Miami Marlins,St. Louis Cardinals,Miami Marlins,St. Louis Cardinals,5,3
2026-04-20,Washington Nationals,Atlanta Braves,Atlanta Braves,Washington Nationals,9,4
2026-04-20,Kansas City Royals,Baltimore Orioles,Baltimore Orioles,Kansas City Royals,7,5
2026-04-20,Chicago Cubs,Philadelphia Phillies,Chicago Cubs,Philadelphia Phillies,5,1
2026-04-20,Colorado Rockies,Los Angeles Dodgers,Los Angeles Dodgers,Colorado Rockies,12,3
2026-04-20,Los Angeles Angels,Toronto Blue Jays,Toronto Blue Jays,Los Angeles Angels,5,2
2026-04-20,Seattle Mariners,Athletics,Athletics,Seattle Mariners,6,4
2026-04-21,Cleveland Guardians,Houston Astros,Cleveland Guardians,Houston Astros,8,5
2026-04-21,Tampa Bay Rays,Cincinnati Reds,Cincinnati Reds,Tampa Bay Rays,12,6
2026-04-21,Miami Marlins,St. Louis Cardinals,St. Louis Cardinals,Miami Marlins,5,3
2026-04-21,Detroit Tigers,Milwaukee Brewers,Milwaukee Brewers,Detroit Tigers,12,4
2026-04-21,Washington Nationals,Atlanta Braves,Washington Nationals,Atlanta Braves,11,4
2026-04-21,Boston Red Sox,New York Yankees,New York Yankees,Boston Red Sox,4,0
2026-04-21,New York Mets,Minnesota Twins,Minnesota Twins,New York Mets,5,3
2026-04-21,Kansas City Royals,Baltimore Orioles,Kansas City Royals,Baltimore Orioles,6,5
2026-04-21,Chicago Cubs,Philadelphia Phillies,Chicago Cubs,Philadelphia Phillies,7,4
2026-04-21,Texas Rangers,Pittsburgh Pirates,Texas Rangers,Pittsburgh Pirates,5,1
2026-04-21,Colorado Rockies,San Diego Padres,San Diego Padres,Colorado Rockies,1,0
2026-04-21,Los Angeles Angels,Toronto Blue Jays,Toronto Blue Jays,Los Angeles Angels,4,2
2026-04-21,Seattle Mariners,Athletics,Athletics,Seattle Mariners,5,2
2026-04-21,Arizona Diamondbacks,Chicago White Sox,Chicago White Sox,Arizona Diamondbacks,11,5
2026-04-21,San Francisco Giants,Los Angeles Dodgers,San Francisco Giants,Los Angeles Dodgers,3,1
2026-04-22,Miami Marlins,St. Louis Cardinals,Miami Marlins,St. Louis Cardinals,4,1
2026-04-22,Cleveland Guardians,Houston Astros,Houston Astros,Cleveland Guardians,2,0
2026-04-22,Tampa Bay Rays,Cincinnati Reds,Tampa Bay Rays,Cincinnati Reds,6,1
2026-04-22,Kansas City Royals,Baltimore Orioles,Baltimore Orioles,Kansas City Royals,8,6
2026-04-22,Los Angeles Angels,Toronto Blue Jays,Los Angeles Angels,Toronto Blue Jays,7,3
2026-04-22,Seattle Mariners,Athletics,Seattle Mariners,Athletics,5,4
2026-04-22,Detroit Tigers,Milwaukee Brewers,Detroit Tigers,Milwaukee Brewers,5,2
2026-04-22,Washington Nationals,Atlanta Braves,Atlanta Braves,Washington Nationals,8,6
2026-04-22,Boston Red Sox,New York Yankees,New York Yankees,Boston Red Sox,4,1
2026-04-22,New York Mets,Minnesota Twins,New York Mets,Minnesota Twins,3,2
2026-04-22,Chicago Cubs,Philadelphia Phillies,Chicago Cubs,Philadelphia Phillies,7,2
2026-04-22,Texas Rangers,Pittsburgh Pirates,Pittsburgh Pirates,Texas Rangers,8,4
2026-04-22,Colorado Rockies,San Diego Padres,Colorado Rockies,San Diego Padres,8,3
2026-04-22,Arizona Diamondbacks,Chicago White Sox,Arizona Diamondbacks,Chicago White Sox,11,7
2026-04-22,San Francisco Giants,Los Angeles Dodgers,San Francisco Giants,Los Angeles Dodgers,3,0
2026-04-23,Washington Nationals,Atlanta Braves,Atlanta Braves,Washington Nationals,7,2
2026-04-23,Detroit Tigers,Milwaukee Brewers,Detroit Tigers,Milwaukee Brewers,5,4
2026-04-23,Chicago Cubs,Philadelphia Phillies,Chicago Cubs,Philadelphia Phillies,8,7
2026-04-23,Colorado Rockies,San Diego Padres,San Diego Padres,Colorado Rockies,10,8
2026-04-23,Arizona Diamondbacks,Chicago White Sox,Chicago White Sox,Arizona Diamondbacks,4,1
2026-04-23,San Francisco Giants,Los Angeles Dodgers,Los Angeles Dodgers,San Francisco Giants,3,0
2026-04-23,Boston Red Sox,New York Yankees,New York Yankees,Boston Red Sox,4,2
2026-04-23,New York Mets,Minnesota Twins,New York Mets,Minnesota Twins,10,8
2026-04-23,Texas Rangers,Pittsburgh Pirates,Texas Rangers,Pittsburgh Pirates,6,1
2026-04-24,Cincinnati Reds,Detroit Tigers,Cincinnati Reds,Detroit Tigers,9,8
2026-04-24,Baltimore Orioles,Boston Red Sox,Baltimore Orioles,Boston Red Sox,10,3
2026-04-24,Toronto Blue Jays,Cleveland Guardians,Cleveland Guardians,Toronto Blue Jays,8,6
2026-04-24,New York Mets,Colorado Rockies,Colorado Rockies,New York Mets,4,3
2026-04-24,Tampa Bay Rays,Minnesota Twins,Tampa Bay Rays,Minnesota Twins,6,2
2026-04-24,Atlanta Braves,Philadelphia Phillies,Atlanta Braves,Philadelphia Phillies,5,3
2026-04-24,Kansas City Royals,Los Angeles Angels,Kansas City Royals,Los Angeles Angels,6,3
2026-04-24,Chicago White Sox,Washington Nationals,Chicago White Sox,Washington Nationals,5,4
2026-04-24,Milwaukee Brewers,Pittsburgh Pirates,Pittsburgh Pirates,Milwaukee Brewers,6,0
2026-04-24,Texas Rangers,Athletics,Athletics,Texas Rangers,8,1
2026-04-24,Houston Astros,New York Yankees,New York Yankees,Houston Astros,12,4
2026-04-24,St. Louis Cardinals,Seattle Mariners,Seattle Mariners,St. Louis Cardinals,3,2
2026-04-24,Los Angeles Dodgers,Chicago Cubs,Chicago Cubs,Los Angeles Dodgers,6,4
2026-04-24,San Francisco Giants,Miami Marlins,Miami Marlins,San Francisco Giants,9,4
2026-04-25,Baltimore Orioles,Boston Red Sox,Boston Red Sox,Baltimore Orioles,11,1
2026-04-25,St. Louis Cardinals,Seattle Mariners,Seattle Mariners,St. Louis Cardinals,11,9
2026-04-25,Toronto Blue Jays,Cleveland Guardians,Toronto Blue Jays,Cleveland Guardians,5,3
2026-04-25,San Francisco Giants,Miami Marlins,San Francisco Giants,Miami Marlins,6,2
2026-04-25,Tampa Bay Rays,Minnesota Twins,Tampa Bay Rays,Minnesota Twins,6,1
2026-04-25,Chicago White Sox,Washington Nationals,Washington Nationals,Chicago White Sox,6,3
2026-04-25,Arizona Diamondbacks,San Diego Padres,San Diego Padres,Arizona Diamondbacks,6,4
2026-04-25,Texas Rangers,Athletics,Texas Rangers,Athletics,4,3
2026-04-25,Kansas City Royals,Los Angeles Angels,Kansas City Royals,Los Angeles Angels,11,1
2026-04-25,Houston Astros,New York Yankees,New York Yankees,Houston Astros,8,3
2026-04-25,Milwaukee Brewers,Pittsburgh Pirates,Pittsburgh Pirates,Milwaukee Brewers,6,3
2026-04-25,Cincinnati Reds,Detroit Tigers,Cincinnati Reds,Detroit Tigers,9,2
2026-04-25,Los Angeles Dodgers,Chicago Cubs,Los Angeles Dodgers,Chicago Cubs,12,4
2026-04-25,Atlanta Braves,Philadelphia Phillies,Philadelphia Phillies,Atlanta Braves,8,5
2026-04-26,Baltimore Orioles,Boston Red Sox,Boston Red Sox,Baltimore Orioles,5,3
2026-04-26,Atlanta Braves,Philadelphia Phillies,Atlanta Braves,Philadelphia Phillies,6,2
2026-04-26,Toronto Blue Jays,Cleveland Guardians,Toronto Blue Jays,Cleveland Guardians,4,2
2026-04-26,Cincinnati Reds,Detroit Tigers,Detroit Tigers,Cincinnati Reds,8,3
2026-04-26,New York Mets,Colorado Rockies,Colorado Rockies,New York Mets,3,1
2026-04-26,New York Mets,Colorado Rockies,Colorado Rockies,New York Mets,3,0
2026-04-26,Tampa Bay Rays,Minnesota Twins,Tampa Bay Rays,Minnesota Twins,4,2
2026-04-26,Chicago White Sox,Washington Nationals,Washington Nationals,Chicago White Sox,2,1
2026-04-26,Houston Astros,New York Yankees,Houston Astros,New York Yankees,7,4
2026-04-26,Milwaukee Brewers,Pittsburgh Pirates,Milwaukee Brewers,Pittsburgh Pirates,5,0
2026-04-26,St. Louis Cardinals,Seattle Mariners,Seattle Mariners,St. Louis Cardinals,3,2
2026-04-26,Texas Rangers,Athletics,Athletics,Texas Rangers,2,1
2026-04-26,Arizona Diamondbacks,San Diego Padres,Arizona Diamondbacks,San Diego Padres,12,7
2026-04-26,San Francisco Giants,Miami Marlins,San Francisco Giants,Miami Marlins,6,3
2026-04-26,Kansas City Royals,Los Angeles Angels,Kansas City Royals,Los Angeles Angels,11,9
2026-04-26,Los Angeles Dodgers,Chicago Cubs,Los Angeles Dodgers,Chicago Cubs,6,0
2026-04-27,Cleveland Guardians,Tampa Bay Rays,Tampa Bay Rays,Cleveland Guardians,3,2
2026-04-27,Pittsburgh Pirates,St. Louis Cardinals,St. Louis Cardinals,Pittsburgh Pirates,4,2
2026-04-27,Toronto Blue Jays,Boston Red Sox,Boston Red Sox,Toronto Blue Jays,5,0
2026-04-27,Minnesota Twins,Seattle Mariners,Minnesota Twins,Seattle Mariners,11,4
2026-04-27,Chicago White Sox,Los Angeles Angels,Chicago White Sox,Los Angeles Angels,8,7
2026-04-27,Texas Rangers,New York Yankees,New York Yankees,Texas Rangers,4,2
2026-04-27,San Diego Padres,Chicago Cubs,San Diego Padres,Chicago Cubs,9,7
2026-04-27,Los Angeles Dodgers,Miami Marlins,Los Angeles Dodgers,Miami Marlins,5,4
2026-04-28,Cleveland Guardians,Tampa Bay Rays,Tampa Bay Rays,Cleveland Guardians,1,0
2026-04-28,Baltimore Orioles,Houston Astros,Baltimore Orioles,Houston Astros,5,3
2026-04-28,Cincinnati Reds,Colorado Rockies,Cincinnati Reds,Colorado Rockies,7,2
2026-04-28,Pittsburgh Pirates,St. Louis Cardinals,St. Louis Cardinals,Pittsburgh Pirates,11,7
2026-04-28,Philadelphia Phillies,San Francisco Giants,Philadelphia Phillies,San Francisco Giants,7,0
2026-04-28,Toronto Blue Jays,Boston Red Sox,Toronto Blue Jays,Boston Red Sox,3,0
2026-04-28,New York Mets,Washington Nationals,New York Mets,Washington Nationals,8,0
2026-04-28,Atlanta Braves,Detroit Tigers,Atlanta Braves,Detroit Tigers,5,2
2026-04-28,Minnesota Twins,Seattle Mariners,Seattle Mariners,Minnesota Twins,7,1
2026-04-28,Chicago White Sox,Los Angeles Angels,Chicago White Sox,Los Angeles Angels,5,2
2026-04-28,Milwaukee Brewers,Arizona Diamondbacks,Milwaukee Brewers,Arizona Diamondbacks,12,2
2026-04-28,Texas Rangers,New York Yankees,New York Yankees,Texas Rangers,3,2
2026-04-28,Athletics,Kansas City Royals,Kansas City Royals,Athletics,4,1
2026-04-28,San Diego Padres,Chicago Cubs,Chicago Cubs,San Diego Padres,8,3
2026-04-28,Los Angeles Dodgers,Miami Marlins,Miami Marlins,Los Angeles Dodgers,2,1
2026-04-29,Cleveland Guardians,Tampa Bay Rays,Cleveland Guardians,Tampa Bay Rays,3,1
2026-04-29,Chicago White Sox,Los Angeles Angels,Chicago White Sox,Los Angeles Angels,3,2
2026-04-29,Minnesota Twins,Seattle Mariners,Seattle Mariners,Minnesota Twins,5,3
2026-04-29,Texas Rangers,New York Yankees,Texas Rangers,New York Yankees,3,0
2026-04-29,Toronto Blue Jays,Boston Red Sox,Toronto Blue Jays,Boston Red Sox,8,1
2026-04-29,Los Angeles Dodgers,Miami Marlins,Miami Marlins,Los Angeles Dodgers,3,2
2026-04-29,San Diego Padres,Chicago Cubs,Chicago Cubs,San Diego Padres,5,4
2026-04-29,Cincinnati Reds,Colorado Rockies,Colorado Rockies,Cincinnati Reds,12,2
2026-04-29,Pittsburgh Pirates,St. Louis Cardinals,St. Louis Cardinals,Pittsburgh Pirates,5,4
2026-04-29,New York Mets,Washington Nationals,Washington Nationals,New York Mets,12,2
2026-04-29,Atlanta Braves,Detroit Tigers,Atlanta Braves,Detroit Tigers,4,3
2026-04-29,Milwaukee Brewers,Arizona Diamondbacks,Arizona Diamondbacks,Milwaukee Brewers,6,2
2026-04-29,Athletics,Kansas City Royals,Athletics,Kansas City Royals,5,2
2026-04-30,Atlanta Braves,Detroit Tigers,Detroit Tigers,Atlanta Braves,5,2
2026-04-30,Baltimore Orioles,Houston Astros,Baltimore Orioles,Houston Astros,10,3
2026-04-30,Baltimore Orioles,Houston Astros,Houston Astros,Baltimore Orioles,11,5
2026-04-30,Pittsburgh Pirates,St. Louis Cardinals,St. Louis Cardinals,Pittsburgh Pirates,10,5
2026-04-30,Philadelphia Phillies,San Francisco Giants,Philadelphia Phillies,San Francisco Giants,3,2
2026-04-30,Philadelphia Phillies,San Francisco Giants,Philadelphia Phillies,San Francisco Giants,6,5
2026-04-30,Cincinnati Reds,Colorado Rockies,Cincinnati Reds,Colorado Rockies,6,4
2026-04-30,New York Mets,Washington Nationals,Washington Nationals,New York Mets,5,4
2026-04-30,Milwaukee Brewers,Arizona Diamondbacks,Milwaukee Brewers,Arizona Diamondbacks,11,1
2026-04-30,Athletics,Kansas City Royals,Athletics,Kansas City Royals,6,3
2026-04-30,Minnesota Twins,Toronto Blue Jays,Minnesota Twins,Toronto Blue Jays,7,1
2026-05-01,Chicago Cubs,Arizona Diamondbacks,Chicago Cubs,Arizona Diamondbacks,6,5
2026-05-01,Detroit Tigers,Texas Rangers,Texas Rangers,Detroit Tigers,5,4
2026-05-01,Pittsburgh Pirates,Cincinnati Reds,Pittsburgh Pirates,Cincinnati Reds,9,1
2026-05-01,Washington Nationals,Milwaukee Brewers,Milwaukee Brewers,Washington Nationals,6,1
2026-05-01,New York Yankees,Baltimore Orioles,New York Yankees,Baltimore Orioles,7,2
2026-05-01,Boston Red Sox,Houston Astros,Boston Red Sox,Houston Astros,3,1
2026-05-01,Tampa Bay Rays,San Francisco Giants,Tampa Bay Rays,San Francisco Giants,3,0
2026-05-01,Miami Marlins,Philadelphia Phillies,Philadelphia Phillies,Miami Marlins,6,5
2026-05-01,Minnesota Twins,Toronto Blue Jays,Toronto Blue Jays,Minnesota Twins,7,3
2026-05-01,St. Louis Cardinals,Los Angeles Dodgers,St. Louis Cardinals,Los Angeles Dodgers,7,2
2026-05-01,Colorado Rockies,Atlanta Braves,Atlanta Braves,Colorado Rockies,8,6
2026-05-01,Los Angeles Angels,New York Mets,New York Mets,Los Angeles Angels,4,3
2026-05-01,Athletics,Cleveland Guardians,Cleveland Guardians,Athletics,8,5
2026-05-01,San Diego Padres,Chicago White Sox,Chicago White Sox,San Diego Padres,8,2
2026-05-01,Seattle Mariners,Kansas City Royals,Kansas City Royals,Seattle Mariners,7,6
2026-05-02,New York Yankees,Baltimore Orioles,New York Yankees,Baltimore Orioles,9,4
2026-05-02,Minnesota Twins,Toronto Blue Jays,Toronto Blue Jays,Minnesota Twins,11,4
2026-05-02,Chicago Cubs,Arizona Diamondbacks,Chicago Cubs,Arizona Diamondbacks,2,0
2026-05-02,Athletics,Cleveland Guardians,Cleveland Guardians,Athletics,14,6
2026-05-02,Pittsburgh Pirates,Cincinnati Reds,Pittsburgh Pirates,Cincinnati Reds,17,7
2026-05-02,Washington Nationals,Milwaukee Brewers,Milwaukee Brewers,Washington Nationals,4,1
2026-05-02,Boston Red Sox,Houston Astros,Houston Astros,Boston Red Sox,6,3
2026-05-02,Miami Marlins,Philadelphia Phillies,Miami Marlins,Philadelphia Phillies,4,0
2026-05-02,Tampa Bay Rays,San Francisco Giants,Tampa Bay Rays,San Francisco Giants,5,1
2026-05-02,St. Louis Cardinals,Los Angeles Dodgers,St. Louis Cardinals,Los Angeles Dodgers,3,2
2026-05-02,Detroit Tigers,Texas Rangers,Detroit Tigers,Texas Rangers,5,1
2026-05-02,Colorado Rockies,Atlanta Braves,Atlanta Braves,Colorado Rockies,9,1
2026-05-02,San Diego Padres,Chicago White Sox,Chicago White Sox,San Diego Padres,4,0
2026-05-02,Los Angeles Angels,New York Mets,Los Angeles Angels,New York Mets,4,3
2026-05-02,Seattle Mariners,Kansas City Royals,Kansas City Royals,Seattle Mariners,3,2
2026-05-03,Minnesota Twins,Toronto Blue Jays,Minnesota Twins,Toronto Blue Jays,4,3
2026-05-03,Boston Red Sox,Houston Astros,Houston Astros,Boston Red Sox,3,1
2026-05-03,Pittsburgh Pirates,Cincinnati Reds,Pittsburgh Pirates,Cincinnati Reds,1,0
2026-05-03,New York Yankees,Baltimore Orioles,New York Yankees,Baltimore Orioles,11,3
2026-05-03,Washington Nationals,Milwaukee Brewers,Washington Nationals,Milwaukee Brewers,3,2
2026-05-03,Tampa Bay Rays,San Francisco Giants,Tampa Bay Rays,San Francisco Giants,2,1
2026-05-03,Miami Marlins,Philadelphia Phillies,Philadelphia Phillies,Miami Marlins,7,2
2026-05-03,St. Louis Cardinals,Los Angeles Dodgers,Los Angeles Dodgers,St. Louis Cardinals,4,1
2026-05-03,Chicago Cubs,Arizona Diamondbacks,Chicago Cubs,Arizona Diamondbacks,8,4
2026-05-03,Colorado Rockies,Atlanta Braves,Atlanta Braves,Colorado Rockies,11,6
2026-05-03,Athletics,Cleveland Guardians,Athletics,Cleveland Guardians,7,1
2026-05-03,Los Angeles Angels,New York Mets,New York Mets,Los Angeles Angels,5,1
2026-05-03,Seattle Mariners,Kansas City Royals,Kansas City Royals,Seattle Mariners,4,1
2026-05-03,San Diego Padres,Chicago White Sox,San Diego Padres,Chicago White Sox,4,3
2026-05-03,Detroit Tigers,Texas Rangers,Detroit Tigers,Texas Rangers,7,1
2026-05-04,Colorado Rockies,New York Mets,New York Mets,Colorado Rockies,4,2
2026-05-04,Detroit Tigers,Boston Red Sox,Boston Red Sox,Detroit Tigers,5,4
2026-05-04,Tampa Bay Rays,Toronto Blue Jays,Tampa Bay Rays,Toronto Blue Jays,5,1
2026-05-04,Miami Marlins,Philadelphia Phillies,Philadelphia Phillies,Miami Marlins,1,0
2026-05-04,New York Yankees,Baltimore Orioles,New York Yankees,Baltimore Orioles,11,1
2026-05-04,Chicago Cubs,Cincinnati Reds,Chicago Cubs,Cincinnati Reds,5,4
2026-05-04,Kansas City Royals,Cleveland Guardians,Kansas City Royals,Cleveland Guardians,6,2
2026-05-04,St. Louis Cardinals,Milwaukee Brewers,St. Louis Cardinals,Milwaukee Brewers,6,3
2026-05-04,Houston Astros,Los Angeles Dodgers,Los Angeles Dodgers,Houston Astros,8,3
2026-05-04,Los Angeles Angels,Chicago White Sox,Chicago White Sox,Los Angeles Angels,6,0
2026-05-04,Seattle Mariners,Atlanta Braves,Seattle Mariners,Atlanta Braves,5,4
2026-05-04,San Francisco Giants,San Diego Padres,San Francisco Giants,San Diego Padres,3,2
2026-05-05,Detroit Tigers,Boston Red Sox,Boston Red Sox,Detroit Tigers,10,3
2026-05-05,Tampa Bay Rays,Toronto Blue Jays,Tampa Bay Rays,Toronto Blue Jays,4,3
2026-05-05,Philadelphia Phillies,Athletics,Philadelphia Phillies,Athletics,9,1
2026-05-05,Miami Marlins,Baltimore Orioles,Baltimore Orioles,Miami Marlins,9,7
2026-05-05,Washington Nationals,Minnesota Twins,Minnesota Twins,Washington Nationals,11,3
2026-05-05,New York Yankees,Texas Rangers,New York Yankees,Texas Rangers,7,4
2026-05-05,Chicago Cubs,Cincinnati Reds,Chicago Cubs,Cincinnati Reds,3,2
2026-05-05,Kansas City Royals,Cleveland Guardians,Kansas City Royals,Cleveland Guardians,5,3
2026-05-05,Houston Astros,Los Angeles Dodgers,Houston Astros,Los Angeles Dodgers,2,1
2026-05-05,Los Angeles Angels,Chicago White Sox,Los Angeles Angels,Chicago White Sox,4,3
2026-05-05,Arizona Diamondbacks,Pittsburgh Pirates,Arizona Diamondbacks,Pittsburgh Pirates,9,0
2026-05-05,Seattle Mariners,Atlanta Braves,Atlanta Braves,Seattle Mariners,3,2
2026-05-05,San Francisco Giants,San Diego Padres,San Diego Padres,San Francisco Giants,10,5
2026-05-06,Tampa Bay Rays,Toronto Blue Jays,Tampa Bay Rays,Toronto Blue Jays,3,0
2026-05-06,St. Louis Cardinals,Milwaukee Brewers,Milwaukee Brewers,St. Louis Cardinals,6,2
2026-05-06,Houston Astros,Los Angeles Dodgers,Los Angeles Dodgers,Houston Astros,12,2
2026-05-06,San Francisco Giants,San Diego Padres,San Diego Padres,San Francisco Giants,5,1
2026-05-06,Los Angeles Angels,Chicago White Sox,Los Angeles Angels,Chicago White Sox,8,2
2026-05-06,Seattle Mariners,Atlanta Braves,Seattle Mariners,Atlanta Braves,3,1
2026-05-06,Detroit Tigers,Boston Red Sox,Boston Red Sox,Detroit Tigers,4,0
2026-05-06,Philadelphia Phillies,Athletics,Philadelphia Phillies,Athletics,6,3
2026-05-06,Miami Marlins,Baltimore Orioles,Baltimore Orioles,Miami Marlins,7,4
2026-05-06,Washington Nationals,Minnesota Twins,Washington Nationals,Minnesota Twins,12,2
2026-05-06,New York Yankees,Texas Rangers,Texas Rangers,New York Yankees,6,1
2026-05-06,Chicago Cubs,Cincinnati Reds,Chicago Cubs,Cincinnati Reds,7,6
2026-05-06,Kansas City Royals,Cleveland Guardians,Cleveland Guardians,Kansas City Royals,3,1
2026-05-06,Colorado Rockies,New York Mets,New York Mets,Colorado Rockies,10,5
2026-05-06,Arizona Diamondbacks,Pittsburgh Pirates,Pittsburgh Pirates,Arizona Diamondbacks,1,0
2026-05-07,New York Yankees,Texas Rangers,New York Yankees,Texas Rangers,9,2
2026-05-07,Washington Nationals,Minnesota Twins,Washington Nationals,Minnesota Twins,7,5
2026-05-07,Kansas City Royals,Cleveland Guardians,Cleveland Guardians,Kansas City Royals,8,5
2026-05-07,Chicago Cubs,Cincinnati Reds,Chicago Cubs,Cincinnati Reds,8,3
2026-05-07,Colorado Rockies,New York Mets,Colorado Rockies,New York Mets,6,2
2026-05-07,Arizona Diamondbacks,Pittsburgh Pirates,Pittsburgh Pirates,Arizona Diamondbacks,4,2
2026-05-07,Philadelphia Phillies,Athletics,Athletics,Philadelphia Phillies,11,1
2026-05-07,Miami Marlins,Baltimore Orioles,Miami Marlins,Baltimore Orioles,4,3
2026-05-07,Boston Red Sox,Tampa Bay Rays,Tampa Bay Rays,Boston Red Sox,8,4
2026-05-07,San Diego Padres,St. Louis Cardinals,St. Louis Cardinals,San Diego Padres,2,1
2026-05-08,Cincinnati Reds,Houston Astros,Houston Astros,Cincinnati Reds,10,0
2026-05-08,Philadelphia Phillies,Colorado Rockies,Colorado Rockies,Philadelphia Phillies,9,7
2026-05-08,Baltimore Orioles,Athletics,Athletics,Baltimore Orioles,4,3
2026-05-08,Toronto Blue Jays,Los Angeles Angels,Toronto Blue Jays,Los Angeles Angels,2,0
2026-05-08,Boston Red Sox,Tampa Bay Rays,Boston Red Sox,Tampa Bay Rays,2,0
2026-05-08,Miami Marlins,Washington Nationals,Washington Nationals,Miami Marlins,3,2
2026-05-08,Cleveland Guardians,Minnesota Twins,Cleveland Guardians,Minnesota Twins,6,4
2026-05-08,Kansas City Royals,Detroit Tigers,Kansas City Royals,Detroit Tigers,4,3
2026-05-08,Chicago White Sox,Seattle Mariners,Seattle Mariners,Chicago White Sox,12,8
2026-05-08,Milwaukee Brewers,New York Yankees,Milwaukee Brewers,New York Yankees,6,0
2026-05-08,Texas Rangers,Chicago Cubs,Chicago Cubs,Texas Rangers,7,1
2026-05-08,Arizona Diamondbacks,New York Mets,New York Mets,Arizona Diamondbacks,3,1
2026-05-08,San Diego Padres,St. Louis Cardinals,St. Louis Cardinals,San Diego Padres,6,0
2026-05-08,Los Angeles Dodgers,Atlanta Braves,Los Angeles Dodgers,Atlanta Braves,3,1
2026-05-08,San Francisco Giants,Pittsburgh Pirates,San Francisco Giants,Pittsburgh Pirates,5,2
2026-05-09,Toronto Blue Jays,Los Angeles Angels,Toronto Blue Jays,Los Angeles Angels,11,1
2026-05-09,Baltimore Orioles,Athletics,Athletics,Baltimore Orioles,6,2
2026-05-09,Cincinnati Reds,Houston Astros,Cincinnati Reds,Houston Astros,3,1
2026-05-09,Miami Marlins,Washington Nationals,Miami Marlins,Washington Nationals,8,7
2026-05-09,Philadelphia Phillies,Colorado Rockies,Philadelphia Phillies,Colorado Rockies,9,3
2026-05-09,Cleveland Guardians,Minnesota Twins,Minnesota Twins,Cleveland Guardians,2,1
2026-05-09,Texas Rangers,Chicago Cubs,Texas Rangers,Chicago Cubs,6,0
2026-05-09,Kansas City Royals,Detroit Tigers,Kansas City Royals,Detroit Tigers,5,1
2026-05-09,Chicago White Sox,Seattle Mariners,Chicago White Sox,Seattle Mariners,6,1
2026-05-09,Milwaukee Brewers,New York Yankees,Milwaukee Brewers,New York Yankees,4,3
2026-05-09,Arizona Diamondbacks,New York Mets,Arizona Diamondbacks,New York Mets,2,1
2026-05-09,San Diego Padres,St. Louis Cardinals,San Diego Padres,St. Louis Cardinals,4,2
2026-05-09,San Francisco Giants,Pittsburgh Pirates,Pittsburgh Pirates,San Francisco Giants,13,3
2026-05-09,Los Angeles Dodgers,Atlanta Braves,Atlanta Braves,Los Angeles Dodgers,7,2
2026-05-10,Miami Marlins,Washington Nationals,Miami Marlins,Washington Nationals,5,2
2026-05-10,Baltimore Orioles,Athletics,Baltimore Orioles,Athletics,2,1
2026-05-10,Boston Red Sox,Tampa Bay Rays,Tampa Bay Rays,Boston Red Sox,4,1
2026-05-10,Philadelphia Phillies,Colorado Rockies,Philadelphia Phillies,Colorado Rockies,6,0
2026-05-10,Toronto Blue Jays,Los Angeles Angels,Los Angeles Angels,Toronto Blue Jays,6,1
2026-05-10,Cincinnati Reds,Houston Astros,Cincinnati Reds,Houston Astros,5,0
2026-05-10,Cleveland Guardians,Minnesota Twins,Minnesota Twins,Cleveland Guardians,5,4
2026-05-10,Chicago White Sox,Seattle Mariners,Chicago White Sox,Seattle Mariners,2,1
2026-05-10,Milwaukee Brewers,New York Yankees,Milwaukee Brewers,New York Yankees,4,3
2026-05-10,Texas Rangers,Chicago Cubs,Texas Rangers,Chicago Cubs,3,0
2026-05-10,San Francisco Giants,Pittsburgh Pirates,San Francisco Giants,Pittsburgh Pirates,7,6
2026-05-10,Arizona Diamondbacks,New York Mets,Arizona Diamondbacks,New York Mets,5,1
2026-05-10,San Diego Padres,St. Louis Cardinals,San Diego Padres,St. Louis Cardinals,3,2
2026-05-10,Los Angeles Dodgers,Atlanta Braves,Atlanta Braves,Los Angeles Dodgers,7,2
2026-05-10,Kansas City Royals,Detroit Tigers,Detroit Tigers,Kansas City Royals,6,3
2026-05-11,Cleveland Guardians,Los Angeles Angels,Cleveland Guardians,Los Angeles Angels,7,2
2026-05-11,Baltimore Orioles,New York Yankees,Baltimore Orioles,New York Yankees,3,2
2026-05-11,Toronto Blue Jays,Tampa Bay Rays,Tampa Bay Rays,Toronto Blue Jays,8,5
2026-05-11,Texas Rangers,Arizona Diamondbacks,Arizona Diamondbacks,Texas Rangers,1,0
2026-05-11,Houston Astros,Seattle Mariners,Seattle Mariners,Houston Astros,3,1
2026-05-11,Los Angeles Dodgers,San Francisco Giants,San Francisco Giants,Los Angeles Dodgers,9,3
2026-05-12,Cleveland Guardians,Los Angeles Angels,Cleveland Guardians,Los Angeles Angels,3,2
2026-05-12,Baltimore Orioles,New York Yankees,New York Yankees,Baltimore Orioles,6,2
2026-05-12,Cincinnati Reds,Washington Nationals,Washington Nationals,Cincinnati Reds,10,4
2026-05-12,Pittsburgh Pirates,Colorado Rockies,Pittsburgh Pirates,Colorado Rockies,3,1
2026-05-12,Boston Red Sox,Philadelphia Phillies,Philadelphia Phillies,Boston Red Sox,2,1
2026-05-12,Toronto Blue Jays,Tampa Bay Rays,Tampa Bay Rays,Toronto Blue Jays,7,6
2026-05-12,New York Mets,Detroit Tigers,New York Mets,Detroit Tigers,10,2
2026-05-12,Atlanta Braves,Chicago Cubs,Atlanta Braves,Chicago Cubs,5,2
2026-05-12,Chicago White Sox,Kansas City Royals,Chicago White Sox,Kansas City Royals,6,5
2026-05-12,Minnesota Twins,Miami Marlins,Minnesota Twins,Miami Marlins,3,0
2026-05-12,Milwaukee Brewers,San Diego Padres,Milwaukee Brewers,San Diego Padres,6,4
2026-05-12,Texas Rangers,Arizona Diamondbacks,Texas Rangers,Arizona Diamondbacks,7,4
2026-05-12,Houston Astros,Seattle Mariners,Seattle Mariners,Houston Astros,10,2
2026-05-12,Athletics,St. Louis Cardinals,St. Louis Cardinals,Athletics,6,4
2026-05-12,Los Angeles Dodgers,San Francisco Giants,San Francisco Giants,Los Angeles Dodgers,6,2
2026-05-13,Baltimore Orioles,New York Yankees,Baltimore Orioles,New York Yankees,7,0
2026-05-13,Cleveland Guardians,Los Angeles Angels,Cleveland Guardians,Los Angeles Angels,4,2
2026-05-13,Cincinnati Reds,Washington Nationals,Washington Nationals,Cincinnati Reds,8,7
2026-05-13,Pittsburgh Pirates,Colorado Rockies,Colorado Rockies,Pittsburgh Pirates,10,4
2026-05-13,Boston Red Sox,Philadelphia Phillies,Boston Red Sox,Philadelphia Phillies,3,1
2026-05-13,Toronto Blue Jays,Tampa Bay Rays,Toronto Blue Jays,Tampa Bay Rays,5,3
2026-05-13,New York Mets,Detroit Tigers,New York Mets,Detroit Tigers,3,2
2026-05-13,Atlanta Braves,Chicago Cubs,Atlanta Braves,Chicago Cubs,4,1
2026-05-13,Chicago White Sox,Kansas City Royals,Chicago White Sox,Kansas City Royals,6,5
2026-05-13,Minnesota Twins,Miami Marlins,Miami Marlins,Minnesota Twins,9,5
2026-05-13,Milwaukee Brewers,San Diego Padres,San Diego Padres,Milwaukee Brewers,3,1
2026-05-13,Texas Rangers,Arizona Diamondbacks,Texas Rangers,Arizona Diamondbacks,6,5
2026-05-13,Houston Astros,Seattle Mariners,Houston Astros,Seattle Mariners,4,3
2026-05-13,Athletics,St. Louis Cardinals,Athletics,St. Louis Cardinals,6,2
2026-05-13,Los Angeles Dodgers,San Francisco Giants,Los Angeles Dodgers,San Francisco Giants,4,0
2026-05-14,Pittsburgh Pirates,Colorado Rockies,Pittsburgh Pirates,Colorado Rockies,7,2
2026-05-14,Cincinnati Reds,Washington Nationals,Cincinnati Reds,Washington Nationals,11,1
2026-05-14,New York Mets,Detroit Tigers,New York Mets,Detroit Tigers,9,4
2026-05-14,Minnesota Twins,Miami Marlins,Minnesota Twins,Miami Marlins,9,1
2026-05-14,Milwaukee Brewers,San Diego Padres,Milwaukee Brewers,San Diego Padres,7,1
2026-05-14,Houston Astros,Seattle Mariners,Seattle Mariners,Houston Astros,8,3
2026-05-14,Athletics,St. Louis Cardinals,St. Louis Cardinals,Athletics,5,4
2026-05-14,Boston Red Sox,Philadelphia Phillies,Philadelphia Phillies,Boston Red Sox,3,1
2026-05-14,Atlanta Braves,Chicago Cubs,Chicago Cubs,Atlanta Braves,2,0
2026-05-14,Chicago White Sox,Kansas City Royals,Chicago White Sox,Kansas City Royals,6,2
2026-05-14,Los Angeles Dodgers,San Francisco Giants,Los Angeles Dodgers,San Francisco Giants,5,2
2026-05-15,Pittsburgh Pirates,Philadelphia Phillies,Philadelphia Phillies,Pittsburgh Pirates,11,9
2026-05-15,Washington Nationals,Baltimore Orioles,Washington Nationals,Baltimore Orioles,3,2
2026-05-15,Detroit Tigers,Toronto Blue Jays,Detroit Tigers,Toronto Blue Jays,3,2
2026-05-15,Cleveland Guardians,Cincinnati Reds,Cincinnati Reds,Cleveland Guardians,7,6
2026-05-15,Tampa Bay Rays,Miami Marlins,Tampa Bay Rays,Miami Marlins,7,2
2026-05-15,Minnesota Twins,Milwaukee Brewers,Milwaukee Brewers,Minnesota Twins,3,2
2026-05-15,Atlanta Braves,Boston Red Sox,Atlanta Braves,Boston Red Sox,3,2
2026-05-15,New York Mets,New York Yankees,New York Yankees,New York Mets,5,2
2026-05-15,Chicago White Sox,Chicago Cubs,Chicago Cubs,Chicago White Sox,10,5
2026-05-15,Houston Astros,Texas Rangers,Houston Astros,Texas Rangers,2,0
2026-05-15,St. Louis Cardinals,Kansas City Royals,St. Louis Cardinals,Kansas City Royals,5,4
2026-05-15,Colorado Rockies,Arizona Diamondbacks,Arizona Diamondbacks,Colorado Rockies,9,1
2026-05-15,Los Angeles Angels,Los Angeles Dodgers,Los Angeles Dodgers,Los Angeles Angels,6,0
2026-05-15,Seattle Mariners,San Diego Padres,San Diego Padres,Seattle Mariners,2,0
2026-05-15,Athletics,San Francisco Giants,Athletics,San Francisco Giants,5,2
2026-05-16,Detroit Tigers,Toronto Blue Jays,Toronto Blue Jays,Detroit Tigers,2,1
2026-05-16,St. Louis Cardinals,Kansas City Royals,St. Louis Cardinals,Kansas City Royals,4,2
2026-05-16,Colorado Rockies,Arizona Diamondbacks,Colorado Rockies,Arizona Diamondbacks,4,2
2026-05-16,Washington Nationals,Baltimore Orioles,Washington Nationals,Baltimore Orioles,13,3
2026-05-16,Pittsburgh Pirates,Philadelphia Phillies,Philadelphia Phillies,Pittsburgh Pirates,6,0
2026-05-16,Tampa Bay Rays,Miami Marlins,Miami Marlins,Tampa Bay Rays,10,5
2026-05-16,Cleveland Guardians,Cincinnati Reds,Cleveland Guardians,Cincinnati Reds,7,4
2026-05-16,Houston Astros,Texas Rangers,Houston Astros,Texas Rangers,4,1
2026-05-16,Chicago White Sox,Chicago Cubs,Chicago White Sox,Chicago Cubs,8,3
2026-05-16,Minnesota Twins,Milwaukee Brewers,Milwaukee Brewers,Minnesota Twins,2,1
2026-05-16,Seattle Mariners,San Diego Padres,San Diego Padres,Seattle Mariners,7,4
2026-05-16,Atlanta Braves,Boston Red Sox,Boston Red Sox,Atlanta Braves,3,2
2026-05-16,New York Mets,New York Yankees,New York Mets,New York Yankees,6,3
2026-05-16,Los Angeles Angels,Los Angeles Dodgers,Los Angeles Dodgers,Los Angeles Angels,12,2
2026-05-16,Athletics,San Francisco Giants,San Francisco Giants,Athletics,6,4
2026-05-17,Tampa Bay Rays,Miami Marlins,Tampa Bay Rays,Miami Marlins,6,3
2026-05-17,Washington Nationals,Baltimore Orioles,Baltimore Orioles,Washington Nationals,7,3
2026-05-17,Pittsburgh Pirates,Philadelphia Phillies,Philadelphia Phillies,Pittsburgh Pirates,6,0
2026-05-17,Atlanta Braves,Boston Red Sox,Atlanta Braves,Boston Red Sox,8,1
2026-05-17,Cleveland Guardians,Cincinnati Reds,Cleveland Guardians,Cincinnati Reds,10,3
2026-05-17,Detroit Tigers,Toronto Blue Jays,Toronto Blue Jays,Detroit Tigers,4,1
2026-05-17,New York Mets,New York Yankees,New York Mets,New York Yankees,7,6
2026-05-17,Houston Astros,Texas Rangers,Texas Rangers,Houston Astros,8,0
2026-05-17,Chicago White Sox,Chicago Cubs,Chicago White Sox,Chicago Cubs,9,8
2026-05-17,Minnesota Twins,Milwaukee Brewers,Minnesota Twins,Milwaukee Brewers,5,4
2026-05-17,St. Louis Cardinals,Kansas City Royals,Kansas City Royals,St. Louis Cardinals,2,0
2026-05-17,Colorado Rockies,Arizona Diamondbacks,Arizona Diamondbacks,Colorado Rockies,8,6
2026-05-17,Athletics,San Francisco Giants,San Francisco Giants,Athletics,10,1
2026-05-17,Los Angeles Angels,Los Angeles Dodgers,Los Angeles Dodgers,Los Angeles Angels,10,1
2026-05-17,Seattle Mariners,San Diego Padres,San Diego Padres,Seattle Mariners,8,3
2026-05-18,Detroit Tigers,Cleveland Guardians,Cleveland Guardians,Detroit Tigers,8,2
2026-05-18,Tampa Bay Rays,Baltimore Orioles,Tampa Bay Rays,Baltimore Orioles,16,6
2026-05-18,Philadelphia Phillies,Cincinnati Reds,Philadelphia Phillies,Cincinnati Reds,5,4
2026-05-18,Miami Marlins,Atlanta Braves,Miami Marlins,Atlanta Braves,10,0
2026-05-18,Washington Nationals,New York Mets,New York Mets,Washington Nationals,16,7
2026-05-18,New York Yankees,Toronto Blue Jays,New York Yankees,Toronto Blue Jays,7,6
2026-05-18,Kansas City Royals,Boston Red Sox,Boston Red Sox,Kansas City Royals,3,1
2026-05-18,Minnesota Twins,Houston Astros,Minnesota Twins,Houston Astros,6,3
2026-05-18,Chicago Cubs,Milwaukee Brewers,Milwaukee Brewers,Chicago Cubs,9,3
2026-05-18,Colorado Rockies,Texas Rangers,Colorado Rockies,Texas Rangers,7,6
2026-05-18,Los Angeles Angels,Athletics,Los Angeles Angels,Athletics,2,1
2026-05-18,San Diego Padres,Los Angeles Dodgers,San Diego Padres,Los Angeles Dodgers,1,0
2026-05-18,Arizona Diamondbacks,San Francisco Giants,Arizona Diamondbacks,San Francisco Giants,12,2
2026-05-18,Seattle Mariners,Chicago White Sox,Seattle Mariners,Chicago White Sox,6,1
2026-05-19,Miami Marlins,Atlanta Braves,Atlanta Braves,Miami Marlins,8,4
2026-05-19,Detroit Tigers,Cleveland Guardians,Cleveland Guardians,Detroit Tigers,4,3
2026-05-19,Tampa Bay Rays,Baltimore Orioles,Tampa Bay Rays,Baltimore Orioles,4,1
2026-05-19,Philadelphia Phillies,Cincinnati Reds,Cincinnati Reds,Philadelphia Phillies,4,1
2026-05-19,Washington Nationals,New York Mets,Washington Nationals,New York Mets,9,6
2026-05-19,New York Yankees,Toronto Blue Jays,New York Yankees,Toronto Blue Jays,5,4
2026-05-19,Kansas City Royals,Boston Red Sox,Boston Red Sox,Kansas City Royals,7,1
2026-05-19,Minnesota Twins,Houston Astros,Houston Astros,Minnesota Twins,2,1
2026-05-19,Chicago Cubs,Milwaukee Brewers,Milwaukee Brewers,Chicago Cubs,5,2
2026-05-19,St. Louis Cardinals,Pittsburgh Pirates,St. Louis Cardinals,Pittsburgh Pirates,9,6
2026-05-19,Colorado Rockies,Texas Rangers,Texas Rangers,Colorado Rockies,10,0
2026-05-19,Los Angeles Angels,Athletics,Athletics,Los Angeles Angels,14,6
2026-05-19,San Diego Padres,Los Angeles Dodgers,Los Angeles Dodgers,San Diego Padres,5,4
2026-05-19,Arizona Diamondbacks,San Francisco Giants,Arizona Diamondbacks,San Francisco Giants,5,3
2026-05-19,Seattle Mariners,Chicago White Sox,Chicago White Sox,Seattle Mariners,2,1
2026-05-20,Philadelphia Phillies,Cincinnati Reds,Cincinnati Reds,Philadelphia Phillies,9,4
2026-05-20,Tampa Bay Rays,Baltimore Orioles,Tampa Bay Rays,Baltimore Orioles,5,3
2026-05-20,Minnesota Twins,Houston Astros,Minnesota Twins,Houston Astros,4,1
2026-05-20,Colorado Rockies,Texas Rangers,Texas Rangers,Colorado Rockies,5,4
2026-05-20,Arizona Diamondbacks,San Francisco Giants,Arizona Diamondbacks,San Francisco Giants,6,3
2026-05-20,Seattle Mariners,Chicago White Sox,Seattle Mariners,Chicago White Sox,5,4
2026-05-20,Detroit Tigers,Cleveland Guardians,Cleveland Guardians,Detroit Tigers,3,2
2026-05-20,Miami Marlins,Atlanta Braves,Atlanta Braves,Miami Marlins,9,1
2026-05-20,Washington Nationals,New York Mets,Washington Nationals,New York Mets,8,4
2026-05-20,New York Yankees,Toronto Blue Jays,Toronto Blue Jays,New York Yankees,2,1
2026-05-20,Kansas City Royals,Boston Red Sox,Boston Red Sox,Kansas City Royals,4,3
2026-05-20,Chicago Cubs,Milwaukee Brewers,Milwaukee Brewers,Chicago Cubs,5,0
2026-05-20,St. Louis Cardinals,Pittsburgh Pirates,Pittsburgh Pirates,St. Louis Cardinals,7,0
2026-05-20,San Diego Padres,Los Angeles Dodgers,Los Angeles Dodgers,San Diego Padres,4,0
2026-05-20,Los Angeles Angels,Athletics,Athletics,Los Angeles Angels,6,5
2026-05-21,Detroit Tigers,Cleveland Guardians,Cleveland Guardians,Detroit Tigers,3,1
2026-05-21,St. Louis Cardinals,Pittsburgh Pirates,Pittsburgh Pirates,St. Louis Cardinals,6,2
2026-05-21,Washington Nationals,New York Mets,New York Mets,Washington Nationals,2,1
2026-05-21,Miami Marlins,Atlanta Braves,Atlanta Braves,Miami Marlins,9,3
2026-05-21,New York Yankees,Toronto Blue Jays,Toronto Blue Jays,New York Yankees,2,0
2026-05-21,Los Angeles Angels,Athletics,Athletics,Los Angeles Angels,3,2
2026-05-21,Arizona Diamondbacks,Colorado Rockies,Arizona Diamondbacks,Colorado Rockies,2,1
2026-05-22,Chicago Cubs,Houston Astros,Houston Astros,Chicago Cubs,4,2
2026-05-22,Philadelphia Phillies,Cleveland Guardians,Cleveland Guardians,Philadelphia Phillies,1,0
2026-05-22,New York Yankees,Tampa Bay Rays,Tampa Bay Rays,New York Yankees,4,2
2026-05-22,Toronto Blue Jays,Pittsburgh Pirates,Toronto Blue Jays,Pittsburgh Pirates,6,2
2026-05-22,Boston Red Sox,Minnesota Twins,Minnesota Twins,Boston Red Sox,8,6
2026-05-22,Miami Marlins,New York Mets,Miami Marlins,New York Mets,2,1
2026-05-22,Baltimore Orioles,Detroit Tigers,Baltimore Orioles,Detroit Tigers,7,4
2026-05-22,Atlanta Braves,Washington Nationals,Atlanta Braves,Washington Nationals,5,4
2026-05-22,Kansas City Royals,Seattle Mariners,Seattle Mariners,Kansas City Royals,2,0
2026-05-22,Milwaukee Brewers,Los Angeles Dodgers,Milwaukee Brewers,Los Angeles Dodgers,5,1
2026-05-22,Los Angeles Angels,Texas Rangers,Los Angeles Angels,Texas Rangers,9,6
2026-05-22,Arizona Diamondbacks,Colorado Rockies,Colorado Rockies,Arizona Diamondbacks,3,2
2026-05-22,San Diego Padres,Athletics,San Diego Padres,Athletics,7,3
2026-05-22,San Francisco Giants,Chicago White Sox,Chicago White Sox,San Francisco Giants,9,4
2026-05-23,Cincinnati Reds,St. Louis Cardinals,St. Louis Cardinals,Cincinnati Reds,8,1
2026-05-23,Cincinnati Reds,St. Louis Cardinals,Cincinnati Reds,St. Louis Cardinals,7,6
2026-05-23,Chicago Cubs,Houston Astros,Houston Astros,Chicago Cubs,3,0
2026-05-23,Toronto Blue Jays,Pittsburgh Pirates,Toronto Blue Jays,Pittsburgh Pirates,5,2
2026-05-23,Philadelphia Phillies,Cleveland Guardians,Philadelphia Phillies,Cleveland Guardians,3,0
2026-05-23,San Francisco Giants,Chicago White Sox,San Francisco Giants,Chicago White Sox,10,3
2026-05-23,Kansas City Royals,Seattle Mariners,Kansas City Royals,Seattle Mariners,5,0
2026-05-23,Boston Red Sox,Minnesota Twins,Minnesota Twins,Boston Red Sox,4,2
2026-05-23,Atlanta Braves,Washington Nationals,Washington Nationals,Atlanta Braves,2,0
2026-05-23,Miami Marlins,New York Mets,Miami Marlins,New York Mets,4,1
2026-05-23,Milwaukee Brewers,Los Angeles Dodgers,Los Angeles Dodgers,Milwaukee Brewers,11,3
2026-05-23,San Diego Padres,Athletics,San Diego Padres,Athletics,2,0
2026-05-23,Los Angeles Angels,Texas Rangers,Los Angeles Angels,Texas Rangers,5,2
2026-05-23,Arizona Diamondbacks,Colorado Rockies,Arizona Diamondbacks,Colorado Rockies,5,4
2026-05-24,Toronto Blue Jays,Pittsburgh Pirates,Pittsburgh Pirates,Toronto Blue Jays,4,1
2026-05-24,Baltimore Orioles,Detroit Tigers,Baltimore Orioles,Detroit Tigers,5,3
2026-05-24,Baltimore Orioles,Detroit Tigers,Detroit Tigers,Baltimore Orioles,4,1
2026-05-24,Boston Red Sox,Minnesota Twins,Minnesota Twins,Boston Red Sox,6,5
2026-05-24,Philadelphia Phillies,Cleveland Guardians,Cleveland Guardians,Philadelphia Phillies,3,1
2026-05-24,New York Yankees,Tampa Bay Rays,New York Yankees,Tampa Bay Rays,2,0
2026-05-24,Miami Marlins,New York Mets,Miami Marlins,New York Mets,4,0
2026-05-24,Kansas City Royals,Seattle Mariners,Kansas City Royals,Seattle Mariners,8,6
2026-05-24,Milwaukee Brewers,Los Angeles Dodgers,Los Angeles Dodgers,Milwaukee Brewers,5,1
2026-05-24,Chicago Cubs,Houston Astros,Houston Astros,Chicago Cubs,8,5
2026-05-24,San Francisco Giants,Chicago White Sox,San Francisco Giants,Chicago White Sox,8,5
2026-05-24,Arizona Diamondbacks,Colorado Rockies,Arizona Diamondbacks,Colorado Rockies,9,1
2026-05-24,San Diego Padres,Athletics,Athletics,San Diego Padres,5,2
2026-05-24,Atlanta Braves,Washington Nationals,Washington Nationals,Atlanta Braves,2,1
2026-05-24,Los Angeles Angels,Texas Rangers,Los Angeles Angels,Texas Rangers,2,1
2026-05-25,Pittsburgh Pirates,Chicago Cubs,Pittsburgh Pirates,Chicago Cubs,2,1
2026-05-25,Baltimore Orioles,Tampa Bay Rays,Baltimore Orioles,Tampa Bay Rays,9,7
2026-05-25,Chicago White Sox,Minnesota Twins,Chicago White Sox,Minnesota Twins,3,1
2026-05-25,Milwaukee Brewers,St. Louis Cardinals,Milwaukee Brewers,St. Louis Cardinals,5,1
2026-05-25,Kansas City Royals,New York Yankees,New York Yankees,Kansas City Royals,4,3
2026-05-25,New York Mets,Cincinnati Reds,Cincinnati Reds,New York Mets,7,2
2026-05-25,San Francisco Giants,Arizona Diamondbacks,Arizona Diamondbacks,San Francisco Giants,6,2
2026-05-25,Cleveland Guardians,Washington Nationals,Washington Nationals,Cleveland Guardians,10,2
2026-05-25,San Diego Padres,Philadelphia Phillies,Philadelphia Phillies,San Diego Padres,3,0
2026-05-25,Texas Rangers,Houston Astros,Houston Astros,Texas Rangers,9,0
2026-05-25,Toronto Blue Jays,Miami Marlins,Miami Marlins,Toronto Blue Jays,8,2
2026-05-25,Los Angeles Dodgers,Colorado Rockies,Los Angeles Dodgers,Colorado Rockies,5,3
2026-05-25,Athletics,Seattle Mariners,Seattle Mariners,Athletics,9,2
2026-05-26,Cleveland Guardians,Washington Nationals,Washington Nationals,Cleveland Guardians,6,3
2026-05-26,Baltimore Orioles,Tampa Bay Rays,Baltimore Orioles,Tampa Bay Rays,6,1
2026-05-26,Detroit Tigers,Los Angeles Angels,Los Angeles Angels,Detroit Tigers,10,6
2026-05-26,Pittsburgh Pirates,Chicago Cubs,Pittsburgh Pirates,Chicago Cubs,11,1
2026-05-26,Boston Red Sox,Atlanta Braves,Atlanta Braves,Boston Red Sox,7,6
2026-05-26,Toronto Blue Jays,Miami Marlins,Toronto Blue Jays,Miami Marlins,8,1
2026-05-26,New York Mets,Cincinnati Reds,Cincinnati Reds,New York Mets,7,2
2026-05-26,Chicago White Sox,Minnesota Twins,Minnesota Twins,Chicago White Sox,5,3
2026-05-26,Kansas City Royals,New York Yankees,New York Yankees,Kansas City Royals,11,1
2026-05-26,Milwaukee Brewers,St. Louis Cardinals,Milwaukee Brewers,St. Louis Cardinals,6,0
2026-05-26,Texas Rangers,Houston Astros,Texas Rangers,Houston Astros,10,7
2026-05-26,Athletics,Seattle Mariners,Seattle Mariners,Athletics,4,1
2026-05-26,San Diego Padres,Philadelphia Phillies,Philadelphia Phillies,San Diego Padres,4,3
2026-05-26,San Francisco Giants,Arizona Diamondbacks,Arizona Diamondbacks,San Francisco Giants,7,5
2026-05-26,Los Angeles Dodgers,Colorado Rockies,Los Angeles Dodgers,Colorado Rockies,15,6
2026-05-27,Toronto Blue Jays,Miami Marlins,Toronto Blue Jays,Miami Marlins,2,1
2026-05-27,Cleveland Guardians,Washington Nationals,Cleveland Guardians,Washington Nationals,3,2
2026-05-27,Milwaukee Brewers,St. Louis Cardinals,Milwaukee Brewers,St. Louis Cardinals,2,1
2026-05-27,Athletics,Seattle Mariners,Seattle Mariners,Athletics,9,1
2026-05-27,San Francisco Giants,Arizona Diamondbacks,Arizona Diamondbacks,San Francisco Giants,3,2
2026-05-27,San Diego Padres,Philadelphia Phillies,Philadelphia Phillies,San Diego Padres,3,0
2026-05-27,Baltimore Orioles,Tampa Bay Rays,Baltimore Orioles,Tampa Bay Rays,11,2
2026-05-27,Detroit Tigers,Los Angeles Angels,Detroit Tigers,Los Angeles Angels,4,0
2026-05-27,Pittsburgh Pirates,Chicago Cubs,Chicago Cubs,Pittsburgh Pirates,10,4
2026-05-27,Boston Red Sox,Atlanta Braves,Boston Red Sox,Atlanta Braves,8,0
2026-05-27,New York Mets,Cincinnati Reds,New York Mets,Cincinnati Reds,4,2
2026-05-27,Chicago White Sox,Minnesota Twins,Chicago White Sox,Minnesota Twins,12,2
2026-05-27,Kansas City Royals,New York Yankees,New York Yankees,Kansas City Royals,7,0
2026-05-27,Texas Rangers,Houston Astros,Houston Astros,Texas Rangers,4,3
2026-05-27,Los Angeles Dodgers,Colorado Rockies,Los Angeles Dodgers,Colorado Rockies,4,1
2026-05-28,Detroit Tigers,Los Angeles Angels,Los Angeles Angels,Detroit Tigers,7,1
2026-05-28,Chicago White Sox,Minnesota Twins,Chicago White Sox,Minnesota Twins,6,2
2026-05-28,Boston Red Sox,Atlanta Braves,Atlanta Braves,Boston Red Sox,10,2
2026-05-28,Baltimore Orioles,Toronto Blue Jays,Toronto Blue Jays,Baltimore Orioles,2,1
2026-05-28,Pittsburgh Pirates,Chicago Cubs,Chicago Cubs,Pittsburgh Pirates,7,2
2026-05-28,Texas Rangers,Houston Astros,Houston Astros,Texas Rangers,5,1
2026-05-29,Cincinnati Reds,Atlanta Braves,Atlanta Braves,Cincinnati Reds,8,3
2026-05-29,Washington Nationals,San Diego Padres,San Diego Padres,Washington Nationals,7,5
2026-05-29,Pittsburgh Pirates,Minnesota Twins,Pittsburgh Pirates,Minnesota Twins,6,5
2026-05-29,Baltimore Orioles,Toronto Blue Jays,Toronto Blue Jays,Baltimore Orioles,6,5
2026-05-29,Cleveland Guardians,Boston Red Sox,Cleveland Guardians,Boston Red Sox,4,3
2026-05-29,Tampa Bay Rays,Los Angeles Angels,Tampa Bay Rays,Los Angeles Angels,8,5
2026-05-29,New York Mets,Miami Marlins,New York Mets,Miami Marlins,9,7
2026-05-29,St. Louis Cardinals,Chicago Cubs,St. Louis Cardinals,Chicago Cubs,6,5
2026-05-29,Chicago White Sox,Detroit Tigers,Chicago White Sox,Detroit Tigers,4,3
2026-05-29,Texas Rangers,Kansas City Royals,Texas Rangers,Kansas City Royals,9,1
2026-05-29,Houston Astros,Milwaukee Brewers,Milwaukee Brewers,Houston Astros,5,4
2026-05-29,Colorado Rockies,San Francisco Giants,Colorado Rockies,San Francisco Giants,8,6
2026-05-29,Athletics,New York Yankees,New York Yankees,Athletics,8,2
2026-05-29,Seattle Mariners,Arizona Diamondbacks,Seattle Mariners,Arizona Diamondbacks,7,6
2026-05-29,Los Angeles Dodgers,Philadelphia Phillies,Los Angeles Dodgers,Philadelphia Phillies,4,2
2026-05-30,Chicago White Sox,Detroit Tigers,Chicago White Sox,Detroit Tigers,7,1
2026-05-30,Washington Nationals,San Diego Padres,Washington Nationals,San Diego Padres,9,4
2026-05-30,Texas Rangers,Kansas City Royals,Texas Rangers,Kansas City Royals,7,6
2026-05-30,Baltimore Orioles,Toronto Blue Jays,Baltimore Orioles,Toronto Blue Jays,6,5
2026-05-30,Pittsburgh Pirates,Minnesota Twins,Pittsburgh Pirates,Minnesota Twins,10,9
2026-05-30,Cleveland Guardians,Boston Red Sox,Boston Red Sox,Cleveland Guardians,9,1
2026-05-30,Tampa Bay Rays,Los Angeles Angels,Los Angeles Angels,Tampa Bay Rays,13,3
2026-05-30,New York Mets,Miami Marlins,New York Mets,Miami Marlins,6,1
2026-05-30,Houston Astros,Milwaukee Brewers,Houston Astros,Milwaukee Brewers,9,2
2026-05-30,St. Louis Cardinals,Chicago Cubs,Chicago Cubs,St. Louis Cardinals,6,1
2026-05-30,Cincinnati Reds,Atlanta Braves,Atlanta Braves,Cincinnati Reds,5,2
2026-05-30,Colorado Rockies,San Francisco Giants,Colorado Rockies,San Francisco Giants,8,3
2026-05-30,Athletics,New York Yankees,Athletics,New York Yankees,6,4
2026-05-30,Seattle Mariners,Arizona Diamondbacks,Seattle Mariners,Arizona Diamondbacks,5,1
2026-05-30,Los Angeles Dodgers,Philadelphia Phillies,Philadelphia Phillies,Los Angeles Dodgers,4,3
2026-05-31,Baltimore Orioles,Toronto Blue Jays,Baltimore Orioles,Toronto Blue Jays,9,5
2026-05-31,Washington Nationals,San Diego Padres,Washington Nationals,San Diego Padres,4,2
2026-05-31,Pittsburgh Pirates,Minnesota Twins,Pittsburgh Pirates,Minnesota Twins,9,3
2026-05-31,Cleveland Guardians,Boston Red Sox,Boston Red Sox,Cleveland Guardians,9,4
2026-05-31,Tampa Bay Rays,Los Angeles Angels,Tampa Bay Rays,Los Angeles Angels,5,2
2026-05-31,Cincinnati Reds,Atlanta Braves,Cincinnati Reds,Atlanta Braves,6,4
2026-05-31,New York Mets,Miami Marlins,New York Mets,Miami Marlins,10,1
2026-05-31,Chicago White Sox,Detroit Tigers,Chicago White Sox,Detroit Tigers,2,1
2026-05-31,Houston Astros,Milwaukee Brewers,Milwaukee Brewers,Houston Astros,2,0
2026-05-31,Texas Rangers,Kansas City Royals,Texas Rangers,Kansas City Royals,6,3
2026-05-31,Colorado Rockies,San Francisco Giants,San Francisco Giants,Colorado Rockies,16,6
2026-05-31,Athletics,New York Yankees,New York Yankees,Athletics,13,8
2026-05-31,Seattle Mariners,Arizona Diamondbacks,Seattle Mariners,Arizona Diamondbacks,3,2
2026-05-31,Los Angeles Dodgers,Philadelphia Phillies,Los Angeles Dodgers,Philadelphia Phillies,9,1
2026-05-31,St. Louis Cardinals,Chicago Cubs,St. Louis Cardinals,Chicago Cubs,5,1
2026-06-01,Tampa Bay Rays,Detroit Tigers,Detroit Tigers,Tampa Bay Rays,10,9
2026-06-01,Washington Nationals,Miami Marlins,Miami Marlins,Washington Nationals,7,3
2026-06-01,Cincinnati Reds,Kansas City Royals,Kansas City Royals,Cincinnati Reds,9,2
2026-06-01,Minnesota Twins,Chicago White Sox,Minnesota Twins,Chicago White Sox,9,6
2026-06-01,Milwaukee Brewers,San Francisco Giants,Milwaukee Brewers,San Francisco Giants,12,2
2026-06-01,St. Louis Cardinals,Texas Rangers,Texas Rangers,St. Louis Cardinals,2,1
2026-06-01,Los Angeles Angels,Colorado Rockies,Colorado Rockies,Los Angeles Angels,9,8
2026-06-01,Arizona Diamondbacks,Los Angeles Dodgers,Arizona Diamondbacks,Los Angeles Dodgers,4,1
2026-06-01,Seattle Mariners,New York Mets,Seattle Mariners,New York Mets,3,2
2026-06-02,Tampa Bay Rays,Detroit Tigers,Detroit Tigers,Tampa Bay Rays,8,0
2026-06-02,Philadelphia Phillies,San Diego Padres,Philadelphia Phillies,San Diego Padres,3,2
2026-06-02,Boston Red Sox,Baltimore Orioles,Baltimore Orioles,Boston Red Sox,4,2
2026-06-02,Washington Nationals,Miami Marlins,Miami Marlins,Washington Nationals,7,3
2026-06-02,New York Yankees,Cleveland Guardians,Cleveland Guardians,New York Yankees,9,4
2026-06-02,Cincinnati Reds,Kansas City Royals,Cincinnati Reds,Kansas City Royals,4,3
2026-06-02,Atlanta Braves,Toronto Blue Jays,Atlanta Braves,Toronto Blue Jays,4,3
2026-06-02,Minnesota Twins,Chicago White Sox,Minnesota Twins,Chicago White Sox,6,4
2026-06-02,Milwaukee Brewers,San Francisco Giants,Milwaukee Brewers,San Francisco Giants,8,3
2026-06-02,St. Louis Cardinals,Texas Rangers,Texas Rangers,St. Louis Cardinals,7,4
2026-06-02,Chicago Cubs,Athletics,Athletics,Chicago Cubs,2,1
2026-06-02,Houston Astros,Pittsburgh Pirates,Pittsburgh Pirates,Houston Astros,10,6
2026-06-02,Los Angeles Angels,Colorado Rockies,Colorado Rockies,Los Angeles Angels,8,2
2026-06-02,Arizona Diamondbacks,Los Angeles Dodgers,Los Angeles Dodgers,Arizona Diamondbacks,6,5
2026-06-02,Seattle Mariners,New York Mets,Seattle Mariners,New York Mets,8,3
2026-06-03,Washington Nationals,Miami Marlins,Miami Marlins,Washington Nationals,4,1
2026-06-03,Tampa Bay Rays,Detroit Tigers,Detroit Tigers,Tampa Bay Rays,7,2
2026-06-03,Minnesota Twins,Chicago White Sox,Chicago White Sox,Minnesota Twins,8,0
2026-06-03,Seattle Mariners,New York Mets,New York Mets,Seattle Mariners,7,1
2026-06-03,Philadelphia Phillies,San Diego Padres,Philadelphia Phillies,San Diego Padres,3,2
2026-06-03,Boston Red Sox,Baltimore Orioles,Boston Red Sox,Baltimore Orioles,8,1
2026-06-03,New York Yankees,Cleveland Guardians,Cleveland Guardians,New York Yankees,5,4
2026-06-03,Cincinnati Reds,Kansas City Royals,Kansas City Royals,Cincinnati Reds,5,2
2026-06-03,Atlanta Braves,Toronto Blue Jays,Atlanta Braves,Toronto Blue Jays,7,3
2026-06-03,Milwaukee Brewers,San Francisco Giants,San Francisco Giants,Milwaukee Brewers,1,0
2026-06-03,St. Louis Cardinals,Texas Rangers,St. Louis Cardinals,Texas Rangers,5,3
2026-06-03,Chicago Cubs,Athletics,Athletics,Chicago Cubs,5,4
2026-06-03,Houston Astros,Pittsburgh Pirates,Houston Astros,Pittsburgh Pirates,11,9
2026-06-03,Los Angeles Angels,Colorado Rockies,Los Angeles Angels,Colorado Rockies,11,4
2026-06-03,Arizona Diamondbacks,Los Angeles Dodgers,Los Angeles Dodgers,Arizona Diamondbacks,7,0
2026-06-04,Philadelphia Phillies,San Diego Padres,Philadelphia Phillies,San Diego Padres,6,4
2026-06-04,Boston Red Sox,Baltimore Orioles,Baltimore Orioles,Boston Red Sox,8,2
2026-06-04,New York Yankees,Cleveland Guardians,New York Yankees,Cleveland Guardians,2,1
2026-06-04,Milwaukee Brewers,San Francisco Giants,San Francisco Giants,Milwaukee Brewers,12,9
2026-06-04,Atlanta Braves,Toronto Blue Jays,Toronto Blue Jays,Atlanta Braves,7,2
2026-06-04,Minnesota Twins,Kansas City Royals,Kansas City Royals,Minnesota Twins,8,6
2026-06-04,Chicago Cubs,Athletics,Chicago Cubs,Athletics,7,6
2026-06-04,Houston Astros,Pittsburgh Pirates,Pittsburgh Pirates,Houston Astros,5,1
2026-06-04,Arizona Diamondbacks,Los Angeles Dodgers,Arizona Diamondbacks,Los Angeles Dodgers,3,2
2026-06-05,Chicago Cubs,San Francisco Giants,San Francisco Giants,Chicago Cubs,13,3
2026-06-05,Detroit Tigers,Seattle Mariners,Detroit Tigers,Seattle Mariners,7,3
2026-06-05,Philadelphia Phillies,Chicago White Sox,Philadelphia Phillies,Chicago White Sox,8,6
2026-06-05,New York Yankees,Boston Red Sox,Boston Red Sox,New York Yankees,5,3
2026-06-05,Toronto Blue Jays,Baltimore Orioles,Baltimore Orioles,Toronto Blue Jays,13,3
2026-06-05,Miami Marlins,Tampa Bay Rays,Tampa Bay Rays,Miami Marlins,6,0
2026-06-05,Atlanta Braves,Pittsburgh Pirates,Atlanta Braves,Pittsburgh Pirates,6,3
2026-06-05,Houston Astros,Athletics,Houston Astros,Athletics,5,1
2026-06-05,St. Louis Cardinals,Cincinnati Reds,St. Louis Cardinals,Cincinnati Reds,10,3
2026-06-05,Texas Rangers,Cleveland Guardians,Texas Rangers,Cleveland Guardians,3,2
2026-06-05,Minnesota Twins,Kansas City Royals,Minnesota Twins,Kansas City Royals,5,3
2026-06-05,Colorado Rockies,Milwaukee Brewers,Milwaukee Brewers,Colorado Rockies,9,7
2026-06-05,Arizona Diamondbacks,Washington Nationals,Washington Nationals,Arizona Diamondbacks,11,1
2026-06-05,San Diego Padres,New York Mets,New York Mets,San Diego Padres,5,0
2026-06-05,Los Angeles Dodgers,Los Angeles Angels,Los Angeles Dodgers,Los Angeles Angels,1,0
2026-06-06,Detroit Tigers,Seattle Mariners,Seattle Mariners,Detroit Tigers,4,0
2026-06-06,Minnesota Twins,Kansas City Royals,Kansas City Royals,Minnesota Twins,3,2
2026-06-06,St. Louis Cardinals,Cincinnati Reds,St. Louis Cardinals,Cincinnati Reds,6,5
2026-06-06,Chicago Cubs,San Francisco Giants,Chicago Cubs,San Francisco Giants,3,2
2026-06-06,Toronto Blue Jays,Baltimore Orioles,Toronto Blue Jays,Baltimore Orioles,6,4
2026-06-06,Philadelphia Phillies,Chicago White Sox,Chicago White Sox,Philadelphia Phillies,6,3
2026-06-06,Arizona Diamondbacks,Washington Nationals,Washington Nationals,Arizona Diamondbacks,6,1
2026-06-06,Houston Astros,Athletics,Houston Astros,Athletics,12,2
2026-06-06,Atlanta Braves,Pittsburgh Pirates,Atlanta Braves,Pittsburgh Pirates,6,3
2026-06-06,Miami Marlins,Tampa Bay Rays,Miami Marlins,Tampa Bay Rays,4,3
2026-06-06,Texas Rangers,Cleveland Guardians,Cleveland Guardians,Texas Rangers,6,0
2026-06-06,Colorado Rockies,Milwaukee Brewers,Milwaukee Brewers,Colorado Rockies,7,1
2026-06-06,Los Angeles Dodgers,Los Angeles Angels,Los Angeles Dodgers,Los Angeles Angels,9,2
2026-06-06,San Diego Padres,New York Mets,San Diego Padres,New York Mets,3,2
2026-06-07,Atlanta Braves,Pittsburgh Pirates,Atlanta Braves,Pittsburgh Pirates,3,2
2026-06-07,Philadelphia Phillies,Chicago White Sox,Philadelphia Phillies,Chicago White Sox,9,5
2026-06-07,New York Yankees,Boston Red Sox,New York Yankees,Boston Red Sox,6,1
2026-06-07,Toronto Blue Jays,Baltimore Orioles,Toronto Blue Jays,Baltimore Orioles,6,4
2026-06-07,Detroit Tigers,Seattle Mariners,Detroit Tigers,Seattle Mariners,5,4
2026-06-07,Miami Marlins,Tampa Bay Rays,Miami Marlins,Tampa Bay Rays,4,1
2026-06-07,Houston Astros,Athletics,Athletics,Houston Astros,5,0
2026-06-07,Minnesota Twins,Kansas City Royals,Kansas City Royals,Minnesota Twins,6,5
2026-06-07,St. Louis Cardinals,Cincinnati Reds,St. Louis Cardinals,Cincinnati Reds,5,3
2026-06-07,Texas Rangers,Cleveland Guardians,Texas Rangers,Cleveland Guardians,10,0
2026-06-07,Colorado Rockies,Milwaukee Brewers,Milwaukee Brewers,Colorado Rockies,12,4
2026-06-07,Arizona Diamondbacks,Washington Nationals,Arizona Diamondbacks,Washington Nationals,5,1
2026-06-07,Los Angeles Dodgers,Los Angeles Angels,Los Angeles Angels,Los Angeles Dodgers,13,5
2026-06-07,San Diego Padres,New York Mets,New York Mets,San Diego Padres,7,3
2026-06-07,Chicago Cubs,San Francisco Giants,San Francisco Giants,Chicago Cubs,2,1
2026-06-08,Baltimore Orioles,Seattle Mariners,Seattle Mariners,Baltimore Orioles,6,3
2026-06-08,Tampa Bay Rays,Boston Red Sox,Tampa Bay Rays,Boston Red Sox,3,1
2026-06-08,Cleveland Guardians,New York Yankees,New York Yankees,Cleveland Guardians,7,5
2026-06-08,Toronto Blue Jays,Philadelphia Phillies,Philadelphia Phillies,Toronto Blue Jays,5,2
2026-06-08,Los Angeles Angels,Houston Astros,Houston Astros,Los Angeles Angels,5,4
2026-06-08,San Diego Padres,Cincinnati Reds,San Diego Padres,Cincinnati Reds,6,2
2026-06-08,San Francisco Giants,Washington Nationals,Washington Nationals,San Francisco Giants,4,3
2026-06-08,Athletics,Milwaukee Brewers,Milwaukee Brewers,Athletics,15,14
2026-06-09,Baltimore Orioles,Seattle Mariners,Seattle Mariners,Baltimore Orioles,6,5
2026-06-09,Pittsburgh Pirates,Los Angeles Dodgers,Los Angeles Dodgers,Pittsburgh Pirates,12,3
2026-06-09,Tampa Bay Rays,Boston Red Sox,Tampa Bay Rays,Boston Red Sox,4,3
2026-06-09,Detroit Tigers,Minnesota Twins,Detroit Tigers,Minnesota Twins,10,4
2026-06-09,Miami Marlins,Arizona Diamondbacks,Miami Marlins,Arizona Diamondbacks,10,6
2026-06-09,Cleveland Guardians,New York Yankees,New York Yankees,Cleveland Guardians,3,2
2026-06-09,Toronto Blue Jays,Philadelphia Phillies,Toronto Blue Jays,Philadelphia Phillies,3,2
2026-06-09,New York Mets,St. Louis Cardinals,St. Louis Cardinals,New York Mets,7,0
2026-06-09,Kansas City Royals,Texas Rangers,Kansas City Royals,Texas Rangers,5,3
2026-06-09,Chicago White Sox,Atlanta Braves,Chicago White Sox,Atlanta Braves,6,5
2026-06-09,Colorado Rockies,Chicago Cubs,Colorado Rockies,Chicago Cubs,7,3
2026-06-09,Los Angeles Angels,Houston Astros,Los Angeles Angels,Houston Astros,10,1
2026-06-09,San Diego Padres,Cincinnati Reds,Cincinnati Reds,San Diego Padres,5,3
2026-06-09,San Francisco Giants,Washington Nationals,Washington Nationals,San Francisco Giants,6,3
2026-06-09,Athletics,Milwaukee Brewers,Athletics,Milwaukee Brewers,7,5
2026-06-10,Tampa Bay Rays,Boston Red Sox,Tampa Bay Rays,Boston Red Sox,7,5
2026-06-10,Cleveland Guardians,New York Yankees,New York Yankees,Cleveland Guardians,8,4
2026-06-10,San Francisco Giants,Washington Nationals,San Francisco Giants,Washington Nationals,11,10
2026-06-10,San Diego Padres,Cincinnati Reds,San Diego Padres,Cincinnati Reds,5,4
2026-06-10,Baltimore Orioles,Seattle Mariners,Baltimore Orioles,Seattle Mariners,7,2
2026-06-10,Pittsburgh Pirates,Los Angeles Dodgers,Pittsburgh Pirates,Los Angeles Dodgers,9,8
2026-06-10,Detroit Tigers,Minnesota Twins,Minnesota Twins,Detroit Tigers,6,4
2026-06-10,Miami Marlins,Arizona Diamondbacks,Miami Marlins,Arizona Diamondbacks,8,0
2026-06-10,Toronto Blue Jays,Philadelphia Phillies,Philadelphia Phillies,Toronto Blue Jays,7,4
2026-06-10,New York Mets,St. Louis Cardinals,St. Louis Cardinals,New York Mets,9,2
2026-06-10,Kansas City Royals,Texas Rangers,Texas Rangers,Kansas City Royals,6,4
2026-06-10,Chicago White Sox,Atlanta Braves,Chicago White Sox,Atlanta Braves,2,1
2026-06-10,Colorado Rockies,Chicago Cubs,Colorado Rockies,Chicago Cubs,3,2
2026-06-10,Athletics,Milwaukee Brewers,Athletics,Milwaukee Brewers,4,3
2026-06-10,Los Angeles Angels,Houston Astros,Los Angeles Angels,Houston Astros,3,2
2026-06-11,New York Mets,St. Louis Cardinals,New York Mets,St. Louis Cardinals,5,4
2026-06-11,Detroit Tigers,Minnesota Twins,Detroit Tigers,Minnesota Twins,10,0
2026-06-11,Miami Marlins,Arizona Diamondbacks,Miami Marlins,Arizona Diamondbacks,2,0
2026-06-11,Kansas City Royals,Texas Rangers,Texas Rangers,Kansas City Royals,4,2
2026-06-11,Colorado Rockies,Chicago Cubs,Chicago Cubs,Colorado Rockies,9,3
2026-06-11,Pittsburgh Pirates,Los Angeles Dodgers,Los Angeles Dodgers,Pittsburgh Pirates,8,6
2026-06-11,Baltimore Orioles,Seattle Mariners,Baltimore Orioles,Seattle Mariners,7,5
2026-06-12,Pittsburgh Pirates,Miami Marlins,Miami Marlins,Pittsburgh Pirates,8,3
2026-06-12,Washington Nationals,Seattle Mariners,Seattle Mariners,Washington Nationals,10,2
2026-06-12,Baltimore Orioles,San Diego Padres,Baltimore Orioles,San Diego Padres,7,3
2026-06-12,Cleveland Guardians,Detroit Tigers,Cleveland Guardians,Detroit Tigers,3,2
2026-06-12,Boston Red Sox,Texas Rangers,Boston Red Sox,Texas Rangers,10,1
2026-06-12,Cincinnati Reds,Arizona Diamondbacks,Arizona Diamondbacks,Cincinnati Reds,5,2
2026-06-12,New York Mets,Atlanta Braves,New York Mets,Atlanta Braves,7,5
2026-06-12,Toronto Blue Jays,New York Yankees,Toronto Blue Jays,New York Yankees,8,5
2026-06-12,Chicago White Sox,Los Angeles Dodgers,Chicago White Sox,Los Angeles Dodgers,8,2
2026-06-12,Milwaukee Brewers,Philadelphia Phillies,Milwaukee Brewers,Philadelphia Phillies,6,0
2026-06-12,Kansas City Royals,Houston Astros,Houston Astros,Kansas City Royals,10,8
2026-06-12,Minnesota Twins,St. Louis Cardinals,Minnesota Twins,St. Louis Cardinals,9,8
2026-06-12,Los Angeles Angels,Tampa Bay Rays,Los Angeles Angels,Tampa Bay Rays,4,3
2026-06-12,Athletics,Colorado Rockies,Athletics,Colorado Rockies,6,4
2026-06-12,San Francisco Giants,Chicago Cubs,Chicago Cubs,San Francisco Giants,5,1
2026-06-13,Minnesota Twins,St. Louis Cardinals,St. Louis Cardinals,Minnesota Twins,9,6
2026-06-13,Toronto Blue Jays,New York Yankees,New York Yankees,Toronto Blue Jays,3,1
2026-06-13,Baltimore Orioles,San Diego Padres,San Diego Padres,Baltimore Orioles,9,3
2026-06-13,Washington Nationals,Seattle Mariners,Washington Nationals,Seattle Mariners,8,3
2026-06-13,Pittsburgh Pirates,Miami Marlins,Pittsburgh Pirates,Miami Marlins,3,2
2026-06-13,Cincinnati Reds,Arizona Diamondbacks,Cincinnati Reds,Arizona Diamondbacks,2,1
2026-06-13,Cleveland Guardians,Detroit Tigers,Cleveland Guardians,Detroit Tigers,3,1
2026-06-13,Boston Red Sox,Texas Rangers,Boston Red Sox,Texas Rangers,6,3
2026-06-13,New York Mets,Atlanta Braves,Atlanta Braves,New York Mets,3,1
2026-06-13,Chicago White Sox,Los Angeles Dodgers,Los Angeles Dodgers,Chicago White Sox,7,1
2026-06-13,Kansas City Royals,Houston Astros,Houston Astros,Kansas City Royals,8,7
2026-06-13,Milwaukee Brewers,Philadelphia Phillies,Philadelphia Phillies,Milwaukee Brewers,9,8
2026-06-13,Athletics,Colorado Rockies,Athletics,Colorado Rockies,7,5
2026-06-13,San Francisco Giants,Chicago Cubs,Chicago Cubs,San Francisco Giants,6,1
2026-06-13,Los Angeles Angels,Tampa Bay Rays,Los Angeles Angels,Tampa Bay Rays,8,0
2026-06-14,Pittsburgh Pirates,Miami Marlins,Miami Marlins,Pittsburgh Pirates,4,2
2026-06-14,Baltimore Orioles,San Diego Padres,San Diego Padres,Baltimore Orioles,5,2
2026-06-14,Washington Nationals,Seattle Mariners,Washington Nationals,Seattle Mariners,10,1
2026-06-14,Toronto Blue Jays,New York Yankees,New York Yankees,Toronto Blue Jays,8,3
2026-06-14,Cincinnati Reds,Arizona Diamondbacks,Arizona Diamondbacks,Cincinnati Reds,5,3
2026-06-14,New York Mets,Atlanta Braves,New York Mets,Atlanta Braves,8,1
2026-06-14,Kansas City Royals,Houston Astros,Kansas City Royals,Houston Astros,4,0
2026-06-14,Minnesota Twins,St. Louis Cardinals,Minnesota Twins,St. Louis Cardinals,5,4
2026-06-14,Chicago White Sox,Los Angeles Dodgers,Chicago White Sox,Los Angeles Dodgers,6,4
2026-06-14,Milwaukee Brewers,Philadelphia Phillies,Milwaukee Brewers,Philadelphia Phillies,4,0
2026-06-14,Athletics,Colorado Rockies,Colorado Rockies,Athletics,19,9
2026-06-14,San Francisco Giants,Chicago Cubs,San Francisco Giants,Chicago Cubs,5,1
2026-06-14,Los Angeles Angels,Tampa Bay Rays,Tampa Bay Rays,Los Angeles Angels,8,3
2026-06-14,Boston Red Sox,Texas Rangers,Texas Rangers,Boston Red Sox,6,4
2026-06-15,Philadelphia Phillies,Miami Marlins,Philadelphia Phillies,Miami Marlins,7,0
2026-06-15,Washington Nationals,Kansas City Royals,Washington Nationals,Kansas City Royals,7,3
2026-06-15,Cincinnati Reds,New York Mets,Cincinnati Reds,New York Mets,10,0
2026-06-15,St. Louis Cardinals,San Diego Padres,St. Louis Cardinals,San Diego Padres,3,0
2026-06-15,Chicago Cubs,Colorado Rockies,Chicago Cubs,Colorado Rockies,5,4
2026-06-15,Texas Rangers,Minnesota Twins,Minnesota Twins,Texas Rangers,4,2
2026-06-15,Houston Astros,Detroit Tigers,Detroit Tigers,Houston Astros,9,3
2026-06-15,Arizona Diamondbacks,Los Angeles Angels,Arizona Diamondbacks,Los Angeles Angels,4,3
2026-06-15,Athletics,Pittsburgh Pirates,Athletics,Pittsburgh Pirates,11,2
2026-06-15,Los Angeles Dodgers,Tampa Bay Rays,Los Angeles Dodgers,Tampa Bay Rays,4,3
2026-06-16,Philadelphia Phillies,Miami Marlins,Philadelphia Phillies,Miami Marlins,8,2
2026-06-16,Washington Nationals,Kansas City Royals,Washington Nationals,Kansas City Royals,6,4
2026-06-16,Boston Red Sox,Toronto Blue Jays,Toronto Blue Jays,Boston Red Sox,6,1
2026-06-16,New York Yankees,Chicago White Sox,New York Yankees,Chicago White Sox,12,2
2026-06-16,Cincinnati Reds,New York Mets,Cincinnati Reds,New York Mets,5,3
2026-06-16,Atlanta Braves,San Francisco Giants,San Francisco Giants,Atlanta Braves,7,2
2026-06-16,Milwaukee Brewers,Cleveland Guardians,Milwaukee Brewers,Cleveland Guardians,2,1
2026-06-16,St. Louis Cardinals,San Diego Padres,St. Louis Cardinals,San Diego Padres,3,2
2026-06-16,Chicago Cubs,Colorado Rockies,Colorado Rockies,Chicago Cubs,5,2
2026-06-16,Texas Rangers,Minnesota Twins,Minnesota Twins,Texas Rangers,12,2
2026-06-16,Houston Astros,Detroit Tigers,Houston Astros,Detroit Tigers,4,2
2026-06-16,Arizona Diamondbacks,Los Angeles Angels,Los Angeles Angels,Arizona Diamondbacks,7,0
2026-06-16,Athletics,Pittsburgh Pirates,Pittsburgh Pirates,Athletics,6,5
2026-06-16,Seattle Mariners,Baltimore Orioles,Seattle Mariners,Baltimore Orioles,3,1
2026-06-16,Los Angeles Dodgers,Tampa Bay Rays,Los Angeles Dodgers,Tampa Bay Rays,1,0
2026-06-17,Cincinnati Reds,New York Mets,New York Mets,Cincinnati Reds,9,1
2026-06-17,Washington Nationals,Kansas City Royals,Kansas City Royals,Washington Nationals,6,2
2026-06-17,Philadelphia Phillies,Miami Marlins,Miami Marlins,Philadelphia Phillies,12,4
2026-06-17,Atlanta Braves,San Francisco Giants,San Francisco Giants,Atlanta Braves,7,2
2026-06-17,Houston Astros,Detroit Tigers,Houston Astros,Detroit Tigers,4,2
2026-06-17,St. Louis Cardinals,San Diego Padres,San Diego Padres,St. Louis Cardinals,6,1
2026-06-17,Los Angeles Dodgers,Tampa Bay Rays,Los Angeles Dodgers,Tampa Bay Rays,5,4
2026-06-17,Arizona Diamondbacks,Los Angeles Angels,Arizona Diamondbacks,Los Angeles Angels,8,1
2026-06-17,Boston Red Sox,Toronto Blue Jays,Toronto Blue Jays,Boston Red Sox,3,0
2026-06-17,New York Yankees,Chicago White Sox,New York Yankees,Chicago White Sox,10,5
2026-06-17,Atlanta Braves,San Francisco Giants,San Francisco Giants,Atlanta Braves,7,5
2026-06-17,Milwaukee Brewers,Cleveland Guardians,Milwaukee Brewers,Cleveland Guardians,9,4
2026-06-17,Chicago Cubs,Colorado Rockies,Chicago Cubs,Colorado Rockies,8,6
2026-06-17,Athletics,Pittsburgh Pirates,Pittsburgh Pirates,Athletics,12,4
2026-06-17,Seattle Mariners,Baltimore Orioles,Baltimore Orioles,Seattle Mariners,5,3
2026-06-18,Boston Red Sox,Toronto Blue Jays,Toronto Blue Jays,Boston Red Sox,4,3
2026-06-18,Milwaukee Brewers,Cleveland Guardians,Cleveland Guardians,Milwaukee Brewers,4,2
2026-06-18,Texas Rangers,Minnesota Twins,Minnesota Twins,Texas Rangers,9,3
2026-06-18,Seattle Mariners,Baltimore Orioles,Seattle Mariners,Baltimore Orioles,3,0
2026-06-18,Philadelphia Phillies,New York Mets,New York Mets,Philadelphia Phillies,6,4
2026-06-18,New York Yankees,Chicago White Sox,Chicago White Sox,New York Yankees,5,1
2026-06-18,Kansas City Royals,St. Louis Cardinals,Kansas City Royals,St. Louis Cardinals,14,6
2026-06-18,Athletics,Los Angeles Angels,Athletics,Los Angeles Angels,5,0
2026-06-19,Chicago Cubs,Toronto Blue Jays,Chicago Cubs,Toronto Blue Jays,12,2
2026-06-19,Detroit Tigers,Chicago White Sox,Detroit Tigers,Chicago White Sox,4,3
2026-06-19,New York Yankees,Cincinnati Reds,New York Yankees,Cincinnati Reds,5,0
2026-06-19,Tampa Bay Rays,Washington Nationals,Tampa Bay Rays,Washington Nationals,5,2
2026-06-19,Miami Marlins,San Francisco Giants,Miami Marlins,San Francisco Giants,4,3
2026-06-19,Atlanta Braves,Milwaukee Brewers,Atlanta Braves,Milwaukee Brewers,3,2
2026-06-19,Texas Rangers,San Diego Padres,Texas Rangers,San Diego Padres,9,7
2026-06-19,Houston Astros,Cleveland Guardians,Houston Astros,Cleveland Guardians,9,3
2026-06-19,Kansas City Royals,St. Louis Cardinals,Kansas City Royals,St. Louis Cardinals,6,5
2026-06-19,Colorado Rockies,Pittsburgh Pirates,Colorado Rockies,Pittsburgh Pirates,4,3
2026-06-19,Athletics,Los Angeles Angels,Athletics,Los Angeles Angels,12,11
2026-06-19,Arizona Diamondbacks,Minnesota Twins,Arizona Diamondbacks,Minnesota Twins,9,5
2026-06-19,Los Angeles Dodgers,Baltimore Orioles,Los Angeles Dodgers,Baltimore Orioles,6,5
2026-06-19,Seattle Mariners,Boston Red Sox,Boston Red Sox,Seattle Mariners,6,2
2026-06-20,Detroit Tigers,Chicago White Sox,Detroit Tigers,Chicago White Sox,4,1
2026-06-20,New York Yankees,Cincinnati Reds,Cincinnati Reds,New York Yankees,10,2
2026-06-20,Chicago Cubs,Toronto Blue Jays,Toronto Blue Jays,Chicago Cubs,8,6
2026-06-20,Texas Rangers,San Diego Padres,San Diego Padres,Texas Rangers,6,4
2026-06-20,Tampa Bay Rays,Washington Nationals,Washington Nationals,Tampa Bay Rays,4,3
2026-06-20,Miami Marlins,San Francisco Giants,Miami Marlins,San Francisco Giants,6,3
2026-06-20,Atlanta Braves,Milwaukee Brewers,Atlanta Braves,Milwaukee Brewers,4,3
2026-06-20,Houston Astros,Cleveland Guardians,Cleveland Guardians,Houston Astros,8,1
2026-06-20,Philadelphia Phillies,New York Mets,Philadelphia Phillies,New York Mets,13,3
2026-06-20,Colorado Rockies,Pittsburgh Pirates,Colorado Rockies,Pittsburgh Pirates,2,1
2026-06-20,Athletics,Los Angeles Angels,Los Angeles Angels,Athletics,7,0
2026-06-20,Los Angeles Dodgers,Baltimore Orioles,Baltimore Orioles,Los Angeles Dodgers,3,2
2026-06-20,Seattle Mariners,Boston Red Sox,Boston Red Sox,Seattle Mariners,5,1
2026-06-20,Arizona Diamondbacks,Minnesota Twins,Minnesota Twins,Arizona Diamondbacks,16,8
2026-06-21,New York Yankees,Cincinnati Reds,Cincinnati Reds,New York Yankees,4,1
2026-06-21,Atlanta Braves,Milwaukee Brewers,Milwaukee Brewers,Atlanta Braves,9,4
2026-06-21,Tampa Bay Rays,Washington Nationals,Tampa Bay Rays,Washington Nationals,4,3
2026-06-21,Detroit Tigers,Chicago White Sox,Detroit Tigers,Chicago White Sox,5,4
2026-06-21,Miami Marlins,San Francisco Giants,Miami Marlins,San Francisco Giants,2,1
2026-06-21,Houston Astros,Cleveland Guardians,Houston Astros,Cleveland Guardians,2,1
2026-06-21,Kansas City Royals,St. Louis Cardinals,St. Louis Cardinals,Kansas City Royals,12,10
2026-06-21,Texas Rangers,San Diego Padres,Texas Rangers,San Diego Padres,4,3
2026-06-21,Colorado Rockies,Pittsburgh Pirates,Pittsburgh Pirates,Colorado Rockies,8,6
2026-06-21,Arizona Diamondbacks,Minnesota Twins,Minnesota Twins,Arizona Diamondbacks,4,2
2026-06-21,Athletics,Los Angeles Angels,Los Angeles Angels,Athletics,9,7
2026-06-21,Los Angeles Dodgers,Baltimore Orioles,Baltimore Orioles,Los Angeles Dodgers,11,1
2026-06-21,Seattle Mariners,Boston Red Sox,Seattle Mariners,Boston Red Sox,3,1
2026-06-21,Philadelphia Phillies,New York Mets,Philadelphia Phillies,New York Mets,6,2
2026-06-22,Detroit Tigers,New York Yankees,Detroit Tigers,New York Yankees,5,3
2026-06-22,Tampa Bay Rays,Kansas City Royals,Kansas City Royals,Tampa Bay Rays,2,1
2026-06-22,Miami Marlins,Texas Rangers,Texas Rangers,Miami Marlins,4,3
2026-06-22,Washington Nationals,Philadelphia Phillies,Washington Nationals,Philadelphia Phillies,4,1
2026-06-22,Toronto Blue Jays,Houston Astros,Toronto Blue Jays,Houston Astros,4,2
2026-06-22,Cincinnati Reds,Milwaukee Brewers,Milwaukee Brewers,Cincinnati Reds,2,1
2026-06-22,Minnesota Twins,Los Angeles Dodgers,Los Angeles Dodgers,Minnesota Twins,2,1
2026-06-22,Chicago White Sox,Cleveland Guardians,Chicago White Sox,Cleveland Guardians,6,5
2026-06-22,St. Louis Cardinals,Arizona Diamondbacks,St. Louis Cardinals,Arizona Diamondbacks,3,2
2026-06-22,Colorado Rockies,Boston Red Sox,Colorado Rockies,Boston Red Sox,3,2
2026-06-22,Los Angeles Angels,Baltimore Orioles,Baltimore Orioles,Los Angeles Angels,6,1
2026-06-22,San Diego Padres,Atlanta Braves,San Diego Padres,Atlanta Braves,1,0
2026-06-23,Toronto Blue Jays,Houston Astros,Houston Astros,Toronto Blue Jays,9,7
2026-06-23,Pittsburgh Pirates,Seattle Mariners,Seattle Mariners,Pittsburgh Pirates,3,2
2026-06-23,Tampa Bay Rays,Kansas City Royals,Kansas City Royals,Tampa Bay Rays,12,5
2026-06-23,Miami Marlins,Texas Rangers,Miami Marlins,Texas Rangers,6,4
2026-06-23,Detroit Tigers,New York Yankees,New York Yankees,Detroit Tigers,4,3
2026-06-23,Washington Nationals,Philadelphia Phillies,Philadelphia Phillies,Washington Nationals,14,9
2026-06-23,New York Mets,Chicago Cubs,Chicago Cubs,New York Mets,9,6
2026-06-23,Cincinnati Reds,Milwaukee Brewers,Milwaukee Brewers,Cincinnati Reds,2,0
2026-06-23,Minnesota Twins,Los Angeles Dodgers,Los Angeles Dodgers,Minnesota Twins,12,3
2026-06-23,Chicago White Sox,Cleveland Guardians,Chicago White Sox,Cleveland Guardians,2,1
2026-06-23,St. Louis Cardinals,Arizona Diamondbacks,Arizona Diamondbacks,St. Louis Cardinals,4,3
2026-06-23,Colorado Rockies,Boston Red Sox,Boston Red Sox,Colorado Rockies,5,2
2026-06-23,Los Angeles Angels,Baltimore Orioles,Los Angeles Angels,Baltimore Orioles,5,1
2026-06-23,San Diego Padres,Atlanta Braves,San Diego Padres,Atlanta Braves,7,6
2026-06-23,San Francisco Giants,Athletics,San Francisco Giants,Athletics,3,1
2026-06-24,Miami Marlins,Texas Rangers,Miami Marlins,Texas Rangers,4,2
2026-06-24,New York Mets,Chicago Cubs,Chicago Cubs,New York Mets,10,3
2026-06-24,New York Mets,Chicago Cubs,Chicago Cubs,New York Mets,10,5
2026-06-24,Chicago White Sox,Cleveland Guardians,Cleveland Guardians,Chicago White Sox,4,3
2026-06-24,Colorado Rockies,Boston Red Sox,Colorado Rockies,Boston Red Sox,8,6
2026-06-24,Los Angeles Angels,Baltimore Orioles,Los Angeles Angels,Baltimore Orioles,7,6
2026-06-24,Pittsburgh Pirates,Seattle Mariners,Pittsburgh Pirates,Seattle Mariners,11,1
2026-06-24,Tampa Bay Rays,Kansas City Royals,Tampa Bay Rays,Kansas City Royals,5,3
2026-06-24,Detroit Tigers,New York Yankees,New York Yankees,Detroit Tigers,4,2
2026-06-24,Washington Nationals,Philadelphia Phillies,Philadelphia Phillies,Washington Nationals,5,4
2026-06-24,Toronto Blue Jays,Houston Astros,Houston Astros,Toronto Blue Jays,3,1
2026-06-24,Cincinnati Reds,Milwaukee Brewers,Milwaukee Brewers,Cincinnati Reds,6,5
2026-06-24,Minnesota Twins,Los Angeles Dodgers,Los Angeles Dodgers,Minnesota Twins,4,3
2026-06-24,St. Louis Cardinals,Arizona Diamondbacks,Arizona Diamondbacks,St. Louis Cardinals,9,4
2026-06-24,San Diego Padres,Atlanta Braves,San Diego Padres,Atlanta Braves,5,2
2026-06-24,San Francisco Giants,Athletics,San Francisco Giants,Athletics,2,1
2026-06-25,Tampa Bay Rays,Kansas City Royals,Tampa Bay Rays,Kansas City Royals,12,2
2026-06-25,Pittsburgh Pirates,Seattle Mariners,Pittsburgh Pirates,Seattle Mariners,5,1
2026-06-25,San Francisco Giants,Athletics,Athletics,San Francisco Giants,9,6
2026-06-25,Detroit Tigers,Houston Astros,Houston Astros,Detroit Tigers,2,1
2026-06-25,Washington Nationals,Philadelphia Phillies,Philadelphia Phillies,Washington Nationals,10,5
2026-06-25,Toronto Blue Jays,Texas Rangers,Texas Rangers,Toronto Blue Jays,6,5
2026-06-25,New York Mets,Chicago Cubs,Chicago Cubs,New York Mets,4,3
2026-06-25,Boston Red Sox,New York Yankees,Boston Red Sox,New York Yankees,6,3
2026-06-26,Detroit Tigers,Houston Astros,Detroit Tigers,Houston Astros,8,0
2026-06-26,Pittsburgh Pirates,Cincinnati Reds,Cincinnati Reds,Pittsburgh Pirates,6,4
2026-06-26,Baltimore Orioles,Washington Nationals,Baltimore Orioles,Washington Nationals,3,1
2026-06-26,Toronto Blue Jays,Texas Rangers,Texas Rangers,Toronto Blue Jays,5,4
2026-06-26,Cleveland Guardians,Seattle Mariners,Seattle Mariners,Cleveland Guardians,3,1
2026-06-26,Tampa Bay Rays,Arizona Diamondbacks,Tampa Bay Rays,Arizona Diamondbacks,6,1
2026-06-26,New York Mets,Philadelphia Phillies,Philadelphia Phillies,New York Mets,2,1
2026-06-26,Boston Red Sox,New York Yankees,Boston Red Sox,New York Yankees,6,1
2026-06-26,Chicago White Sox,Kansas City Royals,Chicago White Sox,Kansas City Royals,11,1
2026-06-26,Milwaukee Brewers,Chicago Cubs,Milwaukee Brewers,Chicago Cubs,6,2
2026-06-26,Minnesota Twins,Colorado Rockies,Minnesota Twins,Colorado Rockies,9,8
2026-06-26,St. Louis Cardinals,Miami Marlins,Miami Marlins,St. Louis Cardinals,4,0
2026-06-26,Los Angeles Angels,Athletics,Athletics,Los Angeles Angels,9,3
2026-06-26,San Diego Padres,Los Angeles Dodgers,San Diego Padres,Los Angeles Dodgers,7,1
2026-06-26,San Francisco Giants,Atlanta Braves,Atlanta Braves,San Francisco Giants,3,1
2026-06-27,Detroit Tigers,Houston Astros,Houston Astros,Detroit Tigers,8,6
2026-06-27,Boston Red Sox,New York Yankees,Boston Red Sox,New York Yankees,4,1
2026-06-27,Toronto Blue Jays,Texas Rangers,Texas Rangers,Toronto Blue Jays,7,4
2026-06-27,Pittsburgh Pirates,Cincinnati Reds,Cincinnati Reds,Pittsburgh Pirates,9,7
2026-06-27,New York Mets,Philadelphia Phillies,New York Mets,Philadelphia Phillies,6,2
2026-06-27,Chicago White Sox,Kansas City Royals,Chicago White Sox,Kansas City Royals,2,1
2026-06-27,Tampa Bay Rays,Arizona Diamondbacks,Tampa Bay Rays,Arizona Diamondbacks,4,2
2026-06-27,Baltimore Orioles,Washington Nationals,Washington Nationals,Baltimore Orioles,4,3
2026-06-27,Cleveland Guardians,Seattle Mariners,Cleveland Guardians,Seattle Mariners,4,3
2026-06-27,Minnesota Twins,Colorado Rockies,Colorado Rockies,Minnesota Twins,8,5
2026-06-27,Milwaukee Brewers,Chicago Cubs,Chicago Cubs,Milwaukee Brewers,8,2
2026-06-27,St. Louis Cardinals,Miami Marlins,Miami Marlins,St. Louis Cardinals,5,1
2026-06-27,San Diego Padres,Los Angeles Dodgers,Los Angeles Dodgers,San Diego Padres,13,3
2026-06-27,San Francisco Giants,Atlanta Braves,San Francisco Giants,Atlanta Braves,5,0
2026-06-27,Los Angeles Angels,Athletics,Los Angeles Angels,Athletics,5,2
2026-06-28,Baltimore Orioles,Washington Nationals,Washington Nationals,Baltimore Orioles,6,4
2026-06-28,Pittsburgh Pirates,Cincinnati Reds,Pittsburgh Pirates,Cincinnati Reds,9,4
2026-06-28,Toronto Blue Jays,Texas Rangers,Texas Rangers,Toronto Blue Jays,3,2
2026-06-28,Detroit Tigers,Houston Astros,Houston Astros,Detroit Tigers,7,5
2026-06-28,Cleveland Guardians,Seattle Mariners,Cleveland Guardians,Seattle Mariners,6,5
2026-06-28,Tampa Bay Rays,Arizona Diamondbacks,Tampa Bay Rays,Arizona Diamondbacks,5,1
2026-06-28,New York Mets,Philadelphia Phillies,Philadelphia Phillies,New York Mets,5,4
2026-06-28,Minnesota Twins,Colorado Rockies,Minnesota Twins,Colorado Rockies,3,2
2026-06-28,Chicago White Sox,Kansas City Royals,Kansas City Royals,Chicago White Sox,5,4
2026-06-28,Milwaukee Brewers,Chicago Cubs,Chicago Cubs,Milwaukee Brewers,4,3
2026-06-28,St. Louis Cardinals,Miami Marlins,St. Louis Cardinals,Miami Marlins,2,1
2026-06-28,Los Angeles Angels,Athletics,Los Angeles Angels,Athletics,4,1
2026-06-28,San Francisco Giants,Atlanta Braves,San Francisco Giants,Atlanta Braves,3,2
2026-06-28,San Diego Padres,Los Angeles Dodgers,Los Angeles Dodgers,San Diego Padres,4,2
2026-06-28,Boston Red Sox,New York Yankees,Boston Red Sox,New York Yankees,5,4
2026-06-29,Baltimore Orioles,Chicago White Sox,Chicago White Sox,Baltimore Orioles,8,2
2026-06-29,Philadelphia Phillies,Pittsburgh Pirates,Pittsburgh Pirates,Philadelphia Phillies,11,7
2026-06-29,New York Yankees,Detroit Tigers,Detroit Tigers,New York Yankees,7,3
2026-06-29,Toronto Blue Jays,New York Mets,Toronto Blue Jays,New York Mets,2,1
2026-06-29,Boston Red Sox,Washington Nationals,Boston Red Sox,Washington Nationals,6,3
2026-06-29,Cleveland Guardians,Texas Rangers,Texas Rangers,Cleveland Guardians,6,3
2026-06-29,Milwaukee Brewers,Cincinnati Reds,Milwaukee Brewers,Cincinnati Reds,5,3
2026-06-29,Chicago Cubs,San Diego Padres,Chicago Cubs,San Diego Padres,3,2
2026-06-29,Houston Astros,Minnesota Twins,Minnesota Twins,Houston Astros,5,4
2026-06-29,Colorado Rockies,Miami Marlins,Miami Marlins,Colorado Rockies,10,7
2026-06-29,Athletics,Los Angeles Dodgers,Los Angeles Dodgers,Athletics,9,4
2026-06-29,Seattle Mariners,Los Angeles Angels,Seattle Mariners,Los Angeles Angels,6,2
2026-06-29,Arizona Diamondbacks,San Francisco Giants,Arizona Diamondbacks,San Francisco Giants,5,4
2026-06-30,Baltimore Orioles,Chicago White Sox,Chicago White Sox,Baltimore Orioles,9,3
2026-06-30,Cleveland Guardians,Texas Rangers,Texas Rangers,Cleveland Guardians,4,2
2026-06-30,Philadelphia Phillies,Pittsburgh Pirates,Philadelphia Phillies,Pittsburgh Pirates,8,0
2026-06-30,New York Yankees,Detroit Tigers,Detroit Tigers,New York Yankees,9,3
2026-06-30,Toronto Blue Jays,New York Mets,New York Mets,Toronto Blue Jays,3,0
2026-06-30,Boston Red Sox,Washington Nationals,Washington Nationals,Boston Red Sox,8,1
2026-06-30,Atlanta Braves,St. Louis Cardinals,St. Louis Cardinals,Atlanta Braves,5,3
2026-06-30,Kansas City Royals,Tampa Bay Rays,Tampa Bay Rays,Kansas City Royals,10,4
2026-06-30,Milwaukee Brewers,Cincinnati Reds,Milwaukee Brewers,Cincinnati Reds,7,2
2026-06-30,Chicago Cubs,San Diego Padres,Chicago Cubs,San Diego Padres,9,7
2026-06-30,Houston Astros,Minnesota Twins,Houston Astros,Minnesota Twins,6,4
2026-06-30,Colorado Rockies,Miami Marlins,Miami Marlins,Colorado Rockies,13,3
2026-06-30,Athletics,Los Angeles Dodgers,Los Angeles Dodgers,Athletics,9,3
2026-06-30,Seattle Mariners,Los Angeles Angels,Seattle Mariners,Los Angeles Angels,8,3
2026-06-30,Arizona Diamondbacks,San Francisco Giants,Arizona Diamondbacks,San Francisco Giants,8,2
2026-07-01,Baltimore Orioles,Chicago White Sox,Baltimore Orioles,Chicago White Sox,6,1
2026-07-01,Cleveland Guardians,Texas Rangers,Cleveland Guardians,Texas Rangers,9,4
2026-07-01,Boston Red Sox,Washington Nationals,Washington Nationals,Boston Red Sox,10,2
2026-07-01,New York Yankees,Detroit Tigers,Detroit Tigers,New York Yankees,6,2
2026-07-01,Chicago Cubs,San Diego Padres,Chicago Cubs,San Diego Padres,13,3
2026-07-01,Toronto Blue Jays,New York Mets,Toronto Blue Jays,New York Mets,9,3
2026-07-01,Philadelphia Phillies,Pittsburgh Pirates,Philadelphia Phillies,Pittsburgh Pirates,10,6
2026-07-01,Atlanta Braves,St. Louis Cardinals,Atlanta Braves,St. Louis Cardinals,5,1
2026-07-01,Kansas City Royals,Tampa Bay Rays,Tampa Bay Rays,Kansas City Royals,4,0
2026-07-01,Houston Astros,Minnesota Twins,Minnesota Twins,Houston Astros,8,3
2026-07-01,Milwaukee Brewers,Cincinnati Reds,Milwaukee Brewers,Cincinnati Reds,4,2
2026-07-01,Colorado Rockies,Miami Marlins,Colorado Rockies,Miami Marlins,6,3
2026-07-01,Athletics,Los Angeles Dodgers,Athletics,Los Angeles Dodgers,7,1
2026-07-01,Arizona Diamondbacks,San Francisco Giants,San Francisco Giants,Arizona Diamondbacks,6,4
2026-07-02,Philadelphia Phillies,Pittsburgh Pirates,Pittsburgh Pirates,Philadelphia Phillies,6,1
2026-07-02,Milwaukee Brewers,Cincinnati Reds,Cincinnati Reds,Milwaukee Brewers,7,2
2026-07-02,Colorado Rockies,Miami Marlins,Colorado Rockies,Miami Marlins,14,4
2026-07-02,Cleveland Guardians,Chicago White Sox,Cleveland Guardians,Chicago White Sox,6,5
2026-07-02,Atlanta Braves,St. Louis Cardinals,St. Louis Cardinals,Atlanta Braves,11,5
2026-07-02,Kansas City Royals,Tampa Bay Rays,Tampa Bay Rays,Kansas City Royals,5,2
2026-07-02,Texas Rangers,Detroit Tigers,Texas Rangers,Detroit Tigers,10,4
2026-07-02,Seattle Mariners,Los Angeles Angels,Seattle Mariners,Los Angeles Angels,1,0
2026-07-02,Los Angeles Dodgers,San Diego Padres,Los Angeles Dodgers,San Diego Padres,12,7
2026-07-03,Chicago Cubs,St. Louis Cardinals,St. Louis Cardinals,Chicago Cubs,11,1
2026-07-03,Washington Nationals,Pittsburgh Pirates,Washington Nationals,Pittsburgh Pirates,9,5
2026-07-03,New York Yankees,Minnesota Twins,New York Yankees,Minnesota Twins,5,2
2026-07-03,Cincinnati Reds,Baltimore Orioles,Baltimore Orioles,Cincinnati Reds,3,0
2026-07-03,Cleveland Guardians,Chicago White Sox,Cleveland Guardians,Chicago White Sox,4,3
2026-07-03,Atlanta Braves,New York Mets,Atlanta Braves,New York Mets,5,3
2026-07-03,Colorado Rockies,San Francisco Giants,Colorado Rockies,San Francisco Giants,13,3
2026-07-03,Houston Astros,Tampa Bay Rays,Tampa Bay Rays,Houston Astros,3,1
2026-07-03,Los Angeles Angels,Boston Red Sox,Boston Red Sox,Los Angeles Angels,5,2
2026-07-03,Athletics,Miami Marlins,Miami Marlins,Athletics,12,5
2026-07-03,Arizona Diamondbacks,Milwaukee Brewers,Milwaukee Brewers,Arizona Diamondbacks,7,4
2026-07-03,Los Angeles Dodgers,San Diego Padres,Los Angeles Dodgers,San Diego Padres,4,3
2026-07-03,Seattle Mariners,Toronto Blue Jays,Toronto Blue Jays,Seattle Mariners,2,0
2026-07-04,Washington Nationals,Pittsburgh Pirates,Pittsburgh Pirates,Washington Nationals,7,1
2026-07-04,New York Yankees,Minnesota Twins,Minnesota Twins,New York Yankees,11,4
2026-07-04,Texas Rangers,Detroit Tigers,Detroit Tigers,Texas Rangers,3,0
2026-07-04,Seattle Mariners,Toronto Blue Jays,Seattle Mariners,Toronto Blue Jays,10,0
2026-07-04,Cincinnati Reds,Baltimore Orioles,Baltimore Orioles,Cincinnati Reds,8,5
2026-07-04,Houston Astros,Tampa Bay Rays,Houston Astros,Tampa Bay Rays,10,8
2026-07-04,Cleveland Guardians,Chicago White Sox,Chicago White Sox,Cleveland Guardians,3,1
2026-07-04,Chicago Cubs,St. Louis Cardinals,St. Louis Cardinals,Chicago Cubs,3,0
2026-07-04,Atlanta Braves,New York Mets,Atlanta Braves,New York Mets,13,3
2026-07-04,Colorado Rockies,San Francisco Giants,San Francisco Giants,Colorado Rockies,6,4
2026-07-04,Kansas City Royals,Philadelphia Phillies,Philadelphia Phillies,Kansas City Royals,6,1
2026-07-04,Los Angeles Angels,Boston Red Sox,Boston Red Sox,Los Angeles Angels,8,1
2026-07-04,Athletics,Miami Marlins,Miami Marlins,Athletics,7,2
2026-07-04,Arizona Diamondbacks,Milwaukee Brewers,Arizona Diamondbacks,Milwaukee Brewers,4,3
2026-07-04,Los Angeles Dodgers,San Diego Padres,Los Angeles Dodgers,San Diego Padres,3,0
2026-07-05,Atlanta Braves,New York Mets,New York Mets,Atlanta Braves,10,9
2026-07-05,Washington Nationals,Pittsburgh Pirates,Pittsburgh Pirates,Washington Nationals,11,5
2026-07-05,Cincinnati Reds,Baltimore Orioles,Cincinnati Reds,Baltimore Orioles,3,2
2026-07-05,New York Yankees,Minnesota Twins,Minnesota Twins,New York Yankees,6,1
2026-07-05,Cleveland Guardians,Chicago White Sox,Chicago White Sox,Cleveland Guardians,7,6
2026-07-05,Chicago Cubs,St. Louis Cardinals,Chicago Cubs,St. Louis Cardinals,6,4
2026-07-05,Kansas City Royals,Philadelphia Phillies,Kansas City Royals,Philadelphia Phillies,5,2
2026-07-05,Houston Astros,Tampa Bay Rays,Houston Astros,Tampa Bay Rays,2,0
2026-07-05,Texas Rangers,Detroit Tigers,Detroit Tigers,Texas Rangers,6,3
2026-07-05,Colorado Rockies,San Francisco Giants,Colorado Rockies,San Francisco Giants,7,6
2026-07-05,Arizona Diamondbacks,Milwaukee Brewers,Milwaukee Brewers,Arizona Diamondbacks,3,2
2026-07-05,Athletics,Miami Marlins,Miami Marlins,Athletics,9,8
2026-07-05,Seattle Mariners,Toronto Blue Jays,Seattle Mariners,Toronto Blue Jays,4,0
2026-07-05,Los Angeles Dodgers,San Diego Padres,San Diego Padres,Los Angeles Dodgers,5,2
2026-07-05,Los Angeles Angels,Boston Red Sox,Boston Red Sox,Los Angeles Angels,7,5
2026-07-06,Kansas City Royals,Philadelphia Phillies,Kansas City Royals,Philadelphia Phillies,11,1
2026-07-06,Tampa Bay Rays,New York Yankees,New York Yankees,Tampa Bay Rays,5,1
2026-07-06,Washington Nationals,Houston Astros,Washington Nationals,Houston Astros,12,11
2026-07-06,Atlanta Braves,New York Mets,New York Mets,Atlanta Braves,7,6
2026-07-06,St. Louis Cardinals,Milwaukee Brewers,Milwaukee Brewers,St. Louis Cardinals,4,3
2026-07-06,San Diego Padres,Arizona Diamondbacks,Arizona Diamondbacks,San Diego Padres,8,0
2026-07-06,San Francisco Giants,Toronto Blue Jays,San Francisco Giants,Toronto Blue Jays,10,1
2026-07-06,Los Angeles Dodgers,Colorado Rockies,Los Angeles Dodgers,Colorado Rockies,8,7
2026-07-07,St. Louis Cardinals,Milwaukee Brewers,Milwaukee Brewers,St. Louis Cardinals,4,3
2026-07-07,St. Louis Cardinals,Milwaukee Brewers,Milwaukee Brewers,St. Louis Cardinals,10,2
2026-07-07,Baltimore Orioles,Chicago Cubs,Chicago Cubs,Baltimore Orioles,5,2
2026-07-07,Detroit Tigers,Athletics,Detroit Tigers,Athletics,6,2
2026-07-07,Pittsburgh Pirates,Atlanta Braves,Pittsburgh Pirates,Atlanta Braves,12,4
2026-07-07,Miami Marlins,Seattle Mariners,Miami Marlins,Seattle Mariners,6,5
2026-07-07,Tampa Bay Rays,New York Yankees,Tampa Bay Rays,New York Yankees,6,4
2026-07-07,Washington Nationals,Houston Astros,Houston Astros,Washington Nationals,6,3
2026-07-07,New York Mets,Kansas City Royals,Kansas City Royals,New York Mets,16,12
2026-07-07,Cincinnati Reds,Philadelphia Phillies,Philadelphia Phillies,Cincinnati Reds,4,1
2026-07-07,Minnesota Twins,Cleveland Guardians,Minnesota Twins,Cleveland Guardians,3,1
2026-07-07,Chicago White Sox,Boston Red Sox,Boston Red Sox,Chicago White Sox,8,1
2026-07-07,Texas Rangers,Los Angeles Angels,Texas Rangers,Los Angeles Angels,8,3
2026-07-07,San Diego Padres,Arizona Diamondbacks,San Diego Padres,Arizona Diamondbacks,4,1
2026-07-07,San Francisco Giants,Toronto Blue Jays,Toronto Blue Jays,San Francisco Giants,9,3
2026-07-07,Los Angeles Dodgers,Colorado Rockies,Colorado Rockies,Los Angeles Dodgers,4,3
2026-07-08,San Francisco Giants,Toronto Blue Jays,Toronto Blue Jays,San Francisco Giants,10,0
2026-07-08,Baltimore Orioles,Chicago Cubs,Chicago Cubs,Baltimore Orioles,9,7
2026-07-08,Detroit Tigers,Athletics,Detroit Tigers,Athletics,6,1
2026-07-08,Pittsburgh Pirates,Atlanta Braves,Atlanta Braves,Pittsburgh Pirates,3,0
2026-07-08,Miami Marlins,Seattle Mariners,Miami Marlins,Seattle Mariners,2,0
2026-07-08,Tampa Bay Rays,New York Yankees,Tampa Bay Rays,New York Yankees,3,0
2026-07-08,Washington Nationals,Houston Astros,Washington Nationals,Houston Astros,8,2
2026-07-08,New York Mets,Kansas City Royals,New York Mets,Kansas City Royals,6,2
2026-07-08,Cincinnati Reds,Philadelphia Phillies,Cincinnati Reds,Philadelphia Phillies,11,5
2026-07-08,Minnesota Twins,Cleveland Guardians,Minnesota Twins,Cleveland Guardians,6,5
2026-07-08,Chicago White Sox,Boston Red Sox,Boston Red Sox,Chicago White Sox,5,0
2026-07-08,St. Louis Cardinals,Milwaukee Brewers,St. Louis Cardinals,Milwaukee Brewers,5,1
2026-07-08,Texas Rangers,Los Angeles Angels,Los Angeles Angels,Texas Rangers,11,1
2026-07-08,Los Angeles Dodgers,Colorado Rockies,Los Angeles Dodgers,Colorado Rockies,4,3
2026-07-08,San Diego Padres,Arizona Diamondbacks,San Diego Padres,Arizona Diamondbacks,10,4
2026-07-09,Pittsburgh Pirates,Atlanta Braves,Atlanta Braves,Pittsburgh Pirates,10,5
2026-07-09,New York Mets,Kansas City Royals,New York Mets,Kansas City Royals,7,3
2026-07-09,Tampa Bay Rays,New York Yankees,New York Yankees,Tampa Bay Rays,12,4
2026-07-09,Baltimore Orioles,Chicago Cubs,Baltimore Orioles,Chicago Cubs,3,2
2026-07-09,Minnesota Twins,Cleveland Guardians,Cleveland Guardians,Minnesota Twins,5,2
2026-07-09,Chicago White Sox,Boston Red Sox,Boston Red Sox,Chicago White Sox,2,1
2026-07-09,Detroit Tigers,Athletics,Detroit Tigers,Athletics,4,1
2026-07-09,Miami Marlins,Seattle Mariners,Miami Marlins,Seattle Mariners,8,4
2026-07-09,Cincinnati Reds,Philadelphia Phillies,Philadelphia Phillies,Cincinnati Reds,1,0
2026-07-09,St. Louis Cardinals,Milwaukee Brewers,Milwaukee Brewers,St. Louis Cardinals,8,4
2026-07-09,Texas Rangers,Los Angeles Angels,Texas Rangers,Los Angeles Angels,7,6
2026-07-09,San Diego Padres,Arizona Diamondbacks,Arizona Diamondbacks,San Diego Padres,3,1
2026-07-09,San Francisco Giants,Colorado Rockies,San Francisco Giants,Colorado Rockies,8,2
2026-07-10,Detroit Tigers,Philadelphia Phillies,Detroit Tigers,Philadelphia Phillies,10,2
2026-07-10,Washington Nationals,New York Yankees,New York Yankees,Washington Nationals,5,3
2026-07-10,Baltimore Orioles,Kansas City Royals,Baltimore Orioles,Kansas City Royals,5,3
2026-07-10,Cincinnati Reds,Chicago Cubs,Cincinnati Reds,Chicago Cubs,4,0
2026-07-10,Tampa Bay Rays,Seattle Mariners,Tampa Bay Rays,Seattle Mariners,7,2
2026-07-10,Miami Marlins,Cleveland Guardians,Cleveland Guardians,Miami Marlins,3,2
2026-07-10,New York Mets,Boston Red Sox,Boston Red Sox,New York Mets,6,2
2026-07-10,Chicago White Sox,Athletics,Chicago White Sox,Athletics,11,1
2026-07-10,Texas Rangers,Houston Astros,Texas Rangers,Houston Astros,7,3
2026-07-10,Minnesota Twins,Los Angeles Angels,Los Angeles Angels,Minnesota Twins,4,3
2026-07-10,St. Louis Cardinals,Atlanta Braves,St. Louis Cardinals,Atlanta Braves,2,1
2026-07-10,San Diego Padres,Toronto Blue Jays,Toronto Blue Jays,San Diego Padres,5,3
2026-07-10,Los Angeles Dodgers,Arizona Diamondbacks,Arizona Diamondbacks,Los Angeles Dodgers,9,3
2026-07-10,San Francisco Giants,Colorado Rockies,Colorado Rockies,San Francisco Giants,4,3
2026-07-11,Pittsburgh Pirates,Milwaukee Brewers,Pittsburgh Pirates,Milwaukee Brewers,7,6
2026-07-11,Pittsburgh Pirates,Milwaukee Brewers,Pittsburgh Pirates,Milwaukee Brewers,3,2
2026-07-11,Minnesota Twins,Los Angeles Angels,Minnesota Twins,Los Angeles Angels,5,3
2026-07-11,Chicago White Sox,Athletics,Chicago White Sox,Athletics,1,0
2026-07-11,San Francisco Giants,Colorado Rockies,San Francisco Giants,Colorado Rockies,4,2
2026-07-11,Washington Nationals,New York Yankees,New York Yankees,Washington Nationals,4,2
2026-07-11,New York Mets,Boston Red Sox,Boston Red Sox,New York Mets,4,0
2026-07-11,Tampa Bay Rays,Seattle Mariners,Tampa Bay Rays,Seattle Mariners,6,1
2026-07-11,Miami Marlins,Cleveland Guardians,Cleveland Guardians,Miami Marlins,4,1
2026-07-11,Detroit Tigers,Philadelphia Phillies,Philadelphia Phillies,Detroit Tigers,4,2
2026-07-11,Baltimore Orioles,Kansas City Royals,Baltimore Orioles,Kansas City Royals,6,1
2026-07-11,Texas Rangers,Houston Astros,Houston Astros,Texas Rangers,9,3
2026-07-11,Cincinnati Reds,Chicago Cubs,Chicago Cubs,Cincinnati Reds,5,3
2026-07-11,St. Louis Cardinals,Atlanta Braves,St. Louis Cardinals,Atlanta Braves,4,1
2026-07-11,San Diego Padres,Toronto Blue Jays,San Diego Padres,Toronto Blue Jays,8,7
2026-07-11,Los Angeles Dodgers,Arizona Diamondbacks,Arizona Diamondbacks,Los Angeles Dodgers,9,2
2026-07-12,Pittsburgh Pirates,Milwaukee Brewers,Pittsburgh Pirates,Milwaukee Brewers,14,5
2026-07-12,Baltimore Orioles,Kansas City Royals,Baltimore Orioles,Kansas City Royals,8,2
2026-07-12,Washington Nationals,New York Yankees,New York Yankees,Washington Nationals,5,3
2026-07-12,Cincinnati Reds,Chicago Cubs,Chicago Cubs,Cincinnati Reds,8,4
2026-07-12,New York Mets,Boston Red Sox,Boston Red Sox,New York Mets,3,2
2026-07-12,Tampa Bay Rays,Seattle Mariners,Seattle Mariners,Tampa Bay Rays,8,2
2026-07-12,Detroit Tigers,Philadelphia Phillies,Philadelphia Phillies,Detroit Tigers,5,0
2026-07-12,Miami Marlins,Cleveland Guardians,Cleveland Guardians,Miami Marlins,5,2
2026-07-12,Minnesota Twins,Los Angeles Angels,Minnesota Twins,Los Angeles Angels,4,2
2026-07-12,Chicago White Sox,Athletics,Chicago White Sox,Athletics,9,1
2026-07-12,St. Louis Cardinals,Atlanta Braves,Atlanta Braves,St. Louis Cardinals,4,3
2026-07-12,Texas Rangers,Houston Astros,Texas Rangers,Houston Astros,6,5
2026-07-12,San Francisco Giants,Colorado Rockies,San Francisco Giants,Colorado Rockies,3,1
2026-07-12,Los Angeles Dodgers,Arizona Diamondbacks,Arizona Diamondbacks,Los Angeles Dodgers,5,3
2026-07-12,San Diego Padres,Toronto Blue Jays,San Diego Padres,Toronto Blue Jays,5,4
2026-07-16,Philadelphia Phillies,New York Mets,New York Mets,Philadelphia Phillies,4,1
2026-07-17,Boston Red Sox,Tampa Bay Rays,Boston Red Sox,Tampa Bay Rays,10,0
2026-07-17,Boston Red Sox,Tampa Bay Rays,Boston Red Sox,Tampa Bay Rays,5,3
2026-07-17,New York Yankees,Los Angeles Dodgers,Los Angeles Dodgers,New York Yankees,2,1
2026-07-17,Atlanta Braves,Texas Rangers,Atlanta Braves,Texas Rangers,11,1
2026-07-17,Toronto Blue Jays,Chicago White Sox,Chicago White Sox,Toronto Blue Jays,12,4
2026-07-17,Milwaukee Brewers,Miami Marlins,Milwaukee Brewers,Miami Marlins,2,1
2026-07-17,Chicago Cubs,Minnesota Twins,Minnesota Twins,Chicago Cubs,5,2
2026-07-17,Houston Astros,Baltimore Orioles,Baltimore Orioles,Houston Astros,3,2
2026-07-17,Kansas City Royals,San Diego Padres,Kansas City Royals,San Diego Padres,7,6
2026-07-17,Colorado Rockies,Cincinnati Reds,Cincinnati Reds,Colorado Rockies,7,2
2026-07-17,Los Angeles Angels,Detroit Tigers,Detroit Tigers,Los Angeles Angels,2,1
2026-07-17,Athletics,Washington Nationals,Washington Nationals,Athletics,14,4
2026-07-17,Arizona Diamondbacks,St. Louis Cardinals,St. Louis Cardinals,Arizona Diamondbacks,5,4
2026-07-17,Seattle Mariners,San Francisco Giants,San Francisco Giants,Seattle Mariners,7,0
2026-07-18,Cleveland Guardians,Pittsburgh Pirates,Pittsburgh Pirates,Cleveland Guardians,7,1
2026-07-18,Cleveland Guardians,Pittsburgh Pirates,Cleveland Guardians,Pittsburgh Pirates,5,3
2026-07-18,Chicago Cubs,Minnesota Twins,Chicago Cubs,Minnesota Twins,6,2
2026-07-18,Philadelphia Phillies,New York Mets,Philadelphia Phillies,New York Mets,6,1
2026-07-18,Toronto Blue Jays,Chicago White Sox,Toronto Blue Jays,Chicago White Sox,1,0
2026-07-18,Colorado Rockies,Cincinnati Reds,Colorado Rockies,Cincinnati Reds,10,3
2026-07-18,Houston Astros,Baltimore Orioles,Baltimore Orioles,Houston Astros,4,2
2026-07-18,Kansas City Royals,San Diego Padres,Kansas City Royals,San Diego Padres,6,1
2026-07-18,Arizona Diamondbacks,St. Louis Cardinals,Arizona Diamondbacks,St. Louis Cardinals,5,3
2026-07-18,Boston Red Sox,Tampa Bay Rays,Boston Red Sox,Tampa Bay Rays,7,6
2026-07-18,Atlanta Braves,Texas Rangers,Texas Rangers,Atlanta Braves,7,6
2026-07-18,Milwaukee Brewers,Miami Marlins,Milwaukee Brewers,Miami Marlins,8,6
2026-07-18,Seattle Mariners,San Francisco Giants,Seattle Mariners,San Francisco Giants,4,3
2026-07-18,Athletics,Washington Nationals,Athletics,Washington Nationals,11,1
2026-07-18,Los Angeles Angels,Detroit Tigers,Detroit Tigers,Los Angeles Angels,7,0
2026-07-19,Toronto Blue Jays,Chicago White Sox,Chicago White Sox,Toronto Blue Jays,3,0
2026-07-19,New York Yankees,Los Angeles Dodgers,Los Angeles Dodgers,New York Yankees,8,2
2026-07-19,New York Yankees,Los Angeles Dodgers,New York Yankees,Los Angeles Dodgers,2,1
2026-07-19,Boston Red Sox,Tampa Bay Rays,Boston Red Sox,Tampa Bay Rays,6,1
2026-07-19,Philadelphia Phillies,New York Mets,New York Mets,Philadelphia Phillies,6,1
2026-07-19,Atlanta Braves,Texas Rangers,Atlanta Braves,Texas Rangers,8,5
2026-07-19,Cleveland Guardians,Pittsburgh Pirates,Pittsburgh Pirates,Cleveland Guardians,7,1
2026-07-19,Houston Astros,Baltimore Orioles,Baltimore Orioles,Houston Astros,5,2
2026-07-19,Kansas City Royals,San Diego Padres,San Diego Padres,Kansas City Royals,12,2
2026-07-19,Milwaukee Brewers,Miami Marlins,Milwaukee Brewers,Miami Marlins,3,1
2026-07-19,Chicago Cubs,Minnesota Twins,Chicago Cubs,Minnesota Twins,10,1
2026-07-19,Colorado Rockies,Cincinnati Reds,Cincinnati Reds,Colorado Rockies,9,6
2026-07-19,Athletics,Washington Nationals,Washington Nationals,Athletics,5,2
2026-07-19,Los Angeles Angels,Detroit Tigers,Los Angeles Angels,Detroit Tigers,3,2
2026-07-19,Seattle Mariners,San Francisco Giants,Seattle Mariners,San Francisco Giants,6,3
2026-07-19,Arizona Diamondbacks,St. Louis Cardinals,Arizona Diamondbacks,St. Louis Cardinals,8,7
2026-07-20,Cleveland Guardians,Minnesota Twins,Cleveland Guardians,Minnesota Twins,13,4
2026-07-20,New York Yankees,Pittsburgh Pirates,New York Yankees,Pittsburgh Pirates,8,5
2026-07-20,Toronto Blue Jays,Tampa Bay Rays,Tampa Bay Rays,Toronto Blue Jays,7,1
2026-07-20,Boston Red Sox,Baltimore Orioles,Boston Red Sox,Baltimore Orioles,6,5
2026-07-20,Philadelphia Phillies,Los Angeles Dodgers,Philadelphia Phillies,Los Angeles Dodgers,10,7
2026-07-20,Atlanta Braves,San Diego Padres,Atlanta Braves,San Diego Padres,3,2
2026-07-20,Kansas City Royals,San Francisco Giants,Kansas City Royals,San Francisco Giants,4,3
2026-07-20,Milwaukee Brewers,New York Mets,Milwaukee Brewers,New York Mets,8,3
2026-07-20,Chicago Cubs,Detroit Tigers,Detroit Tigers,Chicago Cubs,8,6
2026-07-20,Texas Rangers,Chicago White Sox,Chicago White Sox,Texas Rangers,10,3
2026-07-20,Houston Astros,Miami Marlins,Houston Astros,Miami Marlins,8,5
2026-07-20,Colorado Rockies,Washington Nationals,Washington Nationals,Colorado Rockies,7,3
2026-07-20,Arizona Diamondbacks,Athletics,Athletics,Arizona Diamondbacks,5,2
2026-07-20,Seattle Mariners,Cincinnati Reds,Seattle Mariners,Cincinnati Reds,8,0
2026-07-20,Los Angeles Angels,St. Louis Cardinals,Los Angeles Angels,St. Louis Cardinals,3,2
2026-07-21,Cleveland Guardians,Minnesota Twins,Cleveland Guardians,Minnesota Twins,5,2
2026-07-21,Philadelphia Phillies,Los Angeles Dodgers,Los Angeles Dodgers,Philadelphia Phillies,2,1
2026-07-21,Toronto Blue Jays,Tampa Bay Rays,Tampa Bay Rays,Toronto Blue Jays,12,2
2026-07-21,Atlanta Braves,San Diego Padres,San Diego Padres,Atlanta Braves,8,3
2026-07-21,Kansas City Royals,San Francisco Giants,Kansas City Royals,San Francisco Giants,3,2
2026-07-21,Milwaukee Brewers,New York Mets,New York Mets,Milwaukee Brewers,4,0
2026-07-21,Chicago Cubs,Detroit Tigers,Chicago Cubs,Detroit Tigers,11,2
2026-07-21,Texas Rangers,Chicago White Sox,Texas Rangers,Chicago White Sox,10,0
2026-07-21,Houston Astros,Miami Marlins,Houston Astros,Miami Marlins,5,3
2026-07-21,Colorado Rockies,Washington Nationals,Colorado Rockies,Washington Nationals,8,7
2026-07-21,Los Angeles Angels,St. Louis Cardinals,Los Angeles Angels,St. Louis Cardinals,5,1
2026-07-21,Arizona Diamondbacks,Athletics,Arizona Diamondbacks,Athletics,6,5
2026-07-21,Seattle Mariners,Cincinnati Reds,Cincinnati Reds,Seattle Mariners,4,2
2026-07-22,New York Yankees,Pittsburgh Pirates,Pittsburgh Pirates,New York Yankees,5,3
2026-07-22,New York Yankees,Pittsburgh Pirates,New York Yankees,Pittsburgh Pirates,2,0
2026-07-22,Boston Red Sox,Baltimore Orioles,Boston Red Sox,Baltimore Orioles,6,3
2026-07-22,Boston Red Sox,Baltimore Orioles,Baltimore Orioles,Boston Red Sox,5,1
2026-07-22,Kansas City Royals,San Francisco Giants,Kansas City Royals,San Francisco Giants,5,4
2026-07-22,Milwaukee Brewers,New York Mets,Milwaukee Brewers,New York Mets,4,3
2026-07-22,Colorado Rockies,Washington Nationals,Washington Nationals,Colorado Rockies,8,0
2026-07-22,Arizona Diamondbacks,Athletics,Arizona Diamondbacks,Athletics,15,5
2026-07-22,Seattle Mariners,Cincinnati Reds,Cincinnati Reds,Seattle Mariners,5,3
2026-07-22,Los Angeles Angels,St. Louis Cardinals,St. Louis Cardinals,Los Angeles Angels,1,0
2026-07-22,Cleveland Guardians,Minnesota Twins,Minnesota Twins,Cleveland Guardians,10,6
2026-07-22,Philadelphia Phillies,Los Angeles Dodgers,Los Angeles Dodgers,Philadelphia Phillies,9,5
2026-07-22,Toronto Blue Jays,Tampa Bay Rays,Tampa Bay Rays,Toronto Blue Jays,4,2
2026-07-22,Atlanta Braves,San Diego Padres,Atlanta Braves,San Diego Padres,7,6
2026-07-22,Texas Rangers,Chicago White Sox,Chicago White Sox,Texas Rangers,4,2
2026-07-22,Chicago Cubs,Detroit Tigers,Detroit Tigers,Chicago Cubs,5,1
2026-07-22,Houston Astros,Miami Marlins,Houston Astros,Miami Marlins,5,2
2026-07-23,Atlanta Braves,San Diego Padres,Atlanta Braves,San Diego Padres,6,5
2026-07-23,Cleveland Guardians,Minnesota Twins,Minnesota Twins,Cleveland Guardians,3,1
2026-07-23,Toronto Blue Jays,Tampa Bay Rays,Toronto Blue Jays,Tampa Bay Rays,3,1
2026-07-23,St. Louis Cardinals,Arizona Diamondbacks,Arizona Diamondbacks,St. Louis Cardinals,10,6
2026-07-23,Detroit Tigers,Kansas City Royals,Detroit Tigers,Kansas City Royals,4,3
2026-07-24,Milwaukee Brewers,Colorado Rockies,Colorado Rockies,Milwaukee Brewers,5,2
2026-07-24,Detroit Tigers,Kansas City Royals,Detroit Tigers,Kansas City Royals,2,1
2026-07-24,Pittsburgh Pirates,Chicago Cubs,Chicago Cubs,Pittsburgh Pirates,3,2
2026-07-24,Washington Nationals,Arizona Diamondbacks,Arizona Diamondbacks,Washington Nationals,3,2
2026-07-24,Philadelphia Phillies,New York Yankees,New York Yankees,Philadelphia Phillies,1,0
2026-07-24,Baltimore Orioles,Atlanta Braves,Atlanta Braves,Baltimore Orioles,7,6
2026-07-24,New York Mets,Los Angeles Dodgers,Los Angeles Dodgers,New York Mets,4,2
2026-07-24,Tampa Bay Rays,Cleveland Guardians,Tampa Bay Rays,Cleveland Guardians,11,3
2026-07-24,Miami Marlins,San Diego Padres,San Diego Padres,Miami Marlins,4,2
2026-07-24,Boston Red Sox,Toronto Blue Jays,Boston Red Sox,Toronto Blue Jays,6,4
2026-07-24,Chicago White Sox,Houston Astros,Houston Astros,Chicago White Sox,9,5
2026-07-24,Texas Rangers,Seattle Mariners,Texas Rangers,Seattle Mariners,5,4
2026-07-24,Minnesota Twins,Athletics,Athletics,Minnesota Twins,2,0
2026-07-24,St. Louis Cardinals,Cincinnati Reds,Cincinnati Reds,St. Louis Cardinals,4,2
2026-07-24,San Francisco Giants,Los Angeles Angels,San Francisco Giants,Los Angeles Angels,7,6
2026-07-25,Detroit Tigers,Kansas City Royals,Kansas City Royals,Detroit Tigers,3,2
2026-07-25,Washington Nationals,Arizona Diamondbacks,Washington Nationals,Arizona Diamondbacks,5,3
2026-07-25,San Francisco Giants,Los Angeles Angels,San Francisco Giants,Los Angeles Angels,9,2
2026-07-25,Boston Red Sox,Toronto Blue Jays,Toronto Blue Jays,Boston Red Sox,6,0
2026-07-25,Miami Marlins,San Diego Padres,San Diego Padres,Miami Marlins,7,2
2026-07-25,Philadelphia Phillies,New York Yankees,New York Yankees,Philadelphia Phillies,3,1
2026-07-25,Tampa Bay Rays,Cleveland Guardians,Tampa Bay Rays,Cleveland Guardians,3,0
2026-07-25,Pittsburgh Pirates,Chicago Cubs,Chicago Cubs,Pittsburgh Pirates,10,0
2026-07-25,Baltimore Orioles,Atlanta Braves,Baltimore Orioles,Atlanta Braves,3,2
2026-07-25,Minnesota Twins,Athletics,Minnesota Twins,Athletics,2,0
2026-07-25,Chicago White Sox,Houston Astros,Houston Astros,Chicago White Sox,4,1
2026-07-25,Milwaukee Brewers,Colorado Rockies,Milwaukee Brewers,Colorado Rockies,8,5
2026-07-25,New York Mets,Los Angeles Dodgers,Los Angeles Dodgers,New York Mets,4,3
2026-07-25,St. Louis Cardinals,Cincinnati Reds,St. Louis Cardinals,Cincinnati Reds,7,0
2026-07-25,Texas Rangers,Seattle Mariners,Texas Rangers,Seattle Mariners,7,1
2026-07-26,Tampa Bay Rays,Cleveland Guardians,Tampa Bay Rays,Cleveland Guardians,1,0
2026-07-26,Washington Nationals,Arizona Diamondbacks,Washington Nationals,Arizona Diamondbacks,10,7
2026-07-26,Pittsburgh Pirates,Chicago Cubs,Pittsburgh Pirates,Chicago Cubs,8,7
2026-07-26,Boston Red Sox,Toronto Blue Jays,Boston Red Sox,Toronto Blue Jays,6,1
2026-07-26,Baltimore Orioles,Atlanta Braves,Atlanta Braves,Baltimore Orioles,3,2
2026-07-26,Detroit Tigers,Kansas City Royals,Kansas City Royals,Detroit Tigers,5,4
2026-07-26,New York Mets,Los Angeles Dodgers,New York Mets,Los Angeles Dodgers,8,3
2026-07-26,Miami Marlins,San Diego Padres,San Diego Padres,Miami Marlins,5,3
2026-07-26,Minnesota Twins,Athletics,Minnesota Twins,Athletics,11,8
2026-07-26,Chicago White Sox,Houston Astros,Chicago White Sox,Houston Astros,12,3
2026-07-26,Milwaukee Brewers,Colorado Rockies,Milwaukee Brewers,Colorado Rockies,11,2
2026-07-26,St. Louis Cardinals,Cincinnati Reds,Cincinnati Reds,St. Louis Cardinals,5,3
2026-07-26,Texas Rangers,Seattle Mariners,Seattle Mariners,Texas Rangers,6,4
2026-07-26,San Francisco Giants,Los Angeles Angels,Los Angeles Angels,San Francisco Giants,4,3
2026-07-26,Philadelphia Phillies,New York Yankees,Philadelphia Phillies,New York Yankees,11,4
2026-07-27,Texas Rangers,Seattle Mariners,Texas Rangers,Seattle Mariners,7,3
2026-07-27,Detroit Tigers,Baltimore Orioles,Baltimore Orioles,Detroit Tigers,8,5
2026-07-27,Pittsburgh Pirates,Arizona Diamondbacks,Pittsburgh Pirates,Arizona Diamondbacks,3,2
2026-07-27,Miami Marlins,Philadelphia Phillies,Miami Marlins,Philadelphia Phillies,8,7
2026-07-27,Washington Nationals,Toronto Blue Jays,Toronto Blue Jays,Washington Nationals,3,2
2026-07-27,New York Mets,Atlanta Braves,New York Mets,Atlanta Braves,13,3
2026-07-27,Chicago White Sox,New York Yankees,New York Yankees,Chicago White Sox,9,5
2026-07-27,St. Louis Cardinals,Chicago Cubs,Chicago Cubs,St. Louis Cardinals,7,3
2026-07-27,Los Angeles Angels,Houston Astros,Houston Astros,Los Angeles Angels,6,4
2026-07-27,Athletics,Boston Red Sox,Boston Red Sox,Athletics,4,2
2026-07-27,San Francisco Giants,Milwaukee Brewers,San Francisco Giants,Milwaukee Brewers,3,0
2026-07-28,Cincinnati Reds,Cleveland Guardians,Cleveland Guardians,Cincinnati Reds,6,5
2026-07-28,Cincinnati Reds,Cleveland Guardians,Cincinnati Reds,Cleveland Guardians,2,0
2026-07-28,Detroit Tigers,Baltimore Orioles,Detroit Tigers,Baltimore Orioles,10,0
2026-07-28,Pittsburgh Pirates,Arizona Diamondbacks,Arizona Diamondbacks,Pittsburgh Pirates,8,7
2026-07-28,Tampa Bay Rays,Texas Rangers,Texas Rangers,Tampa Bay Rays,4,1
2026-07-28,Miami Marlins,Philadelphia Phillies,Miami Marlins,Philadelphia Phillies,1,0
2026-07-28,Washington Nationals,Toronto Blue Jays,Washington Nationals,Toronto Blue Jays,8,6
2026-07-28,Minnesota Twins,Kansas City Royals,Minnesota Twins,Kansas City Royals,3,2
2026-07-28,Chicago White Sox,New York Yankees,New York Yankees,Chicago White Sox,3,2
2026-07-28,St. Louis Cardinals,Chicago Cubs,Chicago Cubs,St. Louis Cardinals,10,2
2026-07-28,Los Angeles Angels,Houston Astros,Houston Astros,Los Angeles Angels,3,2
2026-07-28,Athletics,Boston Red Sox,Athletics,Boston Red Sox,4,3
2026-07-28,San Diego Padres,Colorado Rockies,San Diego Padres,Colorado Rockies,8,7
2026-07-28,San Francisco Giants,Milwaukee Brewers,Milwaukee Brewers,San Francisco Giants,8,2
2026-07-28,Los Angeles Dodgers,Seattle Mariners,Seattle Mariners,Los Angeles Dodgers,7,6
2026-07-29,Miami Marlins,Philadelphia Phillies,Miami Marlins,Philadelphia Phillies,8,6
2026-07-29,Pittsburgh Pirates,Arizona Diamondbacks,Arizona Diamondbacks,Pittsburgh Pirates,3,0
2026-07-29,Washington Nationals,Toronto Blue Jays,Toronto Blue Jays,Washington Nationals,5,2
2026-07-29,Detroit Tigers,Baltimore Orioles,Baltimore Orioles,Detroit Tigers,10,9
2026-07-29,New York Mets,Atlanta Braves,New York Mets,Atlanta Braves,3,2
2026-07-29,New York Mets,Atlanta Braves,Atlanta Braves,New York Mets,1,0
2026-07-29,San Francisco Giants,Milwaukee Brewers,San Francisco Giants,Milwaukee Brewers,13,3
2026-07-29,San Diego Padres,Colorado Rockies,San Diego Padres,Colorado Rockies,3,1
2026-07-29,Tampa Bay Rays,Texas Rangers,Tampa Bay Rays,Texas Rangers,3,0
2026-07-29,Cincinnati Reds,Cleveland Guardians,Cleveland Guardians,Cincinnati Reds,6,1
2026-07-29,Minnesota Twins,Kansas City Royals,Kansas City Royals,Minnesota Twins,4,0
2026-07-29,Chicago White Sox,New York Yankees,Chicago White Sox,New York Yankees,6,5
2026-07-29,St. Louis Cardinals,Chicago Cubs,St. Louis Cardinals,Chicago Cubs,3,2
2026-07-29,Los Angeles Angels,Houston Astros,Houston Astros,Los Angeles Angels,7,4
2026-07-29,Athletics,Boston Red Sox,Boston Red Sox,Athletics,4,2
2026-07-29,Los Angeles Dodgers,Seattle Mariners,Los Angeles Dodgers,Seattle Mariners,4,2
2026-07-30,Tampa Bay Rays,Texas Rangers,Tampa Bay Rays,Texas Rangers,3,2
2026-07-30,Minnesota Twins,Kansas City Royals,Minnesota Twins,Kansas City Royals,4,3
2026-07-30,Chicago White Sox,New York Yankees,Chicago White Sox,New York Yankees,2,1
2026-07-30,St. Louis Cardinals,Chicago Cubs,Chicago Cubs,St. Louis Cardinals,4,2
2026-07-30,Cincinnati Reds,Pittsburgh Pirates,Cincinnati Reds,Pittsburgh Pirates,3,2
2026-07-30,New York Mets,Miami Marlins,New York Mets,Miami Marlins,4,2
2026-07-30,Atlanta Braves,Washington Nationals,Atlanta Braves,Washington Nationals,5,4
2026-07-30,Athletics,Boston Red Sox,Boston Red Sox,Athletics,5,4
2026-07-30,San Diego Padres,San Francisco Giants,San Francisco Giants,San Diego Padres,4,1
2026-07-30,Los Angeles Dodgers,Seattle Mariners,Los Angeles Dodgers,Seattle Mariners,6,2
2026-07-31,Chicago Cubs,New York Yankees,New York Yankees,Chicago Cubs,2,0
2026-07-31,Cincinnati Reds,Pittsburgh Pirates,Cincinnati Reds,Pittsburgh Pirates,8,7
2026-07-31,Baltimore Orioles,Philadelphia Phillies,Baltimore Orioles,Philadelphia Phillies,6,4
2026-07-31,Toronto Blue Jays,St. Louis Cardinals,Toronto Blue Jays,St. Louis Cardinals,3,1
2026-07-31,Cleveland Guardians,Arizona Diamondbacks,Arizona Diamondbacks,Cleveland Guardians,4,1
2026-07-31,Tampa Bay Rays,Chicago White Sox,Chicago White Sox,Tampa Bay Rays,6,1
2026-07-31,New York Mets,Miami Marlins,Miami Marlins,New York Mets,5,2
2026-07-31,Atlanta Braves,Washington Nationals,Atlanta Braves,Washington Nationals,6,2
2026-07-31,Houston Astros,Texas Rangers,Houston Astros,Texas Rangers,11,2
2026-07-31,Colorado Rockies,Kansas City Royals,Colorado Rockies,Kansas City Royals,3,1
2026-07-31,Los Angeles Angels,Milwaukee Brewers,Milwaukee Brewers,Los Angeles Angels,6,2
2026-07-31,Athletics,Detroit Tigers,Detroit Tigers,Athletics,11,1
2026-07-31,San Diego Padres,San Francisco Giants,San Diego Padres,San Francisco Giants,7,0
2026-07-31,Los Angeles Dodgers,Boston Red Sox,Boston Red Sox,Los Angeles Dodgers,9,4
2026-07-31,Seattle Mariners,Minnesota Twins,Minnesota Twins,Seattle Mariners,5,3
2026-08-01,Toronto Blue Jays,St. Louis Cardinals,Toronto Blue Jays,St. Louis Cardinals,5,1
2026-08-01,Seattle Mariners,Minnesota Twins,Seattle Mariners,Minnesota Twins,4,3
2026-08-01,Tampa Bay Rays,Chicago White Sox,Tampa Bay Rays,Chicago White Sox,1,0
2026-08-01,New York Mets,Miami Marlins,Miami Marlins,New York Mets,6,2
2026-08-01,Cincinnati Reds,Pittsburgh Pirates,Pittsburgh Pirates,Cincinnati Reds,4,1
2026-08-01,Baltimore Orioles,Philadelphia Phillies,Philadelphia Phillies,Baltimore Orioles,5,0
2026-08-01,Houston Astros,Texas Rangers,Houston Astros,Texas Rangers,5,4
2026-08-01,Cleveland Guardians,Arizona Diamondbacks,Arizona Diamondbacks,Cleveland Guardians,12,8
2026-08-01,Atlanta Braves,Washington Nationals,Atlanta Braves,Washington Nationals,8,3
2026-08-01,Chicago Cubs,New York Yankees,Chicago Cubs,New York Yankees,5,2
2026-08-01,Colorado Rockies,Kansas City Royals,Colorado Rockies,Kansas City Royals,12,6
2026-08-01,San Diego Padres,San Francisco Giants,San Diego Padres,San Francisco Giants,6,5
2026-08-01,Los Angeles Dodgers,Boston Red Sox,Boston Red Sox,Los Angeles Dodgers,3,2
2026-08-01,Los Angeles Angels,Milwaukee Brewers,Milwaukee Brewers,Los Angeles Angels,3,1
2026-08-01,Athletics,Detroit Tigers,Detroit Tigers,Athletics,8,6
2026-08-02,Baltimore Orioles,Philadelphia Phillies,Philadelphia Phillies,Baltimore Orioles,8,0
2026-08-02,Atlanta Braves,Washington Nationals,Atlanta Braves,Washington Nationals,4,2
2026-08-02,Toronto Blue Jays,St. Louis Cardinals,St. Louis Cardinals,Toronto Blue Jays,5,1
2026-08-02,Cleveland Guardians,Arizona Diamondbacks,Cleveland Guardians,Arizona Diamondbacks,5,0
2026-08-02,Cincinnati Reds,Pittsburgh Pirates,Cincinnati Reds,Pittsburgh Pirates,10,2
2026-08-02,Tampa Bay Rays,Chicago White Sox,Chicago White Sox,Tampa Bay Rays,9,1
2026-08-02,New York Mets,Miami Marlins,Miami Marlins,New York Mets,2,0
2026-08-02,Houston Astros,Texas Rangers,Houston Astros,Texas Rangers,7,3
2026-08-02,Chicago Cubs,New York Yankees,New York Yankees,Chicago Cubs,2,1
2026-08-02,Colorado Rockies,Kansas City Royals,Colorado Rockies,Kansas City Royals,8,1
2026-08-02,Los Angeles Angels,Milwaukee Brewers,Los Angeles Angels,Milwaukee Brewers,3,0
2026-08-02,Athletics,Detroit Tigers,Detroit Tigers,Athletics,10,0
2026-08-02,San Diego Padres,San Francisco Giants,San Diego Padres,San Francisco Giants,5,4
2026-08-02,Seattle Mariners,Minnesota Twins,Seattle Mariners,Minnesota Twins,7,6
2026-08-02,Los Angeles Dodgers,Boston Red Sox,Boston Red Sox,Los Angeles Dodgers,8,4
2026-08-03,Philadelphia Phillies,Washington Nationals,Philadelphia Phillies,Washington Nationals,6,3
2026-08-03,New York Yankees,St. Louis Cardinals,St. Louis Cardinals,New York Yankees,13,7
2026-08-03,Milwaukee Brewers,Pittsburgh Pirates,Pittsburgh Pirates,Milwaukee Brewers,4,3
2026-08-03,Chicago Cubs,Los Angeles Dodgers,Chicago Cubs,Los Angeles Dodgers,10,5
2026-08-03,Texas Rangers,San Francisco Giants,San Francisco Giants,Texas Rangers,5,1
2026-08-03,Houston Astros,Toronto Blue Jays,Toronto Blue Jays,Houston Astros,3,1
2026-08-03,Colorado Rockies,Tampa Bay Rays,Tampa Bay Rays,Colorado Rockies,13,9
2026-08-03,Arizona Diamondbacks,San Diego Padres,Arizona Diamondbacks,San Diego Padres,5,1
2026-08-04,Baltimore Orioles,Los Angeles Angels,Baltimore Orioles,Los Angeles Angels,3,1
2026-08-04,Cleveland Guardians,New York Mets,New York Mets,Cleveland Guardians,6,2
2026-08-04,Cincinnati Reds,Athletics,Cincinnati Reds,Athletics,5,4
2026-08-04,Philadelphia Phillies,Washington Nationals,Philadelphia Phillies,Washington Nationals,5,0
2026-08-04,New York Yankees,St. Louis Cardinals,New York Yankees,St. Louis Cardinals,2,0
2026-08-04,Boston Red Sox,Chicago White Sox,Boston Red Sox,Chicago White Sox,12,2
2026-08-04,Atlanta Braves,Miami Marlins,Atlanta Braves,Miami Marlins,4,2
2026-08-04,Kansas City Royals,Minnesota Twins,Kansas City Royals,Minnesota Twins,8,2
2026-08-04,Milwaukee Brewers,Pittsburgh Pirates,Milwaukee Brewers,Pittsburgh Pirates,4,2
2026-08-04,Chicago Cubs,Los Angeles Dodgers,Chicago Cubs,Los Angeles Dodgers,5,1
2026-08-04,Texas Rangers,San Francisco Giants,Texas Rangers,San Francisco Giants,5,4
2026-08-04,Houston Astros,Toronto Blue Jays,Houston Astros,Toronto Blue Jays,7,2
2026-08-04,Colorado Rockies,Tampa Bay Rays,Tampa Bay Rays,Colorado Rockies,9,7
2026-08-04,Arizona Diamondbacks,San Diego Padres,San Diego Padres,Arizona Diamondbacks,9,4
2026-08-04,Seattle Mariners,Detroit Tigers,Detroit Tigers,Seattle Mariners,8,0
2026-08-05,Houston Astros,Toronto Blue Jays,Toronto Blue Jays,Houston Astros,5,4
2026-08-05,Chicago Cubs,Los Angeles Dodgers,Chicago Cubs,Los Angeles Dodgers,7,6
2026-08-05,Texas Rangers,San Francisco Giants,Texas Rangers,San Francisco Giants,6,0
2026-08-05,Colorado Rockies,Tampa Bay Rays,Tampa Bay Rays,Colorado Rockies,4,0
2026-08-05,Baltimore Orioles,Los Angeles Angels,Baltimore Orioles,Los Angeles Angels,5,2
2026-08-05,Cleveland Guardians,New York Mets,New York Mets,Cleveland Guardians,6,5
2026-08-05,Cincinnati Reds,Athletics,Cincinnati Reds,Athletics,3,2
2026-08-05,Philadelphia Phillies,Washington Nationals,Washington Nationals,Philadelphia Phillies,10,4
2026-08-05,New York Yankees,St. Louis Cardinals,St. Louis Cardinals,New York Yankees,3,1
2026-08-05,Boston Red Sox,Chicago White Sox,Boston Red Sox,Chicago White Sox,4,0
2026-08-05,Atlanta Braves,Miami Marlins,Atlanta Braves,Miami Marlins,4,1
2026-08-05,Kansas City Royals,Minnesota Twins,Kansas City Royals,Minnesota Twins,2,1
2026-08-05,Milwaukee Brewers,Pittsburgh Pirates,Milwaukee Brewers,Pittsburgh Pirates,4,2
2026-08-05,Arizona Diamondbacks,San Diego Padres,Arizona Diamondbacks,San Diego Padres,10,4
2026-08-05,Seattle Mariners,Detroit Tigers,Seattle Mariners,Detroit Tigers,4,2
2026-08-06,Baltimore Orioles,Los Angeles Angels,Los Angeles Angels,Baltimore Orioles,4,1
2026-08-06,Cincinnati Reds,Athletics,Cincinnati Reds,Athletics,6,5
2026-08-06,Cleveland Guardians,New York Mets,New York Mets,Cleveland Guardians,13,6
2026-08-06,Milwaukee Brewers,Pittsburgh Pirates,Milwaukee Brewers,Pittsburgh Pirates,5,2
2026-08-06,Chicago Cubs,Toronto Blue Jays,Chicago Cubs,Toronto Blue Jays,3,2
2026-08-06,Seattle Mariners,Detroit Tigers,Detroit Tigers,Seattle Mariners,10,0
2026-08-06,Philadelphia Phillies,Washington Nationals,Philadelphia Phillies,Washington Nationals,7,3
2026-08-06,Boston Red Sox,Chicago White Sox,Boston Red Sox,Chicago White Sox,12,11
2026-08-06,Atlanta Braves,Miami Marlins,Atlanta Braves,Miami Marlins,11,3
2026-08-06,Kansas City Royals,Minnesota Twins,Minnesota Twins,Kansas City Royals,4,3
2026-08-06,Arizona Diamondbacks,San Diego Padres,San Diego Padres,Arizona Diamondbacks,5,1
2026-08-07,Pittsburgh Pirates,New York Mets,New York Mets,Pittsburgh Pirates,6,4
2026-08-07,Philadelphia Phillies,Toronto Blue Jays,Toronto Blue Jays,Philadelphia Phillies,5,4
2026-08-07,Washington Nationals,Cincinnati Reds,Washington Nationals,Cincinnati Reds,5,3
2026-08-07,New York Yankees,Atlanta Braves,New York Yankees,Atlanta Braves,3,2
2026-08-07,Boston Red Sox,Athletics,Boston Red Sox,Athletics,11,1
2026-08-07,Miami Marlins,Los Angeles Angels,Los Angeles Angels,Miami Marlins,4,3
2026-08-07,Chicago White Sox,Cleveland Guardians,Cleveland Guardians,Chicago White Sox,8,2
2026-08-07,Milwaukee Brewers,Minnesota Twins,Minnesota Twins,Milwaukee Brewers,8,6
2026-08-07,Kansas City Royals,Chicago Cubs,Chicago Cubs,Kansas City Royals,6,4
2026-08-07,St. Louis Cardinals,Colorado Rockies,St. Louis Cardinals,Colorado Rockies,3,2
2026-08-07,Texas Rangers,Baltimore Orioles,Texas Rangers,Baltimore Orioles,2,1
2026-08-07,Arizona Diamondbacks,Los Angeles Dodgers,Arizona Diamondbacks,Los Angeles Dodgers,4,3
2026-08-07,San Diego Padres,Houston Astros,Houston Astros,San Diego Padres,6,3
2026-08-07,Seattle Mariners,Tampa Bay Rays,Tampa Bay Rays,Seattle Mariners,2,1
2026-08-07,San Francisco Giants,Detroit Tigers,San Francisco Giants,Detroit Tigers,5,2
2026-08-08,New York Yankees,Atlanta Braves,New York Yankees,Atlanta Braves,5,4
2026-08-08,Boston Red Sox,Athletics,Athletics,Boston Red Sox,7,3
2026-08-08,Miami Marlins,Los Angeles Angels,Miami Marlins,Los Angeles Angels,7,0
2026-08-08,Philadelphia Phillies,Toronto Blue Jays,Toronto Blue Jays,Philadelphia Phillies,7,5
2026-08-08,Pittsburgh Pirates,New York Mets,Pittsburgh Pirates,New York Mets,9,0
2026-08-08,Washington Nationals,Cincinnati Reds,Washington Nationals,Cincinnati Reds,8,2
2026-08-08,Kansas City Royals,Chicago Cubs,Kansas City Royals,Chicago Cubs,6,3
2026-08-08,Milwaukee Brewers,Minnesota Twins,Milwaukee Brewers,Minnesota Twins,4,3
2026-08-08,San Diego Padres,Houston Astros,San Diego Padres,Houston Astros,3,2
2026-08-08,San Francisco Giants,Detroit Tigers,Detroit Tigers,San Francisco Giants,8,0
2026-08-08,St. Louis Cardinals,Colorado Rockies,Colorado Rockies,St. Louis Cardinals,8,6
2026-08-08,Texas Rangers,Baltimore Orioles,Texas Rangers,Baltimore Orioles,5,1
2026-08-08,Chicago White Sox,Cleveland Guardians,Chicago White Sox,Cleveland Guardians,6,3
2026-08-08,Arizona Diamondbacks,Los Angeles Dodgers,Los Angeles Dodgers,Arizona Diamondbacks,2,1
2026-08-08,Seattle Mariners,Tampa Bay Rays,Tampa Bay Rays,Seattle Mariners,3,2
2026-08-09,Washington Nationals,Cincinnati Reds,Washington Nationals,Cincinnati Reds,7,1
2026-08-09,Boston Red Sox,Athletics,Athletics,Boston Red Sox,4,3
2026-08-09,Pittsburgh Pirates,New York Mets,New York Mets,Pittsburgh Pirates,11,1
2026-08-09,Philadelphia Phillies,Toronto Blue Jays,Philadelphia Phillies,Toronto Blue Jays,7,6
2026-08-09,New York Yankees,Atlanta Braves,Atlanta Braves,New York Yankees,2,1
2026-08-09,Miami Marlins,Los Angeles Angels,Miami Marlins,Los Angeles Angels,12,3
2026-08-09,Kansas City Royals,Chicago Cubs,Chicago Cubs,Kansas City Royals,10,2
2026-08-09,Chicago White Sox,Cleveland Guardians,Chicago White Sox,Cleveland Guardians,5,3
2026-08-09,Milwaukee Brewers,Minnesota Twins,Milwaukee Brewers,Minnesota Twins,4,3
2026-08-09,St. Louis Cardinals,Colorado Rockies,St. Louis Cardinals,Colorado Rockies,7,4
2026-08-09,Texas Rangers,Baltimore Orioles,Baltimore Orioles,Texas Rangers,10,5
2026-08-09,San Francisco Giants,Detroit Tigers,Detroit Tigers,San Francisco Giants,3,1
2026-08-09,Arizona Diamondbacks,Los Angeles Dodgers,Arizona Diamondbacks,Los Angeles Dodgers,4,2
2026-08-09,Seattle Mariners,Tampa Bay Rays,Tampa Bay Rays,Seattle Mariners,4,1
2026-08-09,San Diego Padres,Houston Astros,San Diego Padres,Houston Astros,7,2
2026-08-10,Toronto Blue Jays,Boston Red Sox,Toronto Blue Jays,Boston Red Sox,2,1
2026-08-10,Atlanta Braves,New York Mets,New York Mets,Atlanta Braves,8,5
2026-08-10,Minnesota Twins,Baltimore Orioles,Minnesota Twins,Baltimore Orioles,9,5
2026-08-10,St. Louis Cardinals,Philadelphia Phillies,Philadelphia Phillies,St. Louis Cardinals,6,5
2026-08-10,Los Angeles Angels,Texas Rangers,Texas Rangers,Los Angeles Angels,4,1
2026-08-10,Arizona Diamondbacks,Colorado Rockies,Arizona Diamondbacks,Colorado Rockies,9,0
2026-08-10,Athletics,Tampa Bay Rays,Tampa Bay Rays,Athletics,10,6
2026-08-10,San Diego Padres,Milwaukee Brewers,San Diego Padres,Milwaukee Brewers,3,2
2026-08-10,San Francisco Giants,Houston Astros,Houston Astros,San Francisco Giants,6,3
2026-08-10,Los Angeles Dodgers,Kansas City Royals,Los Angeles Dodgers,Kansas City Royals,6,5
2026-08-11,Detroit Tigers,Cleveland Guardians,Detroit Tigers,Cleveland Guardians,6,4
2026-08-11,Miami Marlins,Pittsburgh Pirates,Miami Marlins,Pittsburgh Pirates,2,0
2026-08-11,Washington Nationals,Chicago Cubs,Chicago Cubs,Washington Nationals,8,6
2026-08-11,New York Yankees,Seattle Mariners,New York Yankees,Seattle Mariners,4,1
2026-08-11,Toronto Blue Jays,Boston Red Sox,Toronto Blue Jays,Boston Red Sox,5,3
2026-08-11,Atlanta Braves,New York Mets,Atlanta Braves,New York Mets,4,0
2026-08-11,Minnesota Twins,Baltimore Orioles,Baltimore Orioles,Minnesota Twins,5,2
2026-08-11,Chicago White Sox,Cincinnati Reds,Cincinnati Reds,Chicago White Sox,5,4
2026-08-11,St. Louis Cardinals,Philadelphia Phillies,St. Louis Cardinals,Philadelphia Phillies,2,0
2026-08-11,Los Angeles Angels,Texas Rangers,Los Angeles Angels,Texas Rangers,3,2
2026-08-11,Arizona Diamondbacks,Colorado Rockies,Colorado Rockies,Arizona Diamondbacks,3,2
2026-08-11,Athletics,Tampa Bay Rays,Tampa Bay Rays,Athletics,12,4
2026-08-11,San Diego Padres,Milwaukee Brewers,San Diego Padres,Milwaukee Brewers,11,2
2026-08-11,San Francisco Giants,Houston Astros,San Francisco Giants,Houston Astros,4,1
2026-08-11,Los Angeles Dodgers,Kansas City Royals,Los Angeles Dodgers,Kansas City Royals,5,4
2026-08-12,Minnesota Twins,Baltimore Orioles,Minnesota Twins,Baltimore Orioles,7,5
2026-08-12,St. Louis Cardinals,Philadelphia Phillies,St. Louis Cardinals,Philadelphia Phillies,7,1
2026-08-12,Athletics,Tampa Bay Rays,Tampa Bay Rays,Athletics,8,4
2026-08-12,Arizona Diamondbacks,Colorado Rockies,Colorado Rockies,Arizona Diamondbacks,6,4
2026-08-12,San Francisco Giants,Houston Astros,Houston Astros,San Francisco Giants,2,1
2026-08-12,San Diego Padres,Milwaukee Brewers,San Diego Padres,Milwaukee Brewers,4,3
2026-08-12,Detroit Tigers,Cleveland Guardians,Cleveland Guardians,Detroit Tigers,6,4
2026-08-12,Miami Marlins,Pittsburgh Pirates,Miami Marlins,Pittsburgh Pirates,8,2
2026-08-12,Washington Nationals,Chicago Cubs,Chicago Cubs,Washington Nationals,12,6
2026-08-12,New York Yankees,Seattle Mariners,New York Yankees,Seattle Mariners,10,5
2026-08-12,Toronto Blue Jays,Boston Red Sox,Toronto Blue Jays,Boston Red Sox,6,4
2026-08-12,Atlanta Braves,New York Mets,Atlanta Braves,New York Mets,6,3
2026-08-12,Chicago White Sox,Cincinnati Reds,Chicago White Sox,Cincinnati Reds,5,0
2026-08-12,Los Angeles Dodgers,Kansas City Royals,Los Angeles Dodgers,Kansas City Royals,4,2
2026-08-12,Los Angeles Angels,Texas Rangers,Los Angeles Angels,Texas Rangers,5,2
2026-08-13,Detroit Tigers,Cleveland Guardians,Detroit Tigers,Cleveland Guardians,3,0
2026-08-13,Chicago White Sox,Cincinnati Reds,Cincinnati Reds,Chicago White Sox,9,8
2026-08-13,Miami Marlins,Pittsburgh Pirates,Pittsburgh Pirates,Miami Marlins,11,1
2026-08-13,New York Yankees,Seattle Mariners,Seattle Mariners,New York Yankees,1,0
2026-08-13,Toronto Blue Jays,Boston Red Sox,Boston Red Sox,Toronto Blue Jays,7,0
2026-08-13,Washington Nationals,Chicago Cubs,Washington Nationals,Chicago Cubs,7,0
2026-08-13,Minnesota Twins,Philadelphia Phillies,Philadelphia Phillies,Minnesota Twins,7,1
2026-08-13,Los Angeles Angels,Texas Rangers,Los Angeles Angels,Texas Rangers,7,0
2026-08-13,Los Angeles Dodgers,Milwaukee Brewers,Milwaukee Brewers,Los Angeles Dodgers,5,4
2026-08-14,Chicago Cubs,St. Louis Cardinals,Chicago Cubs,St. Louis Cardinals,3,0
2026-08-14,Cincinnati Reds,Miami Marlins,Cincinnati Reds,Miami Marlins,1,0
2026-08-14,Pittsburgh Pirates,Boston Red Sox,Pittsburgh Pirates,Boston Red Sox,8,4
2026-08-14,Detroit Tigers,Chicago White Sox,Chicago White Sox,Detroit Tigers,9,5
2026-08-14,New York Mets,Washington Nationals,New York Mets,Washington Nationals,4,1
2026-08-14,Cleveland Guardians,San Diego Padres,San Diego Padres,Cleveland Guardians,7,5
2026-08-14,Tampa Bay Rays,Baltimore Orioles,Baltimore Orioles,Tampa Bay Rays,6,5
2026-08-14,Atlanta Braves,Arizona Diamondbacks,Arizona Diamondbacks,Atlanta Braves,2,0
2026-08-14,Toronto Blue Jays,New York Yankees,Toronto Blue Jays,New York Yankees,3,1
2026-08-14,Houston Astros,Seattle Mariners,Houston Astros,Seattle Mariners,10,7
2026-08-14,Los Angeles Angels,Kansas City Royals,Kansas City Royals,Los Angeles Angels,7,6
2026-08-14,Athletics,Texas Rangers,Athletics,Texas Rangers,8,3
2026-08-14,Los Angeles Dodgers,Milwaukee Brewers,Los Angeles Dodgers,Milwaukee Brewers,3,1
2026-08-14,San Francisco Giants,Colorado Rockies,Colorado Rockies,San Francisco Giants,5,2
2026-08-15,Detroit Tigers,Chicago White Sox,Chicago White Sox,Detroit Tigers,4,3
2026-08-15,Chicago Cubs,St. Louis Cardinals,St. Louis Cardinals,Chicago Cubs,8,4
2026-08-15,Toronto Blue Jays,New York Yankees,Toronto Blue Jays,New York Yankees,4,1
2026-08-15,San Francisco Giants,Colorado Rockies,San Francisco Giants,Colorado Rockies,7,1
2026-08-15,New York Mets,Washington Nationals,New York Mets,Washington Nationals,5,4
2026-08-15,Tampa Bay Rays,Baltimore Orioles,Baltimore Orioles,Tampa Bay Rays,4,3
2026-08-15,Cincinnati Reds,Miami Marlins,Miami Marlins,Cincinnati Reds,8,4
2026-08-15,Cleveland Guardians,San Diego Padres,Cleveland Guardians,San Diego Padres,6,1
2026-08-15,Houston Astros,Seattle Mariners,Seattle Mariners,Houston Astros,10,5
2026-08-15,Minnesota Twins,Philadelphia Phillies,Philadelphia Phillies,Minnesota Twins,9,1
2026-08-15,Pittsburgh Pirates,Boston Red Sox,Boston Red Sox,Pittsburgh Pirates,4,0
2026-08-15,Atlanta Braves,Arizona Diamondbacks,Arizona Diamondbacks,Atlanta Braves,10,3
2026-08-15,Los Angeles Dodgers,Milwaukee Brewers,Milwaukee Brewers,Los Angeles Dodgers,4,1
2026-08-15,Los Angeles Angels,Kansas City Royals,Los Angeles Angels,Kansas City Royals,1,0
2026-08-15,Athletics,Texas Rangers,Texas Rangers,Athletics,5,3
2026-08-16,Tampa Bay Rays,Baltimore Orioles,Baltimore Orioles,Tampa Bay Rays,10,2
2026-08-16,Pittsburgh Pirates,Boston Red Sox,Pittsburgh Pirates,Boston Red Sox,8,3
2026-08-16,Atlanta Braves,Arizona Diamondbacks,Atlanta Braves,Arizona Diamondbacks,5,3
2026-08-16,Toronto Blue Jays,New York Yankees,New York Yankees,Toronto Blue Jays,4,3
2026-08-16,New York Mets,Washington Nationals,New York Mets,Washington Nationals,4,3
2026-08-16,Cleveland Guardians,San Diego Padres,San Diego Padres,Cleveland Guardians,5,0
2026-08-16,Detroit Tigers,Chicago White Sox,Chicago White Sox,Detroit Tigers,7,5
2026-08-16,Cincinnati Reds,Miami Marlins,Miami Marlins,Cincinnati Reds,7,1
2026-08-16,Minnesota Twins,Philadelphia Phillies,Philadelphia Phillies,Minnesota Twins,7,5
2026-08-16,Chicago Cubs,St. Louis Cardinals,St. Louis Cardinals,Chicago Cubs,11,4
2026-08-16,San Francisco Giants,Colorado Rockies,Colorado Rockies,San Francisco Giants,13,7
2026-08-16,Athletics,Texas Rangers,Athletics,Texas Rangers,5,2
2026-08-16,Los Angeles Angels,Kansas City Royals,Kansas City Royals,Los Angeles Angels,3,0
2026-08-16,Los Angeles Dodgers,Milwaukee Brewers,Milwaukee Brewers,Los Angeles Dodgers,6,2
2026-08-16,Houston Astros,Seattle Mariners,Seattle Mariners,Houston Astros,3,2
2026-08-17,Cincinnati Reds,St. Louis Cardinals,St. Louis Cardinals,Cincinnati Reds,2,1
2026-08-17,Cincinnati Reds,St. Louis Cardinals,Cincinnati Reds,St. Louis Cardinals,6,5
2026-08-17,Tampa Bay Rays,Baltimore Orioles,Tampa Bay Rays,Baltimore Orioles,7,6
2026-08-17,Philadelphia Phillies,Miami Marlins,Philadelphia Phillies,Miami Marlins,6,5
2026-08-17,Pittsburgh Pirates,Detroit Tigers,Detroit Tigers,Pittsburgh Pirates,8,5
2026-08-17,Boston Red Sox,Arizona Diamondbacks,Boston Red Sox,Arizona Diamondbacks,11,1
2026-08-17,New York Mets,San Diego Padres,New York Mets,San Diego Padres,2,1
2026-08-17,Kansas City Royals,Athletics,Kansas City Royals,Athletics,9,5
2026-08-17,Minnesota Twins,Atlanta Braves,Minnesota Twins,Atlanta Braves,4,2
2026-08-17,Chicago Cubs,Chicago White Sox,Chicago Cubs,Chicago White Sox,7,5
2026-08-17,Colorado Rockies,Los Angeles Dodgers,Los Angeles Dodgers,Colorado Rockies,11,5
2026-08-18,Baltimore Orioles,New York Yankees,New York Yankees,Baltimore Orioles,3,1
2026-08-18,Pittsburgh Pirates,Detroit Tigers,Pittsburgh Pirates,Detroit Tigers,4,1
2026-08-18,Cleveland Guardians,San Francisco Giants,Cleveland Guardians,San Francisco Giants,8,1
2026-08-18,Cincinnati Reds,St. Louis Cardinals,St. Louis Cardinals,Cincinnati Reds,3,0
2026-08-18,Tampa Bay Rays,Toronto Blue Jays,Toronto Blue Jays,Tampa Bay Rays,10,5
2026-08-18,Philadelphia Phillies,Miami Marlins,Philadelphia Phillies,Miami Marlins,6,4
2026-08-18,Boston Red Sox,Arizona Diamondbacks,Boston Red Sox,Arizona Diamondbacks,9,4
2026-08-18,New York Mets,San Diego Padres,San Diego Padres,New York Mets,5,2
2026-08-18,Kansas City Royals,Athletics,Kansas City Royals,Athletics,4,3
2026-08-18,Minnesota Twins,Atlanta Braves,Minnesota Twins,Atlanta Braves,4,1
2026-08-18,Milwaukee Brewers,Seattle Mariners,Milwaukee Brewers,Seattle Mariners,10,0
2026-08-18,Texas Rangers,Washington Nationals,Texas Rangers,Washington Nationals,5,0
2026-08-18,Chicago Cubs,Chicago White Sox,Chicago Cubs,Chicago White Sox,4,3
2026-08-18,Houston Astros,Los Angeles Angels,Los Angeles Angels,Houston Astros,3,1
2026-08-18,Colorado Rockies,Los Angeles Dodgers,Los Angeles Dodgers,Colorado Rockies,7,6
2026-08-19,Pittsburgh Pirates,Detroit Tigers,Pittsburgh Pirates,Detroit Tigers,4,3
2026-08-19,New York Mets,San Diego Padres,New York Mets,San Diego Padres,4,2
2026-08-19,Minnesota Twins,Atlanta Braves,Minnesota Twins,Atlanta Braves,6,4
2026-08-19,Chicago Cubs,Chicago White Sox,Chicago White Sox,Chicago Cubs,3,0
2026-08-19,Boston Red Sox,Arizona Diamondbacks,Arizona Diamondbacks,Boston Red Sox,7,6
2026-08-19,Philadelphia Phillies,Miami Marlins,Philadelphia Phillies,Miami Marlins,4,1
2026-08-19,Baltimore Orioles,New York Yankees,New York Yankees,Baltimore Orioles,5,3
2026-08-19,Cleveland Guardians,San Francisco Giants,San Francisco Giants,Cleveland Guardians,1,0
2026-08-19,Cincinnati Reds,St. Louis Cardinals,Cincinnati Reds,St. Louis Cardinals,5,4
2026-08-19,Tampa Bay Rays,Toronto Blue Jays,Tampa Bay Rays,Toronto Blue Jays,7,6
2026-08-19,Kansas City Royals,Athletics,Kansas City Royals,Athletics,9,7
2026-08-19,Milwaukee Brewers,Seattle Mariners,Seattle Mariners,Milwaukee Brewers,7,5
2026-08-19,Texas Rangers,Washington Nationals,Washington Nationals,Texas Rangers,6,0
2026-08-19,Houston Astros,Los Angeles Angels,Houston Astros,Los Angeles Angels,3,2
2026-08-19,Colorado Rockies,Los Angeles Dodgers,Los Angeles Dodgers,Colorado Rockies,6,4
2026-08-20,Cincinnati Reds,St. Louis Cardinals,St. Louis Cardinals,Cincinnati Reds,10,9
2026-08-20,Cleveland Guardians,San Francisco Giants,Cleveland Guardians,San Francisco Giants,5,2
2026-08-20,Tampa Bay Rays,Toronto Blue Jays,Toronto Blue Jays,Tampa Bay Rays,5,1
2026-08-20,Kansas City Royals,Athletics,Kansas City Royals,Athletics,6,2
2026-08-20,Chicago White Sox,Atlanta Braves,Atlanta Braves,Chicago White Sox,2,0
2026-08-20,Milwaukee Brewers,Seattle Mariners,Milwaukee Brewers,Seattle Mariners,7,4
2026-08-20,Baltimore Orioles,New York Yankees,New York Yankees,Baltimore Orioles,6,1
2026-08-20,Texas Rangers,Washington Nationals,Texas Rangers,Washington Nationals,2,0
2026-08-20,Houston Astros,Los Angeles Angels,Los Angeles Angels,Houston Astros,13,3
2026-08-21,Milwaukee Brewers,Atlanta Braves,Milwaukee Brewers,Atlanta Braves,2,1
2026-08-21,Philadelphia Phillies,St. Louis Cardinals,Philadelphia Phillies,St. Louis Cardinals,7,6
2026-08-21,New York Yankees,Toronto Blue Jays,New York Yankees,Toronto Blue Jays,3,1
2026-08-21,Boston Red Sox,San Francisco Giants,Boston Red Sox,San Francisco Giants,6,4
2026-08-21,Miami Marlins,Washington Nationals,Miami Marlins,Washington Nationals,3,2
2026-08-21,Baltimore Orioles,Tampa Bay Rays,Baltimore Orioles,Tampa Bay Rays,5,3
2026-08-21,Chicago White Sox,New York Mets,Chicago White Sox,New York Mets,6,4
2026-08-21,Kansas City Royals,Detroit Tigers,Kansas City Royals,Detroit Tigers,5,2
2026-08-21,Houston Astros,Athletics,Houston Astros,Athletics,4,0
2026-08-21,Texas Rangers,Los Angeles Angels,Texas Rangers,Los Angeles Angels,2,1
2026-08-21,Colorado Rockies,Cleveland Guardians,Cleveland Guardians,Colorado Rockies,9,1
2026-08-21,Arizona Diamondbacks,Cincinnati Reds,Arizona Diamondbacks,Cincinnati Reds,9,0
2026-08-21,San Diego Padres,Minnesota Twins,San Diego Padres,Minnesota Twins,6,2
2026-08-21,Los Angeles Dodgers,Pittsburgh Pirates,Los Angeles Dodgers,Pittsburgh Pirates,5,4
2026-08-21,Seattle Mariners,Chicago Cubs,Seattle Mariners,Chicago Cubs,6,5
2026-08-22,New York Yankees,Toronto Blue Jays,Toronto Blue Jays,New York Yankees,4,3
2026-08-22,Milwaukee Brewers,Atlanta Braves,Milwaukee Brewers,Atlanta Braves,4,1
2026-08-22,Miami Marlins,Washington Nationals,Miami Marlins,Washington Nationals,4,2
2026-08-22,Philadelphia Phillies,St. Louis Cardinals,Philadelphia Phillies,St. Louis Cardinals,12,3
2026-08-22,Baltimore Orioles,Tampa Bay Rays,Baltimore Orioles,Tampa Bay Rays,3,2
2026-08-22,Texas Rangers,Los Angeles Angels,Los Angeles Angels,Texas Rangers,3,0
2026-08-22,Houston Astros,Athletics,Athletics,Houston Astros,4,3
2026-08-22,Chicago White Sox,New York Mets,New York Mets,Chicago White Sox,10,5
2026-08-22,Kansas City Royals,Detroit Tigers,Kansas City Royals,Detroit Tigers,3,1
2026-08-22,Los Angeles Dodgers,Pittsburgh Pirates,Los Angeles Dodgers,Pittsburgh Pirates,4,3
2026-08-22,Seattle Mariners,Chicago Cubs,Seattle Mariners,Chicago Cubs,5,4
2026-08-22,Boston Red Sox,San Francisco Giants,Boston Red Sox,San Francisco Giants,3,2
2026-08-22,Arizona Diamondbacks,Cincinnati Reds,Cincinnati Reds,Arizona Diamondbacks,11,5
2026-08-22,Colorado Rockies,Cleveland Guardians,Cleveland Guardians,Colorado Rockies,4,3
2026-08-22,San Diego Padres,Minnesota Twins,San Diego Padres,Minnesota Twins,7,5
2026-08-23,Baltimore Orioles,Tampa Bay Rays,Tampa Bay Rays,Baltimore Orioles,3,1
2026-08-23,Philadelphia Phillies,St. Louis Cardinals,Philadelphia Phillies,St. Louis Cardinals,6,4
2026-08-23,New York Yankees,Toronto Blue Jays,New York Yankees,Toronto Blue Jays,8,3
2026-08-23,Miami Marlins,Washington Nationals,Miami Marlins,Washington Nationals,6,2
2026-08-23,Kansas City Royals,Detroit Tigers,Kansas City Royals,Detroit Tigers,11,7
2026-08-23,Houston Astros,Athletics,Athletics,Houston Astros,7,6
2026-08-23,Chicago White Sox,New York Mets,Chicago White Sox,New York Mets,2,1
2026-08-23,Texas Rangers,Los Angeles Angels,Texas Rangers,Los Angeles Angels,5,3
2026-08-23,Colorado Rockies,Cleveland Guardians,Cleveland Guardians,Colorado Rockies,7,2
2026-08-23,Boston Red Sox,San Francisco Giants,Boston Red Sox,San Francisco Giants,5,4
2026-08-23,Los Angeles Dodgers,Pittsburgh Pirates,Los Angeles Dodgers,Pittsburgh Pirates,4,0
2026-08-23,Seattle Mariners,Chicago Cubs,Chicago Cubs,Seattle Mariners,12,2
2026-08-23,San Diego Padres,Minnesota Twins,San Diego Padres,Minnesota Twins,8,1
2026-08-23,Arizona Diamondbacks,Cincinnati Reds,Arizona Diamondbacks,Cincinnati Reds,5,3
2026-08-23,Milwaukee Brewers,Atlanta Braves,Atlanta Braves,Milwaukee Brewers,4,2
2026-08-24,Detroit Tigers,Tampa Bay Rays,Tampa Bay Rays,Detroit Tigers,4,1
2026-08-24,Miami Marlins,Boston Red Sox,Boston Red Sox,Miami Marlins,4,2
2026-08-24,Washington Nationals,Colorado Rockies,Washington Nationals,Colorado Rockies,13,3
2026-08-24,Chicago White Sox,Texas Rangers,Texas Rangers,Chicago White Sox,11,2
2026-08-24,Los Angeles Angels,Cleveland Guardians,Cleveland Guardians,Los Angeles Angels,4,2
2026-08-24,Arizona Diamondbacks,Chicago Cubs,Chicago Cubs,Arizona Diamondbacks,7,0
2026-08-24,San Diego Padres,Pittsburgh Pirates,Pittsburgh Pirates,San Diego Padres,3,2
2026-08-24,Athletics,Minnesota Twins,Minnesota Twins,Athletics,9,6
2026-08-24,Seattle Mariners,Philadelphia Phillies,Seattle Mariners,Philadelphia Phillies,9,2
2026-08-24,San Francisco Giants,Cincinnati Reds,San Francisco Giants,Cincinnati Reds,5,0
2026-08-25,Detroit Tigers,Tampa Bay Rays,Detroit Tigers,Tampa Bay Rays,4,1
2026-08-25,Miami Marlins,Boston Red Sox,Boston Red Sox,Miami Marlins,7,3
2026-08-25,Washington Nationals,Colorado Rockies,Colorado Rockies,Washington Nationals,3,1
2026-08-25,New York Yankees,Houston Astros,Houston Astros,New York Yankees,9,7
2026-08-25,Toronto Blue Jays,Kansas City Royals,Kansas City Royals,Toronto Blue Jays,5,3
2026-08-25,New York Mets,Milwaukee Brewers,New York Mets,Milwaukee Brewers,3,2
2026-08-25,Atlanta Braves,Los Angeles Dodgers,Atlanta Braves,Los Angeles Dodgers,4,3
2026-08-25,Chicago White Sox,Texas Rangers,Chicago White Sox,Texas Rangers,11,7
2026-08-25,St. Louis Cardinals,Baltimore Orioles,Baltimore Orioles,St. Louis Cardinals,11,1
2026-08-25,Los Angeles Angels,Cleveland Guardians,Cleveland Guardians,Los Angeles Angels,8,6
2026-08-25,Arizona Diamondbacks,Chicago Cubs,Arizona Diamondbacks,Chicago Cubs,5,4
2026-08-25,San Diego Padres,Pittsburgh Pirates,Pittsburgh Pirates,San Diego Padres,1,0
2026-08-25,Athletics,Minnesota Twins,Athletics,Minnesota Twins,4,2
2026-08-25,Seattle Mariners,Philadelphia Phillies,Seattle Mariners,Philadelphia Phillies,4,1
2026-08-25,San Francisco Giants,Cincinnati Reds,San Francisco Giants,Cincinnati Reds,3,1
2026-08-26,Detroit Tigers,Tampa Bay Rays,Tampa Bay Rays,Detroit Tigers,3,0
2026-08-26,Arizona Diamondbacks,Chicago Cubs,Arizona Diamondbacks,Chicago Cubs,2,0
2026-08-26,San Francisco Giants,Cincinnati Reds,Cincinnati Reds,San Francisco Giants,10,9
2026-08-26,Los Angeles Angels,Cleveland Guardians,Cleveland Guardians,Los Angeles Angels,4,3
2026-08-26,San Diego Padres,Pittsburgh Pirates,San Diego Padres,Pittsburgh Pirates,3,0
2026-08-26,Seattle Mariners,Philadelphia Phillies,Philadelphia Phillies,Seattle Mariners,6,0
2026-08-26,Miami Marlins,Boston Red Sox,Miami Marlins,Boston Red Sox,4,0
2026-08-26,Washington Nationals,Colorado Rockies,Colorado Rockies,Washington Nationals,11,1
2026-08-26,New York Yankees,Houston Astros,New York Yankees,Houston Astros,9,3
2026-08-26,Toronto Blue Jays,Kansas City Royals,Toronto Blue Jays,Kansas City Royals,3,0
2026-08-26,New York Mets,Milwaukee Brewers,Milwaukee Brewers,New York Mets,8,1
2026-08-26,Atlanta Braves,Los Angeles Dodgers,Atlanta Braves,Los Angeles Dodgers,6,5
2026-08-26,Chicago White Sox,Texas Rangers,Chicago White Sox,Texas Rangers,10,4
2026-08-26,St. Louis Cardinals,Baltimore Orioles,Baltimore Orioles,St. Louis Cardinals,8,7
2026-08-26,Athletics,Minnesota Twins,Athletics,Minnesota Twins,7,4
2026-08-27,Washington Nationals,Colorado Rockies,Washington Nationals,Colorado Rockies,7,1
2026-08-27,St. Louis Cardinals,Baltimore Orioles,St. Louis Cardinals,Baltimore Orioles,7,5
2026-08-27,New York Yankees,Houston Astros,Houston Astros,New York Yankees,5,1
2026-08-27,Toronto Blue Jays,Kansas City Royals,Kansas City Royals,Toronto Blue Jays,12,2
2026-08-27,New York Mets,Milwaukee Brewers,Milwaukee Brewers,New York Mets,8,2
2026-08-27,Atlanta Braves,Los Angeles Dodgers,Atlanta Braves,Los Angeles Dodgers,1,0
2026-08-27,San Francisco Giants,Arizona Diamondbacks,San Francisco Giants,Arizona Diamondbacks,6,1
2026-08-28,Chicago Cubs,Cincinnati Reds,Cincinnati Reds,Chicago Cubs,10,8
2026-08-28,Detroit Tigers,Los Angeles Dodgers,Los Angeles Dodgers,Detroit Tigers,2,1
2026-08-28,Washington Nationals,Miami Marlins,Washington Nationals,Miami Marlins,9,2
2026-08-28,Cleveland Guardians,Kansas City Royals,Kansas City Royals,Cleveland Guardians,3,0
2026-08-28,New York Mets,Houston Astros,Houston Astros,New York Mets,3,1
2026-08-28,Tampa Bay Rays,San Diego Padres,Tampa Bay Rays,San Diego Padres,9,4
2026-08-28,Toronto Blue Jays,Seattle Mariners,Toronto Blue Jays,Seattle Mariners,8,1
2026-08-28,Atlanta Braves,Colorado Rockies,Atlanta Braves,Colorado Rockies,6,4
2026-08-28,New York Yankees,Boston Red Sox,New York Yankees,Boston Red Sox,1,0
2026-08-28,Milwaukee Brewers,Texas Rangers,Milwaukee Brewers,Texas Rangers,6,1
2026-08-28,Minnesota Twins,Chicago White Sox,Chicago White Sox,Minnesota Twins,7,4
2026-08-28,St. Louis Cardinals,Pittsburgh Pirates,St. Louis Cardinals,Pittsburgh Pirates,4,1
2026-08-28,Los Angeles Angels,Philadelphia Phillies,Philadelphia Phillies,Los Angeles Angels,5,3
2026-08-28,Athletics,Baltimore Orioles,Baltimore Orioles,Athletics,4,3
2026-08-28,San Francisco Giants,Arizona Diamondbacks,Arizona Diamondbacks,San Francisco Giants,10,6
2026-08-29,New York Yankees,Boston Red Sox,Boston Red Sox,New York Yankees,6,0
2026-08-29,New York Yankees,Boston Red Sox,New York Yankees,Boston Red Sox,9,2
2026-08-29,Detroit Tigers,Los Angeles Dodgers,Detroit Tigers,Los Angeles Dodgers,2,1
2026-08-29,Minnesota Twins,Chicago White Sox,Chicago White Sox,Minnesota Twins,3,2
2026-08-29,St. Louis Cardinals,Pittsburgh Pirates,Pittsburgh Pirates,St. Louis Cardinals,6,2
2026-08-29,Chicago Cubs,Cincinnati Reds,Chicago Cubs,Cincinnati Reds,15,5
2026-08-29,Toronto Blue Jays,Seattle Mariners,Toronto Blue Jays,Seattle Mariners,4,3
2026-08-29,San Francisco Giants,Arizona Diamondbacks,Arizona Diamondbacks,San Francisco Giants,7,1
2026-08-29,San Francisco Giants,Arizona Diamondbacks,San Francisco Giants,Arizona Diamondbacks,7,2
2026-08-29,Washington Nationals,Miami Marlins,Washington Nationals,Miami Marlins,5,4
2026-08-29,Cleveland Guardians,Kansas City Royals,Kansas City Royals,Cleveland Guardians,8,3
2026-08-29,New York Mets,Houston Astros,New York Mets,Houston Astros,6,2
2026-08-29,Tampa Bay Rays,San Diego Padres,Tampa Bay Rays,San Diego Padres,7,6
2026-08-29,Atlanta Braves,Colorado Rockies,Atlanta Braves,Colorado Rockies,2,1
2026-08-29,Milwaukee Brewers,Texas Rangers,Milwaukee Brewers,Texas Rangers,5,3
2026-08-29,Athletics,Baltimore Orioles,Baltimore Orioles,Athletics,5,3
2026-08-29,Los Angeles Angels,Philadelphia Phillies,Philadelphia Phillies,Los Angeles Angels,4,2
2026-08-30,Washington Nationals,Miami Marlins,Miami Marlins,Washington Nationals,6,2
2026-08-30,Atlanta Braves,Colorado Rockies,Atlanta Braves,Colorado Rockies,3,2
2026-08-30,New York Yankees,Boston Red Sox,New York Yankees,Boston Red Sox,11,1
2026-08-30,Toronto Blue Jays,Seattle Mariners,Toronto Blue Jays,Seattle Mariners,7,0
2026-08-30,Cleveland Guardians,Kansas City Royals,Cleveland Guardians,Kansas City Royals,11,1
2026-08-30,Detroit Tigers,Los Angeles Dodgers,Los Angeles Dodgers,Detroit Tigers,6,1
2026-08-30,Tampa Bay Rays,San Diego Padres,Tampa Bay Rays,San Diego Padres,5,4
2026-08-30,Minnesota Twins,Chicago White Sox,Minnesota Twins,Chicago White Sox,5,1
2026-08-30,Milwaukee Brewers,Texas Rangers,Texas Rangers,Milwaukee Brewers,7,4
2026-08-30,St. Louis Cardinals,Pittsburgh Pirates,Pittsburgh Pirates,St. Louis Cardinals,5,4
2026-08-30,New York Mets,Houston Astros,Houston Astros,New York Mets,6,3
2026-08-30,Athletics,Baltimore Orioles,Baltimore Orioles,Athletics,8,5
2026-08-30,Los Angeles Angels,Philadelphia Phillies,Philadelphia Phillies,Los Angeles Angels,5,2
2026-08-30,Chicago Cubs,Cincinnati Reds,Cincinnati Reds,Chicago Cubs,7,5
2026-08-31,Atlanta Braves,San Francisco Giants,San Francisco Giants,Atlanta Braves,7,3
2026-08-31,Cincinnati Reds,San Diego Padres,San Diego Padres,Cincinnati Reds,5,0
2026-08-31,Tampa Bay Rays,New York Mets,New York Mets,Tampa Bay Rays,3,2
2026-08-31,Boston Red Sox,Seattle Mariners,Boston Red Sox,Seattle Mariners,9,8
2026-08-31,Washington Nationals,Miami Marlins,Washington Nationals,Miami Marlins,6,3
2026-08-31,Minnesota Twins,Detroit Tigers,Minnesota Twins,Detroit Tigers,11,1
2026-08-31,Chicago Cubs,Milwaukee Brewers,Chicago Cubs,Milwaukee Brewers,13,3
2026-08-31,Texas Rangers,Athletics,Texas Rangers,Athletics,8,1
2026-08-31,Houston Astros,Chicago White Sox,Houston Astros,Chicago White Sox,6,3
2026-08-31,Colorado Rockies,Baltimore Orioles,Baltimore Orioles,Colorado Rockies,2,1
2026-08-31,Los Angeles Angels,New York Yankees,Los Angeles Angels,New York Yankees,10,1
2026-08-31,Arizona Diamondbacks,Philadelphia Phillies,Philadelphia Phillies,Arizona Diamondbacks,2,1
2026-09-01,Cincinnati Reds,San Diego Padres,Cincinnati Reds,San Diego Padres,4,3
2026-09-01,Pittsburgh Pirates,San Francisco Giants,Pittsburgh Pirates,San Francisco Giants,13,12
2026-09-01,Tampa Bay Rays,New York Mets,Tampa Bay Rays,New York Mets,6,2
2026-09-01,Cleveland Guardians,Toronto Blue Jays,Cleveland Guardians,Toronto Blue Jays,6,1
2026-09-01,Boston Red Sox,Seattle Mariners,Seattle Mariners,Boston Red Sox,9,6
2026-09-01,Washington Nationals,Atlanta Braves,Washington Nationals,Atlanta Braves,9,5
2026-09-01,Minnesota Twins,Detroit Tigers,Minnesota Twins,Detroit Tigers,12,2
2026-09-01,Kansas City Royals,Miami Marlins,Miami Marlins,Kansas City Royals,6,3
2026-09-01,Chicago Cubs,Milwaukee Brewers,Milwaukee Brewers,Chicago Cubs,9,4
2026-09-01,Texas Rangers,Athletics,Texas Rangers,Athletics,8,5
2026-09-01,Houston Astros,Chicago White Sox,Chicago White Sox,Houston Astros,5,1
2026-09-01,Colorado Rockies,Baltimore Orioles,Colorado Rockies,Baltimore Orioles,4,2
2026-09-01,Los Angeles Angels,New York Yankees,New York Yankees,Los Angeles Angels,7,3
2026-09-01,Arizona Diamondbacks,Philadelphia Phillies,Philadelphia Phillies,Arizona Diamondbacks,7,1
2026-09-01,Los Angeles Dodgers,St. Louis Cardinals,St. Louis Cardinals,Los Angeles Dodgers,13,8
2026-09-02,Cincinnati Reds,San Diego Padres,Cincinnati Reds,San Diego Padres,7,3
2026-09-02,Washington Nationals,Atlanta Braves,Atlanta Braves,Washington Nationals,9,0
2026-09-02,Texas Rangers,Athletics,Athletics,Texas Rangers,9,2
2026-09-02,Colorado Rockies,Baltimore Orioles,Colorado Rockies,Baltimore Orioles,6,5
2026-09-02,Arizona Diamondbacks,Philadelphia Phillies,Arizona Diamondbacks,Philadelphia Phillies,1,0
2026-09-02,Boston Red Sox,Seattle Mariners,Seattle Mariners,Boston Red Sox,8,3
2026-09-02,Pittsburgh Pirates,San Francisco Giants,San Francisco Giants,Pittsburgh Pirates,5,4
2026-09-02,Tampa Bay Rays,New York Mets,New York Mets,Tampa Bay Rays,10,4
2026-09-02,Cleveland Guardians,Toronto Blue Jays,Toronto Blue Jays,Cleveland Guardians,10,0
2026-09-02,Minnesota Twins,Detroit Tigers,Detroit Tigers,Minnesota Twins,11,6
2026-09-02,Kansas City Royals,Miami Marlins,Miami Marlins,Kansas City Royals,9,6
2026-09-02,Chicago Cubs,Milwaukee Brewers,Milwaukee Brewers,Chicago Cubs,9,5
2026-09-02,Houston Astros,Chicago White Sox,Houston Astros,Chicago White Sox,2,0
2026-09-02,Los Angeles Angels,New York Yankees,New York Yankees,Los Angeles Angels,6,3
2026-09-02,Los Angeles Dodgers,St. Louis Cardinals,St. Louis Cardinals,Los Angeles Dodgers,8,6
2026-09-03,Pittsburgh Pirates,San Francisco Giants,Pittsburgh Pirates,San Francisco Giants,5,2
2026-09-03,Cleveland Guardians,Toronto Blue Jays,Toronto Blue Jays,Cleveland Guardians,6,3
2026-09-03,Houston Astros,Chicago White Sox,Houston Astros,Chicago White Sox,6,2
2026-09-03,Baltimore Orioles,Boston Red Sox,Boston Red Sox,Baltimore Orioles,6,5
2026-09-03,Chicago Cubs,Milwaukee Brewers,Chicago Cubs,Milwaukee Brewers,2,1
2026-09-03,Kansas City Royals,Miami Marlins,Kansas City Royals,Miami Marlins,7,3
2026-09-03,Texas Rangers,Tampa Bay Rays,Texas Rangers,Tampa Bay Rays,6,0
2026-09-03,Seattle Mariners,Athletics,Athletics,Seattle Mariners,7,4
2026-09-03,Los Angeles Dodgers,St. Louis Cardinals,Los Angeles Dodgers,St. Louis Cardinals,3,2
2026-09-04,Cleveland Guardians,Detroit Tigers,Cleveland Guardians,Detroit Tigers,7,6
2026-09-04,Cleveland Guardians,Detroit Tigers,Cleveland Guardians,Detroit Tigers,4,3
2026-09-04,Cincinnati Reds,Milwaukee Brewers,Milwaukee Brewers,Cincinnati Reds,10,7
2026-09-04,Philadelphia Phillies,Atlanta Braves,Atlanta Braves,Philadelphia Phillies,5,2
2026-09-04,Pittsburgh Pirates,Los Angeles Angels,Pittsburgh Pirates,Los Angeles Angels,1,0
2026-09-04,Baltimore Orioles,Boston Red Sox,Boston Red Sox,Baltimore Orioles,1,0
2026-09-04,New York Mets,San Francisco Giants,New York Mets,San Francisco Giants,10,6
2026-09-04,Miami Marlins,Chicago Cubs,Chicago Cubs,Miami Marlins,6,1
2026-09-04,Chicago White Sox,Minnesota Twins,Chicago White Sox,Minnesota Twins,4,1
2026-09-04,Texas Rangers,Tampa Bay Rays,Tampa Bay Rays,Texas Rangers,7,6
2026-09-04,Houston Astros,Arizona Diamondbacks,Houston Astros,Arizona Diamondbacks,3,1
2026-09-04,Kansas City Royals,Toronto Blue Jays,Toronto Blue Jays,Kansas City Royals,9,2
2026-09-04,Colorado Rockies,St. Louis Cardinals,St. Louis Cardinals,Colorado Rockies,7,6
2026-09-04,San Diego Padres,New York Yankees,San Diego Padres,New York Yankees,3,2
2026-09-04,Los Angeles Dodgers,Washington Nationals,Los Angeles Dodgers,Washington Nationals,5,3
2026-09-04,Seattle Mariners,Athletics,Athletics,Seattle Mariners,7,6
2026-09-05,New York Mets,San Francisco Giants,San Francisco Giants,New York Mets,9,5
2026-09-05,Miami Marlins,Chicago Cubs,Chicago Cubs,Miami Marlins,6,5
2026-09-05,Philadelphia Phillies,Atlanta Braves,Philadelphia Phillies,Atlanta Braves,4,2
2026-09-05,Cleveland Guardians,Detroit Tigers,Detroit Tigers,Cleveland Guardians,6,0
2026-09-05,Pittsburgh Pirates,Los Angeles Angels,Los Angeles Angels,Pittsburgh Pirates,6,1
2026-09-05,Cincinnati Reds,Milwaukee Brewers,Cincinnati Reds,Milwaukee Brewers,5,3
2026-09-05,Baltimore Orioles,Boston Red Sox,Boston Red Sox,Baltimore Orioles,5,0
2026-09-05,Texas Rangers,Tampa Bay Rays,Tampa Bay Rays,Texas Rangers,6,3
2026-09-05,Kansas City Royals,Toronto Blue Jays,Toronto Blue Jays,Kansas City Royals,4,3
2026-09-05,Chicago White Sox,Minnesota Twins,Minnesota Twins,Chicago White Sox,6,4
2026-09-05,Houston Astros,Arizona Diamondbacks,Arizona Diamondbacks,Houston Astros,4,3
2026-09-05,San Diego Padres,New York Yankees,New York Yankees,San Diego Padres,5,1
2026-09-05,Colorado Rockies,St. Louis Cardinals,Colorado Rockies,St. Louis Cardinals,10,7
2026-09-05,Los Angeles Dodgers,Washington Nationals,Los Angeles Dodgers,Washington Nationals,6,5
2026-09-05,Seattle Mariners,Athletics,Athletics,Seattle Mariners,6,2
2026-09-06,Cincinnati Reds,Milwaukee Brewers,Cincinnati Reds,Milwaukee Brewers,12,8
2026-09-06,Philadelphia Phillies,Atlanta Braves,Atlanta Braves,Philadelphia Phillies,5,4
2026-09-06,Baltimore Orioles,Boston Red Sox,Boston Red Sox,Baltimore Orioles,3,1
2026-09-06,Pittsburgh Pirates,Los Angeles Angels,Pittsburgh Pirates,Los Angeles Angels,1,0
2026-09-06,Cleveland Guardians,Detroit Tigers,Cleveland Guardians,Detroit Tigers,3,2
2026-09-06,New York Mets,San Francisco Giants,New York Mets,San Francisco Giants,4,2
2026-09-06,Miami Marlins,Chicago Cubs,Miami Marlins,Chicago Cubs,10,3
2026-09-06,Houston Astros,Arizona Diamondbacks,Arizona Diamondbacks,Houston Astros,3,2
2026-09-06,Kansas City Royals,Toronto Blue Jays,Kansas City Royals,Toronto Blue Jays,6,1
2026-09-06,Texas Rangers,Tampa Bay Rays,Texas Rangers,Tampa Bay Rays,8,6
2026-09-06,Colorado Rockies,St. Louis Cardinals,St. Louis Cardinals,Colorado Rockies,10,8
2026-09-06,Seattle Mariners,Athletics,Seattle Mariners,Athletics,2,0
2026-09-06,San Diego Padres,New York Yankees,San Diego Padres,New York Yankees,4,3
2026-09-06,Chicago White Sox,Minnesota Twins,Chicago White Sox,Minnesota Twins,10,1
2026-09-06,Los Angeles Dodgers,Washington Nationals,Los Angeles Dodgers,Washington Nationals,7,5
2026-09-07,Philadelphia Phillies,Atlanta Braves,Philadelphia Phillies,Atlanta Braves,1,0
2026-09-07,Miami Marlins,New York Mets,New York Mets,Miami Marlins,9,4
2026-09-07,Boston Red Sox,Los Angeles Angels,Boston Red Sox,Los Angeles Angels,5,2
2026-09-07,Baltimore Orioles,Cleveland Guardians,Baltimore Orioles,Cleveland Guardians,6,4
2026-09-07,Kansas City Royals,Arizona Diamondbacks,Arizona Diamondbacks,Kansas City Royals,5,4
2026-09-07,Milwaukee Brewers,Chicago Cubs,Milwaukee Brewers,Chicago Cubs,4,3
2026-09-07,Detroit Tigers,Minnesota Twins,Detroit Tigers,Minnesota Twins,5,4
2026-09-07,San Diego Padres,Washington Nationals,San Diego Padres,Washington Nationals,3,2
2026-09-07,San Francisco Giants,St. Louis Cardinals,San Francisco Giants,St. Louis Cardinals,5,4
2026-09-07,Los Angeles Dodgers,Cincinnati Reds,Los Angeles Dodgers,Cincinnati Reds,6,3
2026-09-07,Athletics,Toronto Blue Jays,Athletics,Toronto Blue Jays,6,5
2026-09-08,Baltimore Orioles,Cleveland Guardians,Cleveland Guardians,Baltimore Orioles,9,5
2026-09-08,Detroit Tigers,Minnesota Twins,Minnesota Twins,Detroit Tigers,3,2
2026-09-08,Philadelphia Phillies,Houston Astros,Houston Astros,Philadelphia Phillies,6,5
2026-09-08,Miami Marlins,New York Mets,New York Mets,Miami Marlins,7,5
2026-09-08,Boston Red Sox,Los Angeles Angels,Los Angeles Angels,Boston Red Sox,6,1
2026-09-08,New York Yankees,Colorado Rockies,New York Yankees,Colorado Rockies,5,3
2026-09-08,Atlanta Braves,Tampa Bay Rays,Tampa Bay Rays,Atlanta Braves,7,1
2026-09-08,Kansas City Royals,Arizona Diamondbacks,Arizona Diamondbacks,Kansas City Royals,5,3
2026-09-08,Chicago White Sox,Pittsburgh Pirates,Pittsburgh Pirates,Chicago White Sox,9,3
2026-09-08,Milwaukee Brewers,Chicago Cubs,Milwaukee Brewers,Chicago Cubs,4,3
2026-09-08,San Diego Padres,Washington Nationals,San Diego Padres,Washington Nationals,5,4
2026-09-08,Seattle Mariners,Texas Rangers,Texas Rangers,Seattle Mariners,10,5
2026-09-08,Athletics,Toronto Blue Jays,Toronto Blue Jays,Athletics,4,2
2026-09-08,San Francisco Giants,St. Louis Cardinals,San Francisco Giants,St. Louis Cardinals,2,1
2026-09-08,Los Angeles Dodgers,Cincinnati Reds,Los Angeles Dodgers,Cincinnati Reds,3,2
2026-09-09,Detroit Tigers,Minnesota Twins,Detroit Tigers,Minnesota Twins,7,2
2026-09-09,Athletics,Toronto Blue Jays,Athletics,Toronto Blue Jays,2,0
2026-09-09,San Francisco Giants,St. Louis Cardinals,San Francisco Giants,St. Louis Cardinals,7,6
2026-09-09,San Diego Padres,Washington Nationals,San Diego Padres,Washington Nationals,9,2
2026-09-09,Seattle Mariners,Texas Rangers,Seattle Mariners,Texas Rangers,3,2
2026-09-09,Baltimore Orioles,Cleveland Guardians,Baltimore Orioles,Cleveland Guardians,9,5
2026-09-09,Philadelphia Phillies,Houston Astros,Philadelphia Phillies,Houston Astros,11,7
2026-09-09,Miami Marlins,New York Mets,New York Mets,Miami Marlins,15,14
2026-09-09,Boston Red Sox,Los Angeles Angels,Los Angeles Angels,Boston Red Sox,6,4
2026-09-09,New York Yankees,Colorado Rockies,New York Yankees,Colorado Rockies,6,1
2026-09-09,Atlanta Braves,Tampa Bay Rays,Tampa Bay Rays,Atlanta Braves,7,2
2026-09-09,Kansas City Royals,Arizona Diamondbacks,Kansas City Royals,Arizona Diamondbacks,5,2
2026-09-09,Chicago White Sox,Pittsburgh Pirates,Pittsburgh Pirates,Chicago White Sox,4,2
2026-09-09,Milwaukee Brewers,Chicago Cubs,Milwaukee Brewers,Chicago Cubs,8,6
2026-09-09,Los Angeles Dodgers,Cincinnati Reds,Los Angeles Dodgers,Cincinnati Reds,11,1
2026-09-10,Atlanta Braves,Tampa Bay Rays,Atlanta Braves,Tampa Bay Rays,3,1
2026-09-10,Philadelphia Phillies,Houston Astros,Houston Astros,Philadelphia Phillies,2,1
2026-09-10,Seattle Mariners,Texas Rangers,Seattle Mariners,Texas Rangers,4,3
2026-09-10,New York Yankees,Colorado Rockies,New York Yankees,Colorado Rockies,10,3
2026-09-10,Chicago White Sox,Pittsburgh Pirates,Pittsburgh Pirates,Chicago White Sox,2,0
2026-09-11,Chicago Cubs,Pittsburgh Pirates,Chicago Cubs,Pittsburgh Pirates,12,2
2026-09-11,Detroit Tigers,Colorado Rockies,Detroit Tigers,Colorado Rockies,6,2
2026-09-11,Washington Nationals,Los Angeles Angels,Washington Nationals,Los Angeles Angels,4,3
2026-09-11,New York Yankees,New York Mets,New York Yankees,New York Mets,6,4
2026-09-11,Toronto Blue Jays,Baltimore Orioles,Baltimore Orioles,Toronto Blue Jays,7,4
2026-09-11,Boston Red Sox,Kansas City Royals,Kansas City Royals,Boston Red Sox,3,2
2026-09-11,Tampa Bay Rays,Houston Astros,Tampa Bay Rays,Houston Astros,3,1
2026-09-11,Miami Marlins,Los Angeles Dodgers,Los Angeles Dodgers,Miami Marlins,6,2
2026-09-11,Atlanta Braves,Philadelphia Phillies,Atlanta Braves,Philadelphia Phillies,6,5
2026-09-11,Milwaukee Brewers,Cincinnati Reds,Milwaukee Brewers,Cincinnati Reds,10,0
2026-09-11,Minnesota Twins,Cleveland Guardians,Cleveland Guardians,Minnesota Twins,5,2
2026-09-11,St. Louis Cardinals,Chicago White Sox,St. Louis Cardinals,Chicago White Sox,7,3
2026-09-11,Athletics,Seattle Mariners,Athletics,Seattle Mariners,6,5
2026-09-11,Arizona Diamondbacks,Texas Rangers,Arizona Diamondbacks,Texas Rangers,9,1
2026-09-11,San Francisco Giants,San Diego Padres,San Diego Padres,San Francisco Giants,7,5
2026-09-12,Detroit Tigers,Colorado Rockies,Detroit Tigers,Colorado Rockies,11,7
2026-09-12,New York Yankees,New York Mets,New York Mets,New York Yankees,12,2
2026-09-12,Chicago Cubs,Pittsburgh Pirates,Chicago Cubs,Pittsburgh Pirates,4,3
2026-09-12,Toronto Blue Jays,Baltimore Orioles,Toronto Blue Jays,Baltimore Orioles,7,3
2026-09-12,Washington Nationals,Los Angeles Angels,Washington Nationals,Los Angeles Angels,6,5
2026-09-12,San Francisco Giants,San Diego Padres,San Diego Padres,San Francisco Giants,7,6
2026-09-12,Boston Red Sox,Kansas City Royals,Boston Red Sox,Kansas City Royals,5,1
2026-09-12,Minnesota Twins,Cleveland Guardians,Minnesota Twins,Cleveland Guardians,4,3
2026-09-12,Miami Marlins,Los Angeles Dodgers,Miami Marlins,Los Angeles Dodgers,4,3
2026-09-12,Tampa Bay Rays,Houston Astros,Tampa Bay Rays,Houston Astros,3,2
2026-09-12,Milwaukee Brewers,Cincinnati Reds,Milwaukee Brewers,Cincinnati Reds,13,9
2026-09-12,Atlanta Braves,Philadelphia Phillies,Atlanta Braves,Philadelphia Phillies,12,2
2026-09-12,St. Louis Cardinals,Chicago White Sox,Chicago White Sox,St. Louis Cardinals,6,5
2026-09-12,Arizona Diamondbacks,Texas Rangers,Texas Rangers,Arizona Diamondbacks,6,2
2026-09-12,Athletics,Seattle Mariners,Seattle Mariners,Athletics,11,1
2026-09-13,Detroit Tigers,Colorado Rockies,Detroit Tigers,Colorado Rockies,8,1
2026-09-13,Washington Nationals,Los Angeles Angels,Washington Nationals,Los Angeles Angels,6,5
2026-09-13,Atlanta Braves,Philadelphia Phillies,Philadelphia Phillies,Atlanta Braves,9,4
2026-09-13,New York Yankees,New York Mets,New York Yankees,New York Mets,2,0
2026-09-13,Toronto Blue Jays,Baltimore Orioles,Toronto Blue Jays,Baltimore Orioles,8,1
2026-09-13,Tampa Bay Rays,Houston Astros,Tampa Bay Rays,Houston Astros,14,4
2026-09-13,Miami Marlins,Los Angeles Dodgers,Miami Marlins,Los Angeles Dodgers,6,4
2026-09-13,Minnesota Twins,Cleveland Guardians,Cleveland Guardians,Minnesota Twins,9,2
2026-09-13,Milwaukee Brewers,Cincinnati Reds,Cincinnati Reds,Milwaukee Brewers,4,3
2026-09-13,St. Louis Cardinals,Chicago White Sox,St. Louis Cardinals,Chicago White Sox,3,1
2026-09-13,Chicago Cubs,Pittsburgh Pirates,Pittsburgh Pirates,Chicago Cubs,4,3
2026-09-13,Boston Red Sox,Kansas City Royals,Boston Red Sox,Kansas City Royals,4,1
2026-09-13,Athletics,Seattle Mariners,Athletics,Seattle Mariners,8,7
2026-09-13,Arizona Diamondbacks,Texas Rangers,Texas Rangers,Arizona Diamondbacks,7,6
2026-09-13,San Francisco Giants,San Diego Padres,San Diego Padres,San Francisco Giants,6,4
2026-09-14,Cincinnati Reds,Los Angeles Dodgers,Los Angeles Dodgers,Cincinnati Reds,4,1
2026-09-14,Cleveland Guardians,Chicago White Sox,Chicago White Sox,Cleveland Guardians,7,3
2026-09-14,Toronto Blue Jays,Detroit Tigers,Detroit Tigers,Toronto Blue Jays,6,5
2026-09-14,New York Mets,Baltimore Orioles,Baltimore Orioles,New York Mets,2,1
2026-09-14,Chicago Cubs,Atlanta Braves,Chicago Cubs,Atlanta Braves,7,3
2026-09-14,Minnesota Twins,New York Yankees,New York Yankees,Minnesota Twins,8,3
2026-09-14,St. Louis Cardinals,San Francisco Giants,St. Louis Cardinals,San Francisco Giants,2,1
2026-09-14,Colorado Rockies,San Diego Padres,San Diego Padres,Colorado Rockies,8,7
2026-09-14,Los Angeles Angels,Seattle Mariners,Los Angeles Angels,Seattle Mariners,6,4
2026-09-14,Arizona Diamondbacks,Miami Marlins,Arizona Diamondbacks,Miami Marlins,8,7
2026-09-15,Cincinnati Reds,Los Angeles Dodgers,Los Angeles Dodgers,Cincinnati Reds,4,0
2026-09-15,Tampa Bay Rays,Athletics,Tampa Bay Rays,Athletics,2,1
2026-09-15,Cleveland Guardians,Chicago White Sox,Cleveland Guardians,Chicago White Sox,7,6
2026-09-15,Pittsburgh Pirates,Milwaukee Brewers,Milwaukee Brewers,Pittsburgh Pirates,5,1
2026-09-15,Washington Nationals,Philadelphia Phillies,Washington Nationals,Philadelphia Phillies,6,3
2026-09-15,Toronto Blue Jays,Detroit Tigers,Detroit Tigers,Toronto Blue Jays,10,1
2026-09-15,New York Mets,Baltimore Orioles,Baltimore Orioles,New York Mets,7,5
2026-09-15,Chicago Cubs,Atlanta Braves,Atlanta Braves,Chicago Cubs,6,3
2026-09-15,Minnesota Twins,New York Yankees,New York Yankees,Minnesota Twins,8,1
2026-09-15,St. Louis Cardinals,San Francisco Giants,San Francisco Giants,St. Louis Cardinals,10,3
2026-09-15,Texas Rangers,Boston Red Sox,Texas Rangers,Boston Red Sox,4,2
2026-09-15,Houston Astros,Kansas City Royals,Houston Astros,Kansas City Royals,4,2
2026-09-15,Colorado Rockies,San Diego Padres,Colorado Rockies,San Diego Padres,9,3
2026-09-15,Los Angeles Angels,Seattle Mariners,Los Angeles Angels,Seattle Mariners,2,1
2026-09-15,Arizona Diamondbacks,Miami Marlins,Miami Marlins,Arizona Diamondbacks,4,2
2026-09-16,Cleveland Guardians,Chicago White Sox,Cleveland Guardians,Chicago White Sox,6,3
2026-09-16,St. Louis Cardinals,San Francisco Giants,San Francisco Giants,St. Louis Cardinals,6,5
2026-09-16,Minnesota Twins,New York Yankees,Minnesota Twins,New York Yankees,5,4
2026-09-16,Toronto Blue Jays,Detroit Tigers,Toronto Blue Jays,Detroit Tigers,5,1
2026-09-16,Cincinnati Reds,Los Angeles Dodgers,Cincinnati Reds,Los Angeles Dodgers,6,2
2026-09-16,Tampa Bay Rays,Athletics,Tampa Bay Rays,Athletics,4,3
2026-09-16,Pittsburgh Pirates,Milwaukee Brewers,Milwaukee Brewers,Pittsburgh Pirates,5,4
2026-09-16,Washington Nationals,Philadelphia Phillies,Philadelphia Phillies,Washington Nationals,3,0
2026-09-16,New York Mets,Baltimore Orioles,Baltimore Orioles,New York Mets,7,1
2026-09-16,Chicago Cubs,Atlanta Braves,Chicago Cubs,Atlanta Braves,8,4
2026-09-16,Texas Rangers,Boston Red Sox,Texas Rangers,Boston Red Sox,7,3
2026-09-16,Houston Astros,Kansas City Royals,Kansas City Royals,Houston Astros,5,2
2026-09-16,Colorado Rockies,San Diego Padres,San Diego Padres,Colorado Rockies,9,3
2026-09-16,Los Angeles Angels,Seattle Mariners,Seattle Mariners,Los Angeles Angels,7,2
2026-09-16,Arizona Diamondbacks,Miami Marlins,Miami Marlins,Arizona Diamondbacks,4,3
2026-09-17,Pittsburgh Pirates,Milwaukee Brewers,Pittsburgh Pirates,Milwaukee Brewers,7,4
2026-09-17,Cincinnati Reds,Los Angeles Dodgers,Los Angeles Dodgers,Cincinnati Reds,8,2
2026-09-17,Tampa Bay Rays,Athletics,Tampa Bay Rays,Athletics,10,1
2026-09-17,Colorado Rockies,San Diego Padres,San Diego Padres,Colorado Rockies,9,2
2026-09-17,Houston Astros,Kansas City Royals,Houston Astros,Kansas City Royals,6,2
2026-09-17,New York Mets,Philadelphia Phillies,Philadelphia Phillies,New York Mets,3,0
2026-09-17,Chicago White Sox,Detroit Tigers,Chicago White Sox,Detroit Tigers,3,1
2026-09-17,Texas Rangers,Boston Red Sox,Boston Red Sox,Texas Rangers,4,3
2026-09-17,Los Angeles Angels,Minnesota Twins,Los Angeles Angels,Minnesota Twins,5,4
2026-09-18,Cincinnati Reds,Chicago Cubs,Cincinnati Reds,Chicago Cubs,6,4
2026-09-18,Pittsburgh Pirates,Kansas City Royals,Pittsburgh Pirates,Kansas City Royals,8,5
2026-09-18,Baltimore Orioles,Milwaukee Brewers,Milwaukee Brewers,Baltimore Orioles,6,5
2026-09-18,Cleveland Guardians,Athletics,Cleveland Guardians,Athletics,5,3
2026-09-18,Tampa Bay Rays,Boston Red Sox,Boston Red Sox,Tampa Bay Rays,4,2
2026-09-18,New York Mets,Philadelphia Phillies,New York Mets,Philadelphia Phillies,6,3
2026-09-18,Chicago White Sox,Detroit Tigers,Detroit Tigers,Chicago White Sox,11,8
2026-09-18,Texas Rangers,Toronto Blue Jays,Texas Rangers,Toronto Blue Jays,7,1
2026-09-18,Colorado Rockies,Seattle Mariners,Seattle Mariners,Colorado Rockies,5,4
2026-09-18,Houston Astros,Atlanta Braves,Atlanta Braves,Houston Astros,6,2
2026-09-18,St. Louis Cardinals,Washington Nationals,Washington Nationals,St. Louis Cardinals,9,1
2026-09-18,Los Angeles Angels,Minnesota Twins,Minnesota Twins,Los Angeles Angels,3,0
2026-09-18,San Diego Padres,Miami Marlins,San Diego Padres,Miami Marlins,8,2
2026-09-18,Arizona Diamondbacks,New York Yankees,New York Yankees,Arizona Diamondbacks,9,2
2026-09-18,Los Angeles Dodgers,San Francisco Giants,Los Angeles Dodgers,San Francisco Giants,8,2
2026-09-19,Chicago White Sox,Detroit Tigers,Chicago White Sox,Detroit Tigers,3,1
